6836081
7023800
6970891
7014075
6997005
7030930
7251644
6912104
7151794
7046653
7322678
7420938
7309098
7566716
7425906
7312125
7188036
7286731
7221392
7175592
7372850
7193008
7755707
7136729
7532987
7345787
6998390
6995006
7345787
7302361
6908412
7062370
7215508
7358044
6867118
8219342
7224133
8769999
7062370
8014167
8571927
7230241
7253724
7121045
6943678
7080693
7844817
7159983
7426943
7588608
7694866
7756713
7790889
8329656
8374058
8599532
8852827
7498459
7519050
7537213
7597362
7660007
7765480
7784680
7964711
7967265
7988363
8313312
8428138
8826505
8852826
8852828
8372244
8488610
8642358
8127567
8193179
8629271
7191173
7432297
8264368
8411194
8700559
7122599
8038158
8568757
7505503
7665903
8857008
7559198
7615840
7397112
7434544
7532363
7639758
7723139
6996282
7488286
7497962
7689902
7442495
7593576
7981232
7267854
7349782
7499248
7690642
7855588
7960085
8246683
8740051
6964601
7009072
7252853
7134538
7822246
8127379
7571462
7579569
7672161
7695314
7721346
7724324
7726945
7766442
7794711
7870972
7946947
7960138
8132914
8240599
8294641
8639910
8808499
8832284
7395479
7408611
7448518
7641444
7651897
7680102
7731814
7835249
8054159
8133118
8350073
8548642
8657279
7126549
7779677
7892207
8489656
7072765
7433084
7533448
7864282
8204561
8562801
8826424
7329180
7495566
7538056
7616833
7632190
7636191
7682596
7757989
7758537
7856180
8016606
8221294
8257981
8261037
8308869
8593875
8682430
8826561
7522474
7616846
7618780
7624901
7636214
7648443
7683461
7884859
7887176
7939055
8084160
8172220
8472108
8826562
7117579
8365780
8629303
7508659
7564118
7873400
6913774
7659721
8700622
8746661
8769901
8802899
6957834
7107695
7794129
7967339
7989661
8016574
8116345
8500872
8886187
7438218
7555363
7904213
7937381
8191718
8347999
8853093
7354299
7385618
7391623
7440778
7855610
8214625
7407598
7680005
7498883
7737511
7425513
7554961
8665409
7365528
7929588
8140330
8394821
8720833
7551533
7657069
7963173
7341302
7165684
7904164
7411719
6887492
7191078
7363749
8257224
7492136
7628850
7876971
7902707
7922056
8130892
8382186
8539706
7685450
7918799
7921447
8037746
7510565
7839210
8151729
7156818
7191939
7413127
7416814
7437433
7489480
7912345
8560309
8856134
7256814
7418319
8367318
7274796
7527415
7846696
6929907
7181221
7213480
7005793
7323630
6908785
7254101
7392844
7420016
7428862
7656565
7671193
7745325
7824233
7377402
7429601
7488043
7507026
7514579
7697169
7701393
7934684
7408394
7430395
8526518
7566044
7809763
7967822
7311415
8455255
7339846
7569814
6854618
7316909
7423102
8324215
7305619
6590379
6896355
7536943
7031536
7034608
7142153
7174697
6971723
7159983
7339452
7514617
8564151
7199277
7310274
7926575
8175199
7240669
7280398
7333585
7560040
8803084
8748811
7384508
7435180
7623480
7657226
8382622
8579993
8588349
7426572
7493114
7497138
7665120
7795385
8297979
8833814
8833818
7405050
8634270
8670962
7325484
7380992
8148496
8518181
8702789
7194664
7233931
7270329
7277302
8036885
8449421
7958048
8713283
8702790
6950289
8737152
7362116
7426762
7648713
7746126
8027409
8809330
7229050
7313350
7071203
7237773
7285902
6868233
7125822
7159998
7832183
8669435
8769921
6985445
7327458
8467783
7077891
7832085
7421799
7492248
7508965
7591253
7597417
7657654
7733948
7412665
7488121
7488623
7498727
7516779
7646912
7651585
8101624
7530088
7538558
7619495
7668463
7816442
8564757
7405118
7429687
7530004
7670355
7783416
7844969
7891264
7952360
8019348
8069362
8272907
8423140
7442370
7499126
7500274
7617020
7633663
7644298
7674837
7748237
7775885
7882159
8009484
8351011
8674521
7313111
7352760
7368211
7391993
7957761
7424426
7496395
7503878
7504812
7594825
7718491
7751966
7835006
7848167
8003796
8651178
7614163
7670501
7935369
8610464
7185756
7404699
7429785
7887370
7499112
7585340
7613834
7848699
7859854
7861777
7902061
8006411
8044512
8196395
8606870
7427701
7785731
8139229
8248475
7377622
8824995
7387638
7565030
7937288
7373205
7438648
7573378
7614161
7938493
8024464
8221157
7266539
7303617
7327057
7762171
7831409
8402404
8878516
8886181
6881832
7022642
7048946
7181209
7198558
7210957
8409342
8435439
8637790
7312814
6934330
7025736
7062151
7158898
7568284
7751382
7384544
7391906
8134236
6934315
7078238
7111449
7328720
7216060
7228454
7310766
7770003
7844817
8718409
8802887
7185256
7217035
7346998
7921600
7970967
7153867
7443105
8214498
6371726
6929403
6994946
7375512
7390907
7408702
7541318
7549490
7628947
7701717
7702100
7723604
7734184
7746095
7829878
8030168
8195394
8325837
7265650
6904831
7061190
7126790
7193697
8023327
8411194
8623868
7235878
7236095
7306776
7309378
7706853
7873713
8702798
6985910
7071463
7072244
7080762
7513364
7702005
8173917
7056527
7682243
7036787
7134672
7963282
7169486
7236977
7341318
6892146
7086170
7304173
6400634
6836503
7157793
8086885
6892503
6939594
7202796
7352077
7377053
7523521
7533930
7683133
7780210
7784834
7811233
8207613
7298408
7383137
7491086
7550163
7697162
7921247
8148475
8647719
7416209
7625534
7638295
7687921
7829363
8103473
8206949
8327910
8337410
7357434
7403937
8047434
8399889
8746727
7173241
7295156
7295316
7329972
7339408
7381915
7514247
7631081
7639967
7850656
8601022
7228694
7304343
7336175
7352374
7886838
8538176
7373187
7448435
7526837
7548038
7558470
7564685
7616941
7690789
7776102
7945667
8016702
8087475
7341438
7558410
7581076
7759196
7761204
7899711
8184278
7120198
7266136
7503473
7222449
7257451
7384882
7400897
7442559
7445099
7582752
8006775
8017651
8596175
7516037
7786142
8211783
7500656
7514168
7785372
7684565
7798499
7803673
7138873
7167282
7239476
7275336
7349312
7646586
7235666
7262884
7567727
7177840
7304970
8693829
7080370
7118012
7115776
8601059
7362090
7423339
7430609
7611642
7676546
7735240
7764001
7924382
7932883
8207486
8571397
7031966
8188042
7179633
7303438
7564903
8838517
7230306
7252270
7283778
7318321
7434206
8633492
8876040
7397432
7426763
7695674
7671582
7764753
7803525
7944814
8605296
7499475
8091329
8123639
7385589
7517591
7628216
7740921
7854612
8008727
8269723
8281316
8305709
8635808
8657030
8659450
6693147
6887941
7065833
7226507
7026434
7167896
7410424
7423355
7845230
8402922
7805555
8253600
8402680
8808446
7167931
7570444
7742030
8623891
7640572
7947734
8066137
8636165
8664494
7636606
7832113
7891136
8356756
8466797
7522253
7651450
7810251
8068136
8190406
7072513
7430735
7896435
8802920
7014067
7430735
7194748
7348492
7552513
7558049
7723058
7288137
7309456
7411639
7547644
6904038
6914961
7950938
8245858
6957632
6995471
7524337
7420110
7634618
7731515
7737394
7761331
7856295
7962497
8000292
8358139
8397289
7266130
7996015
7647568
7719159
7734427
7752243
7850657
7902728
7936406
7944297
8197067
7077520
7346385
7348178
7438469
7559706
7579337
7622783
7750255
7789443
7876760
7955508
8104478
8380406
8663682
7096890
6881358
7121665
7857896
7945101
7307671
7442122
8159726
8166348
7097539
7242414
7294067
7397957
7731544
8722367
7098283
6893705
7222159
7225495
7577143
8642396
6271769
6702591
6728371
6790527
6880150
6956943
7057989
8713254
8755427
7427454
7643693
7654980
7707031
7812930
7857130
7877364
8311424
7784530
7828688
7389304
7584013
7614270
8069354
8705348
7446904
7488956
7498714
7758626
7970860
7450298
8651537
7077398
7156416
7315434
7115024
7118245
7830122
7270150
7450704
8028288
7152619
7232987
7260244
7569967
7022295
7204717
6995810
7586027
7711070
7821084
7859654
7904113
7966167
8058898
8192100
8267515
8348594
7436526
7495687
7499324
7510074
7545418
7582389
7683619
7708812
8053766
8268819
8399632
7361114
7556008
7663234
7741197
7009047
7031923
7133643
7439494
7445291
7547237
7551518
7688679
8199447
7338845
7719005
7175733
7383872
7368200
7501802
7547354
7877847
8527580
8244783
7377735
7543105
7566529
7573786
7745254
8230531
8339921
7420656
7837827
7845869
7874202
7929328
8048731
7556333
7754410
8336563
8304258
8503078
8660091
8740858
7321320
7247561
7735050
8079479
8694167
7192126
7237161
7295500
7562619
7148428
7550059
7584657
8350950
8472855
6872211
7126088
7980629
6885567
7164156
7701229
8551158
8230503
8660945
7261207
7898615
8853030
6959039
7092710
7166642
7950504
8809492
7260448
7283664
7524356
8277575
6940446
7394884
7038175
7384517
7103883
7150813
7347863
7582734
7827372
8838643
7157369
7407590
7743376
7317530
7382607
8752944
7542596
7634017
7641256
7669713
7675141
7689079
7712398
7787257
7838445
8342166
6949430
8388086
7360322
7409988
7508711
7615840
7667458
7670693
7711757
7722920
7785399
7861836
7877271
8265237
8354722
8809339
8860867
7031342
7432668
7777460
7164499
7204377
7911618
7335596
7749714
8007737
8629319
6927826
7069021
7287738
8056032
7410077
7528235
7672727
8752682
7439228
7638773
7724153
8768120
7439265
7489385
7516578
7648250
7675443
7833213
7907413
8132568
8145626
8473874
8702037
7505634
7977221
8509872
8562471
6672371
7232297
7451556
7536609
7666132
8147775
7372943
7519430
7537131
7547871
7667697
8585410
6667215
7358195
7640337
7696978
7784521
7826795
7148509
7432208
7969616
8231857
7192268
7289635
7451062
7964689
7581770
7647467
7891118
7851952
7923473
7362165
7373979
7424747
7439625
7595393
7685088
7690898
7722478
8826403
7440627
7530090
7567333
7640118
7651871
7838907
7899241
7923959
8050603
7363923
7488803
7488933
7499233
7503636
7526115
7540134
7637885
7772565
8043173
8121298
8177925
8852841
6665081
7098685
7534731
6919149
6928587
7231597
7278507
7326574
7388102
7538137
7698045
8129416
8479976
8202225
7176016
7449003
8291652
8812333
8825032
6298936
6944053
7118258
7304725
7488260
7751395
7063553
7304508
7388833
8008184
6911500
7732768
7056098
7064239
7079348
7651896
7354956
7391313
7400783
7421524
7504777
7542122
7584242
7611864
7616626
7719138
7923038
8039724
8303980
7567277
7854853
8693228
7418600
7428225
7616611
7733870
7830299
8028491
8548387
8731272
7584576
7584937
7788078
7819356
8215905
7440045
8588622
7398837
7594194
7662865
7840109
8540843
7381315
7863540
8016476
7190467
7195146
7221455
7229635
7445158
7736356
7393282
6793076
7257720
7690609
7136860
7256488
7284724
7293157
7315550
7357428
7543426
7754420
7796964
7955357
8571178
7512245
7587288
7591578
7763818
8201220
8650768
7354501
7444114
7657139
7767755
7774939
8150244
8274499
8522883
7587331
7607223
7711299
8047079
7198361
7338144
7786806
6937342
7421602
7731842
7894633
6819353
6878081
7532396
7996903
8065305
7150462
7502111
8442982
6740105
7091093
7209000
7810889
6892271
6941339
7777665
7125459
7185580
7568205
7357902
7389824
7574942
7613864
7666215
8714728
7870231
7689522
7708913
7722260
7766992
8335536
8605252
7213888
7885672
8001207
8644688
7357909
7504433
7646283
7682856
7388763
7403915
7423146
7452344
7489614
7517858
7565040
7587684
7593856
7618991
7761351
7809905
7890494
7978472
8826730
7028405
7072534
7318589
7911443
8838392
7409073
7447847
7499527
7529997
7530292
7534790
7626757
7669103
7679104
7756263
7810864
7931203
8080855
8161842
8173889
8692107
8826731
6607072
6809271
6932130
6976748
7080413
7129205
7168968
7196434
7378997
7505144
7584934
7635869
7645651
7812646
7903277
8248869
8600795
7497679
7662493
7669600
7903959
7973296
8802707
6400106
6905904
7338598
7572275
7587721
8146155
8709263
7425725
7513839
7539547
7647013
7662800
7693835
7785742
8756136
7263230
6720274
7068640
7275000
7627137
7099085
8624120
6833840
7143092
7344165
7361822
8145110
8317407
8800467
8856762
6953301
7108380
7181444
7390802
7570766
7879940
8049324
6927702
6978329
7053849
7116738
8878576
7321589
7842691
6891563
7329890
7900221
6573225
6883233
7040523
7081937
8880894
7152524
7287903
7332802
7431981
7618648
8433488
7904735
7917581
7936950
7342393
7409263
7592422
7672120
7672273
7689262
7834038
8168751
8481226
8548489
7177622
7215658
7323113
7392124
7433032
7858460
8052997
8674701
7395656
7490622
7533640
8204323
7182225
7375894
7495368
8052963
8701866
7360804
7381221
7437710
7519296
7583289
7656844
7671584
8047274
8757788
8771528
7255792
7295507
7496098
7923386
8044445
7525268
7828056
8108421
8674553
7430699
7571220
7722906
7810898
7933261
7411579
7523803
7599942
7636272
7811659
8287601
7490632
7577975
7819936
8223647
7191750
7393004
7535667
7591522
7662825
7670507
7680806
7387285
7889096
8257779
8378131
8615262
7426370
7556304
7587669
7655671
7669785
7818957
7882996
8046114
7555424
7360209
7423960
7425776
7622808
7632181
7937677
8524344
7406320
7608469
7663160
7678066
7788451
7830163
8162484
8610037
7170738
7321490
7375988
7790434
8397382
7114761
7121342
7254884
7148585
7521791
7526415
7002106
7014995
7098057
7067069
7140866
7217818
7226526
7270455
7295581
7338559
7392246
8099426
8472280
8642624
7112483
7173977
7255290
7260005
7329051
8637904
6883112
7520152
6910361
6961216
7018803
7191836
7829564
6963386
6984171
7001192
7021495
7129181
7190347
6892447
6978409
7055857
6979274
8568591
6862568
6983235
7316140
7486995
8149668
6961192
6963903
7157993
7184337
7572468
6671618
6939015
7181868
7427980
7516915
8451912
6965127
7972508
8686535
7264113
7596459
7195325
7337721
7205076
7307400
7310136
7488531
7582708
7656115
7905492
8852921
7261107
7372540
7970697
6922822
7129918
7307271
8629175
7029392
7096248
7150944
7185604
7979547
7550460
7825900
7027853
7590574
7658168
7723489
7759488
7908198
8585311
7611162
7627023
7673717
7694663
7910980
8108918
8738499
7621245
7760388
8354698
8357130
7365541
7384134
7400949
7407481
7431243
7444129
7523825
7568450
7600301
7645674
7692112
7755796
8313974
7429276
7448936
7628233
7700500
7791283
7807023
7903314
7929452
8740709
8888022
6897320
7933484
7447803
7513537
7514278
7583535
7382374
7571332
7593247
7493536
7535059
7566734
7610078
7621551
7955555
8016146
8451784
8811507
7342697
7612515
7747143
7748802
7902647
8876209
7848435
7848474
8132479
8853186
7521261
7743398
8485345
7220280
7405861
7520910
7141968
7393515
8872286
7545363
6943514
6986346
6990666
7084592
7391991
7392222
7407524
7427742
7533055
7538754
7558265
7577215
7586047
7602630
7609834
7625641
7629954
7750278
8381896
8800025
6975940
6993867
7416992
7450746
7521242
7527686
7563145
7586642
7588463
7612869
7615375
7727957
7739499
7763298
7822720
7984410
8390015
8876020
8876022
8897637
7202593
7387683
7393169
7423899
7425800
7443965
7445267
7488971
7526448
7548081
7551956
7642749
7680524
7704943
7710680
7784793
7820708
7883458
8363746
6833840
7187156
7241312
7254369
7308089
7392118
7413109
7778822
7838967
7906395
7438674
7553005
7098478
7382344
7493659
7707379
7707914
7712932
7848687
7895369
7218272
7337397
7341041
7389742
7569482
7812197
8076516
8146854
6928734
7015176
7032569
8116991
6651661
6873086
7124669
7162113
7373882
7416622
8416314
8559295
8867434
6800138
6945418
7149874
7197182
7388875
7795634
8063428
8838457
8876023
7035013
7145658
7145678
8838458
6899967
7085652
7506658
7433178
7447294
7644315
7826847
8167580
8167642
7408988
7497829
8038504
7404118
7489434
7493391
7549113
7858167
8014582
8838398
8850196
7256892
7360784
7442880
7443472
7555205
7678373
7139825
7318280
7437958
7885752
7245610
7341537
7374989
7672386
7732599
7883456
7194439
7375827
7699011
8030649
8167115
7420282
8866807
6993751
7097524
7378585
7415522
7425093
7554772
7570374
7688333
7807164
7830144
7951842
8040030
8167757
8213958
8327856
8344912
8351272
7882301
8038502
8240068
8526879
8878851
7348792
7427405
7427444
7518714
7528720
7558691
7560258
7561602
7583112
7596135
7650907
7673050
7826131
7936112
7975753
8589031
8800056
7510155
7199560
7215756
7350173
6987597
7127423
7556815
7515414
7547032
7578051
7697137
7958606
8005793
8633757
6756397
7196921
7550052
7637918
7898623
8381764
7404997
7532249
7578998
7940447
7220598
7262898
7389592
7124892
7272601
7390096
7933768
8262357
8722392
6576602
7375746
7443326
7446727
7759964
7826963
7863684
7986235
8039527
8078245
8342315
8578736
8627360
8811495
8812213
7333360
7375746
7403650
7437507
7443478
7640442
7650306
7657825
7747490
7750117
7931608
7934424
7955881
8114228
8262291
8263824
8351868
8482072
7610758
7674012
7692950
7891848
8352009
8828985
7433870
7437794
7444995
7523897
7550918
7614571
7939642
7978557
6941646
7255284
7511721
7879015
8129499
7158028
7401530
7512242
7673959
8649656
6873480
7035951
7073789
7073797
7191544
7247649
8637859
7165886
7208987
7317740
7504615
8571959
8812398
7389769
8169952
8878547
7306868
7643701
8289505
6862556
7357623
8624081
6885110
6885128
7078138
7378840
6933061
7025260
7205211
7486551
8623986
8695727
8826641
7096673
7358397
7396770
7399310
7431877
7494504
7499878
7548024
7584123
7626307
7633364
7763258
7797020
7857312
7936545
8032785
8050574
8125052
8153621
8345848
8376614
6987007
8595231
7488301
7418674
7573803
7619578
7673485
7685959
7688469
7840263
7864364
7874991
7875682
8445388
8578056
8643557
7418469
7421087
7508064
7514216
7537291
7574972
7588325
7590278
7591491
7618039
7676565
7692795
7705860
7836749
7838701
8010566
8752330
8774295
8838488
7323143
7564789
7896255
7926866
8116449
8683219
7200961
7208408
7240579
8683209
7428243
7589876
7612480
7635828
7393643
7536713
7546803
7548609
7557862
7667448
7722428
7775940
7789072
7796411
7797966
7813749
7839242
7890278
7899203
7910098
7943566
8147178
8182665
8297594
8357416
8410042
8673750
8800240
8833870
8852900
7491381
7684215
8633531
7512424
7704258
7893339
7945125
8212582
8856467
6632721
7278209
7359650
7424790
7751790
7813024
7870678
7089280
7875117
7442823
7451063
7635059
7664272
7720596
8194361
7386987
7390190
7515859
7612338
7644419
7666820
7675592
7756138
7770697
8056693
8338720
8572126
7372755
7381492
7511658
7535872
7571031
7662271
7667600
7669468
7819808
8850697
7253010
7505875
7534705
7836772
7868635
7348882
7530764
8476862
8850697
7129473
7300699
5921425
7558061
7564306
7587264
7618722
7770168
7822087
7870889
8323924
8693922
7448263
7631424
7693789
7720913
7879562
8755731
7843378
8291975
7183015
7361904
7648389
7144439
7193206
7219811
7234567
7280916
7902961
8058713
6973160
7148022
7321551
7180249
7251593
7305020
7727509
7915624
7928727
7980900
6943678
7023659
7028324
7216708
7222648
6939632
7246320
7257638
7382554
7760103
8362940
7517829
7044101
7948577
6951315
7186505
6825769
6938072
7447852
7551993
7559602
7737456
8052669
6687654
7357574
7578957
7665868
7837841
8177285
8811502
8853119
7017833
7129792
7888903
7391453
7417273
7586465
7625108
7635945
7649342
7660984
6982945
7017791
8285340
8344543
7405679
7417308
7516565
7541416
7610705
7712259
7879960
7996069
8837669
7533021
7550419
7648687
7656079
7680750
7759814
7788209
7948803
8473001
8833873
7566024
7584632
8037177
8348361
7363634
7505764
7560432
7616662
7733250
8213507
8247476
7391314
7439473
7542801
7621165
7853723
7524292
7583467
7344752
7510869
7140557
7233342
6981130
7144133
7433340
7179792
7218532
7287353
7560543
7811844
7302621
7901430
7042250
7129939
6964308
6982955
7527815
6991845
7743541
7448125
7449134
7552820
7570521
7591159
7591244
7673737
7685994
7825774
7870013
8089363
8413940
8475565
8705909
8725005
7379122
7421184
7512103
7519128
7530829
7654953
7659909
7697981
7771087
7793108
7816420
7818223
7860602
7975927
8603246
8641159
8831065
7377947
7435080
7521719
7529981
7565050
7738480
7743861
7806189
7823756
7868624
8342695
8457318
7440392
7832049
8309284
8690478
7228287
7316782
7427659
7743939
7421161
7431392
7549567
7773254
7786881
8602030
7127530
7236133
7406513
8260182
8311206
8838589
7551807
7728181
7741473
8045440
8148719
8076275
7258497
8852822
7502083
7525987
7900198
8033751
8207213
7198440
7302431
7218660
7408537
7525985
7527207
7583053
7614587
7671391
7674777
7687571
7903664
6928743
6932063
6983356
7021574
7104379
7139516
7185981
7427700
7423207
7651950
7046308
7256328
7937527
8029149
8725632
7436971
7500734
7583106
7673113
7705217
8006134
8345016
7326002
8420982
7337188
7591938
7593155
7636144
7761345
7684956
8420969
8711719
8833849
8859484
7572038
7871723
8100197
8528371
7434335
7436271
7533251
7581700
7658973
7728183
7839713
7868624
7878402
7901467
7988066
8316458
8350107
7246591
7316940
7431512
7408472
7528556
7672680
8722372
7141392
7265655
7851637
7530682
7676130
7731752
7021147
7421784
7831787
7105147
7311667
7520679
7571860
7629259
7989231
7512288
7610904
7622458
7696646
7860903
7948461
8311911
8382822
7493080
7499760
7571844
7722735
7980678
8094025
8323845
8707189
8812369
7520443
7592371
7594400
7614333
7629763
7637940
7779942
7794107
7974453
8786949
6860487
7134176
7193845
7792922
7825772
7507530
7643650
7655557
8133901
7559224
7586615
7646287
7745903
8483278
8727102
7388890
7533332
7636295
7676630
7737971
8821588
7042740
8879496
7106177
7631162
8747202
7420035
7523232
7614553
7672844
7692195
7723608
8695639
8832664
6875625
6993502
7096296
7105553
7110021
8207427
8747108
8809256
8858311
7651851
6206672
6594744
6679300
6904798
7027977
7036339
7039039
7085326
7102353
7121428
7256916
7287307
7311671
8231828
7360455
7377840
7412150
7544678
7629101
7706155
7746002
7886583
7990119
7991384
8863232
7449751
7569017
7647956
7655074
7666218
7685634
7784366
7813226
7829315
7895957
7950439
7997732
8289824
7437054
7452379
7486179
7532875
7572862
7592536
7625522
7644804
7721193
7853762
8339402
8346917
6911519
6934222
7233738
7490134
7562886
7878240
7151856
7216866
7246183
7282590
7335219
7587948
7937730
7419763
7944650
8275903
6943746
6965390
7329371
7100563
7144180
7191270
7432939
7842837
7088839
7124853
6924088
7080019
7786082
8288489
7150863
7160778
7539436
7313152
7203207
7389480
7897901
7927697
6963859
7032012
7191691
7808668
7762928
8702792
7080745
7262212
7280253
7407604
7563162
7875496
7191535
8114891
8769915
7247387
7449744
7868602
7958580
7367887
7506783
7555156
7560165
7564764
7757659
8602278
7394939
7915849
6953977
7307387
7662861
8004715
8152952
8595208
7420018
7489331
7534897
7691621
8829658
6984823
8773906
7508472
7517703
7562806
8005661
7565635
7579234
7805978
7122718
7336827
7210121
7258865
7303267
7363738
7416680
8032427
8428498
7074509
7832812
8629363
8358737
7242064
7786910
8017402
6975057
7028989
7048960
7067772
7258971
7918531
6844197
7068518
7071830
7871394
7375083
7384094
7389877
7413251
7543050
7611732
7708829
7929256
8004582
8080204
7437904
7533901
7696883
8818978
7397376
7680111
7687455
7697205
7731978
7741456
7763911
8849221
8870086
7636014
7867966
8038491
7100551
7207891
7767606
8601470
7362058
7368131
7486569
7515790
7570976
7643564
7659151
7754577
7865002
7902144
8061793
7243522
7256548
7291940
7349764
7375690
7394617
7425816
7488876
7725232
7726213
7945122
8571173
8742026
8861243
7279969
7355106
7695910
8175462
7546533
7304747
7333274
7881559
8234990
8458782
7580248
7962885
7966304
8206589
8338768
8475044
8719102
8806304
7537305
7539877
7688794
8876100
7021613
6904577
6932044
7270040
8720890
6724168
6982881
7321063
7385374
6867841
6936007
7181822
7183402
8852935
6696362
6876507
6969321
6979797
8193307
8568766
8674594
6665081
7006450
7049968
7246061
7582312
7764574
7344231
7543037
7595521
7604365
7604373
7637015
7637414
7641883
7664923
7702962
7707299
7894878
7952638
8348816
7955622
8705033
8812237
6384597
7425488
7901361
8368362
7350471
7379436
7520317
7521753
7553073
7611891
7625583
7664909
7689347
7701082
7701085
7811473
7877388
7882794
8306573
8351017
7357638
7436925
7689917
8176692
7938226
7511166
7512554
7559114
8607824
8831128
7354396
7416167
7446973
7617466
7650154
7650197
7685951
7707342
7486449
7579006
7159413
7513613
7537629
7645919
7682502
8770128
7557636
7719511
7182035
7183102
7443948
7664260
7382141
7418027
8642551
6994131
6994637
7033671
7165415
7585803
7066484
7122403
7139663
7347143
7498094
7573593
8050624
8191973
8395560
8401452
8517359
8642232
8755407
8806303
8873989
6948056
7157928
7209408
7491136
8838917
7285072
7758100
8251522
7215487
7243522
7743091
8108101
8271868
8866202
6659924
7719659
8162395
6720652
6946345
7020048
6965159
7228868
7681598
7245859
7851695
7065913
7069030
7702199
7573929
8193703
7669864
7672340
8453097
6944771
7488236
8895185
7418816
7565239
7617320
7853213
7932597
8826843
7110932
7991861
7448451
7650781
7788354
7800723
7887165
7903838
7979960
7988716
8727257
8858147
8894605
6926909
7078700
7336523
7353223
7580411
7803978
7195785
7258412
7166695
7180790
7280372
7381297
7729013
8802262
7507771
7561709
7708695
8234065
7423820
7437600
7497254
7563606
7717815
7730405
7433157
7450631
8011232
7589315
7612376
7678918
7695443
7699182
7857330
8192486
7340961
7398091
7580484
7667662
7708353
7771726
7790003
8009928
8014772
8248220
7493180
7617580
7628697
7929103
7381356
7434362
7682313
7712385
7810840
7966527
8164312
7452537
7530075
7561742
7695563
7826060
8867556
7544142
7776686
7288259
7415892
7821165
8350076
7794694
7160098
7261259
7320281
7416390
7423466
7447906
7984923
7422955
7493947
7555807
7629375
7705912
7849730
7940625
8139637
8197503
8478376
8660179
8724327
8727922
8837591
6735861
7238336
7211424
7809715
8882887
7225919
7671174
8731078
7121198
7158702
7197937
7285849
7361373
7391719
7422733
7569548
8365797
7751504
7797011
7814754
7824358
7977020
8090715
8334272
8392461
7262437
7188980
7212097
7277316
7287096
8659126
7137482
7137799
7252260
7500896
7797181
7884567
7125958
7668010
7056478
7343949
6863784
7091404
7936652
8057707
7485916
7555998
7649475
7652089
7676939
7751144
7758481
7800881
7824721
8034984
8354113
7791153
8066153
7416059
7607297
7631763
7654849
7787278
7935745
8612220
7754469
8306997
8338296
7017423
7283309
7967185
7431956
7437689
7664551
8240363
7412612
7656149
7700939
7760672
7779547
7788806
7859058
8039969
8258250
8462858
8770207
8834913
7096005
7197188
7527777
7907852
8085384
7415713
8438826
7621100
7700350
7958376
8344834
8359340
8508831
7113726
7282450
7170457
6935147
7367778
7404763
7495421
7579853
7666282
7697928
7718967
7744234
7796224
7971576
8310725
8699595
8826333
6895070
7046294
6132073
6727383
7022347
7190710
7456988
7351960
7524691
7613907
7742494
7758451
7785092
7832698
8178843
8391864
8714676
7220820
7697770
6889478
7077836
7582216
7736387
8380451
7437776
8196131
8826519
6514646
6912322
6979316
7089690
7096745
7428157
8142513
8428243
8709246
7159784
7243931
7306291
7561436
7976551
8075765
8132141
8181785
8571175
8623909
8750775
8856489
7279298
7552483
7359820
7419818
7530306
7534666
7580562
7761590
7827285
6718442
5809785
7272262
7552463
8135359
7426826
7486439
7775416
7938867
8099445
7161298
7900665
8399102
8674652
8809331
6954420
7120542
7448472
7555824
8825355
7299677
7645268
8162689
8255051
8861324
7629264
7271953
7419041
7313645
7406363
7436643
7437410
7487951
7547670
8142557
8838920
7831715
8649613
8719164
6984430
7163198
7550786
7707315
7181814
7327486
7981450
8368709
7532434
7630075
7656623
7110752
7569434
7813503
8579236
8642376
8700086
8879944
7383170
7669733
7763104
7792064
8079524
8439655
8559574
7912342
8045366
6917048
7088801
7377742
7541233
7777680
6967999
7243152
8489965
7404573
7486036
7616934
7652394
7677162
7703119
7856284
8096039
7074090
7076249
7097675
7147189
7396952
6952565
7125089
7400693
7147246
7389614
7588615
8369442
7572634
7845642
7257729
7394910
7563801
6893359
7048926
7074205
7506441
7573345
7723997
8867543
7433737
7504496
7379452
7384345
7499408
7546980
7570386
7609802
7616278
7668111
7684439
7695847
7696927
7884405
8036078
8050388
8050477
8053027
8408072
8831112
7140507
7164333
7272003
8552759
7433737
7504496
7379452
7384345
7499408
7546980
7570386
7609802
7616278
7668111
7684439
7695847
7696927
7884405
8036078
8050388
8050477
8053027
8408072
8831112
7140507
7164333
7272003
8552759
8754179
6673550
6886269
7303603
7423740
7429407
7595767
7652423
8109674
8826708
6983346
7053403
7120963
7216544
7436882
7926256
7364649
7569817
7704436
7779142
7820312
7114566
7929449
8258027
7796303
7436651
7565307
7590196
7611067
7875307
8723148
7384174
7488246
7536559
7551393
7591345
7637782
7687842
7708324
7749732
7773377
7814074
7911003
8049438
7118833
7592775
8290488
6884024
6929559
6984181
7570389
7382319
7423934
7425843
7670750
7838848
7897972
8054421
7435113
7544024
7863389
7180521
7786448
7873793
8344952
7389725
7654803
7798612
8359842
8683209
8806487
7180496
7198696
7583632
6709139
7110669
7496786
7304293
7323740
7450791
7383730
7420072
7756464
8704536
8748781
8838368
6616076
6931254
7218335
6993266
7139518
7289656
7321492
8462275
8724403
8349739
8127395
8433020
6934549
7091296
7208532
7268574
7911889
7381234
7528347
7664779
7680935
7707061
7798680
7823435
7877639
7958500
7993938
8414081
7345785
7368103
7519350
7551100
7592275
7621079
7657853
7766163
7824343
8355270
8409316
8867414
7375016
7420105
7590136
7594799
7724080
7946216
8009462
8154356
8189081
8860900
7445079
7516679
7696980
8214456
8353954
7374634
7383486
7392386
7444834
7494667
7517597
7585172
7623778
7632382
7754040
7789137
8399632
8485530
7396080
7535439
8250871
8665934
8743735
7566392
7311974
7663458
7668577
7774580
7789351
7915310
7961987
8214456
7085297
7361183
7528295
7729781
7842959
7876189
6702084
7246671
7341247
8867412
7486374
7642470
7663770
7895965
6864502
7205654
7796213
7090613
7337168
6998219
7045955
7428642
7545326
7728256
7083505
7097831
7263937
7277917
7335475
7399058
7518644
7824970
8691368
6878145
6934511
8590096
6951833
7155324
6878854
7268914
7454868
7945281
8447385
8800226
7199434
7209829
7231043
7373984
7393529
7408431
7409212
7583836
7940868
8444697
8644788
7346348
7418460
7525834
7561945
7645347
7646325
7648031
7736818
7782839
7796724
8085987
8093249
8100615
8295701
8373614
6982636
7190978
7254410
7347627
7982193
7266297
7340326
7160762
7374208
7234517
7258891
7360379
8060881
8882936
5983731
6499636
7101918
7335323
7346255
7422795
7430393
7439933
7486013
8394333
7082071
7231069
7298373
7432657
7497051
7583700
8084315
8275442
7428464
7535980
7647863
7678022
7988210
7995006
8034699
7137197
7094782
7332624
7556154
7913637
6905112
6950068
7097836
7162057
7180277
7230241
7312790
7973416
8432993
8771759
7346377
7499980
7559312
7648469
7664853
7696913
7724446
7731144
7871147
7961144
7966462
7578937
7433747
7544010
7555745
8003904
8825351
6936725
6970604
7140382
7170458
7268709
7192176
6909108
6909867
7038193
7059460
8568697
6965709
7171849
7269191
7589921
8265952
6614476
6941840
6972799
7888315
6928800
7010304
7122709
7563564
7798796
7854208
7218378
7589804
7621024
7764254
7854414
7284823
6929167
7249555
7428431
7172772
7284822
7260417
7323803
7942240
6977665
7066158
7112842
7118618
7364281
7429635
7818950
8293921
7514511
7892760
7926864
8372545
6990378
7083391
7778021
6570033
6990896
7235647
7575617
7648019
6205244
6906192
7240577
7411724
7001639
7112842
7187771
8809185
6412032
6984346
7018300
7305282
7388564
7425691
7514790
7536292
7596298
7692013
7887862
8202620
8298836
6147077
6559435
7072213
7214999
8210826
7123605
7588777
7609730
7645181
7682722
7718838
8167958
7495268
7522803
7593143
7681686
8258713
6931212
6959379
7058667
7418890
7900235
7486641
7700266
7855226
8000740
8670443
7591586
7639213
7646306
7681134
7925792
8344761
7110653
7575138
7527694
7353567
7362103
7575517
7636350
8492185
8812489
7641681
7909233
8117159
7398532
7563322
7567689
7597300
7695448
8084500
8856638
7837858
7912624
8595203
8802944
7569023
7808495
8268903
7372570
7547160
7758245
7948528
8009440
8798920
7439261
7565808
7832909
8724418
7420458
7350874
7388449
7423974
7504422
7577608
7613624
7392743
7503781
7514123
7636416
7645869
7985357
8162897
8869598
7496455
6929793
6956504
7253239
8371078
8411183
6983172
7591781
7596307
7808758
7656162
7677956
7113710
7507546
7446828
7526195
7542044
7631422
7659343
7787432
7921077
8541140
8681374
8835556
7083237
7591811
7639323
7199255
7545325
8049947
8838801
6893081
7368592
7426090
7516575
7593130
7721199
7805576
7935491
7937790
8037229
7772978
7795159
7409357
7416487
7640585
8304458
8640332
7154794
7164960
7193764
7244374
7581895
7635162
7862499
8503899
8594474
7350480
7363559
7386450
7401163
7526275
7652308
7669473
7871218
7883777
8011810
8139337
8196960
8852120
7827689
7521898
7567520
7575059
7757498
7847979
8068386
8163220
7097838
7209668
7310776
7443125
7496609
7579187
8105362
8806293
7409982
7293931
7306903
7574533
7690529
7811723
8704315
7407609
7422102
7573465
7610095
7642335
7678709
7847837
7929884
7139371
7226497
8170900
7158595
7731282
7782903
7862342
7897259
8191086
7118153
7284013
7520917
7585104
7918028
7164564
8379633
8379634
7196804
7258160
8826819
7235391
7243167
7321811
7403865
7533419
7564425
7718171
7848852
6906157
6938841
7120358
8146334
7302698
7315499
7336250
7897874
8590116
7517268
7444839
7392570
7493034
7523788
7626106
8168988
7485762
6859842
7049252
6892052
7066157
7111505
7256634
7554963
8607785
7545222
8264821
7174623
7326678
6900271
7114364
8015199
8153970
8240108
7390011
7439903
8720938
7386635
7568021
7647463
7809608
7879523
7893470
7963368
7584559
7618494
7625363
7688213
7808641
7825919
8714752
7363976
7409437
7504516
7625665
8372073
8396819
8632461
8838450
8075748
7379188
7810220
8311674
7562938
7758869
7919775
8008689
8415692
7737508
7500385
7791243
7867151
8134887
7148946
8742017
7587469
7623836
7639132
7688530
7736804
7820702
8769742
7207549
7432789
7529986
7604875
7632916
7657000
7700117
7708316
7817818
7840456
8045337
8061269
8113056
8485852
7170018
7295906
7495775
7346839
7487716
7668268
7781249
7433392
7505976
7526575
7242797
7387539
7556764
8295428
7623843
7430636
8139337
8465964
6537710
7256852
7271223
8705538
6560025
7095372
7030460
7034150
7248220
7575244
7979209
8490127
7409278
7571351
7590165
7591484
7592018
7623341
7693775
7706732
7770875
7788189
7795917
7840397
7857918
7870109
7933497
8327872
8328276
8832286
7562730
6976334
7085284
8632466
7438277
7490488
7513257
7600481
7636768
7698005
7734063
8345507
8712622
7233462
6934951
7005967
7242159
8400539
8403768
6999398
7011226
7635102
8812435
8839078
7373631
7575323
7590233
7735935
7809586
7821441
7891859
8045494
7892468
7897575
7911009
6893645
6946835
7411532
7415844
7516593
7612735
7664848
7284395
7310601
7744166
7898980
7638312
7494466
7655159
7678878
6289059
6915105
6922821
7133663
7195612
8806526
7041165
7304970
7475952
7507360
7773467
7527384
7814265
8117364
8257846
7352949
7644503
7318278
7813714
7485686
7431960
7561676
7622855
7630689
7751759
7248590
7266489
7352760
7423580
7441184
7115705
7161885
7271022
7292206
7304404
7285574
7369580
7390174
7417418
7441083
7645266
7646007
7646314
7671263
7732841
7947229
7500223
7511825
7939007
7190541
7298046
8624413
6975045
6977884
7551434
8175430
6913015
7025652
7114292
7150928
8809234
6734282
7114264
7147461
7191713
7225423
6942671
6975414
7020108
7042884
7097571
7308539
7492733
7569487
8558712
7218121
7340998
7416784
7810389
8354574
7327309
7633276
7882751
7901400
8007970
8047010
7222349
7446932
7510033
7560988
7576170
7593144
7650568
7675303
7683997
7735127
7792136
7941814
8062510
8223867
8241305
8397293
8427342
8831167
7506387
8094449
7580284
7495512
7496785
7689265
7811294
8010107
8099695
8342450
8706211
8804791
8833898
7146726
7186571
7275091
7119297
7551666
7337949
7407822
7441917
7445410
7517661
7573888
7594058
7618315
7708707
8594410
6998725
7009595
7092800
7234706
7000050
7070998
7379521
7418333
7779034
7908269
7576455
7817089
7398337
7516857
7539419
7579090
7157874
7175757
8403858
7341563
7368283
7618282
7640734
7643275
7644588
7696537
7728081
7838660
7846772
8006001
8163508
8409858
8812469
8853118
7217785
7392787
7584125
7387564
7666499
7968139
7253502
7582211
7771845
7857556
7242601
7321833
7434264
7451077
7849319
7452676
7702623
8601502
7266112
8802966
7253357
7275125
7291268
7713242
8089256
7098285
7536803
7544381
7562552
7656467
7707403
7777870
7778305
7816041
7834983
8030768
8073821
8171151
8220434
8345550
8348676
7184830
7280053
6812602
6896282
7146463
7401511
7420223
8713319
7130141
8003767
8726537
6683293
6938316
7114372
7183774
7210971
7832053
8385538
8421283
8709277
7588023
7242871
7365511
7411826
7501777
6717905
6852247
7105599
7168682
7281558
7776990
7777005
8364251
6748743
6877557
7020836
7058641
7224133
8675665
7144081
7486249
7495345
7519342
7548306
7607177
7663168
7704572
7744675
7830004
7845472
8040220
8307687
8621976
8718193
7343821
7491160
7555539
7559843
7660339
7693452
7710711
7727028
8071757
8785254
7439389
7522648
7583919
7849024
8266823
8771434
7537263
7551137
7635084
7669357
7859150
7969373
8661863
8828159
7334827
7533642
7780714
7826682
7440797
7575361
8535734
8578163
7395866
7396134
7487304
7521630
7617660
7678592
7733996
7864209
7970991
7877106
8691404
7291740
7438853
7618066
7432977
7451718
7544718
7575267
7586459
7612530
7660641
8828161
8832253
7570974
7675399
7678308
7771746
7862055
7918143
7923700
8750555
7313921
7321233
7122764
7224664
7260738
7179327
7249202
7416868
7424610
7528413
7650341
7654685
7673674
7836631
7925885
8516227
7029796
7157427
7883114
8500954
7335218
7611760
7655497
7786613
7837435
7942172
8112641
8229937
8241525
8548570
8592173
8610401
8648398
8850048
5858593
6987868
7213345
7557988
6884510
6885470
8390586
7417778
7419721
7488025
7587099
7636697
7644034
7675363
7684914
7864939
7966650
8261646
8344883
8501678
7225601
7344428
7488050
7499455
8166191
8813574
8850210
7029919
7096043
8352394
8839180
6944932
7178140
7188121
7171268
7249076
7365417
7378755
7440149
7751255
8872733
7875872
7956303
7996082
8648999
8649005
8694504
8695098
8703875
8707785
8708782
8709009
8722730
8733382
8778215
8819238
8821771
8821778
8826265
8843334
8845313
8845374
8846555
8860030
8860066
8870490
8885274
8889779
2284437
4870849
8367169
8487819
8663348
8694499
8695409
8699697
8699704
8709777
8721998
8722729
8726986
8742070
8784543
8786095
8786133
8786168
8828384
8829864
8829868
8844890
8845356
8877399
8878935
8885277
7127801
7210647
7365662
7433820
7527370
7452876
7538021
7646703
7682802
7769790
7961941
8019789
8346870
6518425
7074692
7445487
7643444
8800092
6920096
7070526
7079513
7354351
7420938
7429316
7448722
7552620
7565216
7573905
7749423
8337479
8707987
8725993
7329848
8260709
8713210
7226242
7237183
7301995
7382420
7732487
7862879
7530527
7552163
7555806
7567437
7570538
7600586
7660247
7760679
8054579
8323312
8799812
7248958
7571750
7579389
8536186
8635402
6907112
6938954
6974059
7034241
7307374
7222854
7261209
7587849
8528964
8536198
8684558
7283865
7382119
8838411
6907333
6928341
6929063
7037074
7528700
7569202
7580784
7662056
7274881
7805319
8098319
8580261
8722333
6909292
6963589
7041771
7123340
7143437
7808467
8691373
7490425
7498742
7592487
7596261
7876258
8314812
7079704
7855846
7555117
7629475
7656596
7669751
7788904
8017902
8697578
6983643
8160291
7337446
7854026
8201160
8300668
7422016
7517849
7562704
7808883
8241460
8459618
7043726
8809341
6645060
6997345
7147357
7249167
7289017
7333283
7488684
7245955
7290152
7426214
7562612
7968059
8674583
6942615
7422764
8601022
8738399
6978511
7133185
7794943
8728565
7207524
7393822
8335985
6956689
7100325
7268763
8826579
8848627
6890295
6919390
7087133
7571498
8799928
7263901
7488731
7751395
8216603
7311847
7424162
8876000
7079398
6502360
6849381
7115134
8808496
8836335
8856505
7375451
7009316
7010636
7380804
8724355
7525539
7645124
7346942
7412063
7485816
7500079
7537431
7559479
7618272
7733413
7763003
7787351
7821854
7893238
7897292
7991674
8103262
8112483
8224624
8290231
8806453
8856574
7664520
7829777
8876002
6946436
8792843
7409763
7491102
7515521
7901931
7953785
8051517
8597492
8852903
7340802
7346360
7409827
7544618
7577770
7644560
7744748
7892138
7895016
7905898
7935284
8012997
8177852
8856797
7221498
7303858
7343298
7584509
7616222
7644815
7776960
7218121
7571626
7817424
8161972
8665987
8693072
8727309
6936284
6947939
7067802
7073967
7381414
7537482
7672913
7786446
7864471
8019908
8161869
8575975
8806452
7403919
7442829
7449008
7532738
7538768
7544481
7572712
7597176
7639981
7662340
7669419
7739401
7764800
7792312
7847278
7909338
8227625
8278051
8581626
7242767
7116822
7186125
8536424
7328304
7630912
7671199
7702505
7886098
8348028
7194758
7351076
7700761
8517208
8640397
8686503
8628317
8694466
8694469
8694484
8694489
8694492
8694493
8694503
8698178
8698179
8698180
8707774
8707775
8707776
8725941
8743939
8769115
8769116
8841074
8852133
8852173
8857290
8857332
8857338
8858206
8881812
8887070
8887162
8888628
7272797
7278372
7106290
7151810
7176153
7215337
7275030
7452249
8444636
8809377
8856575
6985069
7114099
7136313
7496113
7152422
7729004
7001113
7193978
7195709
7642847
7772817
7800510
7834312
7913991
8511020
6951838
6972097
7061897
7093637
7194062
7564377
7647088
8809257
7214655
7224567
7854702
7956474
8450474
8263788
7369881
7398189
7433220
7554819
7563741
7657598
7757690
7771023
7803868
7917943
8075829
8811438
6907188
6936213
6973242
7105298
7152125
7283536
7130894
8571899
8705531
8382337
7387152
7451674
7565462
7924224
7173691
7195183
7326750
7655477
7182776
7329852
7514774
7647804
8319938
8705513
6641561
6928321
6934710
7189076
7902341
7373637
7404516
7436568
7634999
7701366
7733330
7812692
7917943
8106912
8402629
7444992
7448738
7605572
7650323
7722852
7836919
7882025
7970881
8222528
6894731
8800061
7491379
7611458
7944671
7981464
8682065
8826516
8837569
8885780
7354141
7635866
7803434
7986315
8154916
8357286
8361006
8852984
7560526
7703430
7862495
7940009
8020321
8141913
8309483
8397050
8526430
8804781
8837565
7576254
7757264
7983831
7996823
8173115
8398630
8458592
7093110
7207423
7340154
7505374
8138380
7631501
8087370
6963892
6989972
7241883
7966158
8044353
7499570
7523418
8004388
8526506
7030940
7067663
7068733
7069260
8642302
8669435
7179371
7728992
7902156
7934031
8034018
8624368
8629561
8800702
7423544
8693071
7390441
7411768
7511882
7579895
7626324
7651548
7666705
7829614
8712838
7978222
7362027
7978769
8397526
8434578
8483472
8726543
8856787
7338976
7425249
7485643
7628515
7785884
7838741
7869994
8084449
8267667
8831056
7508425
7513401
7609267
7642118
7684988
8061188
8191675
8254608
8563250
8075927
8380381
8406371
6904369
8033224
7278940
7766524
8132151
8195165
6927359
7196295
8057582
8624153
8838962
7321661
7211301
7212280
7701380
8859511
6902972
7095102
7957625
8148468
8803024
8856789
7126032
8826754
6983767
7327135
7449797
7486300
7542329
7560387
7579784
7593423
7610299
7679170
7684241
7781096
7859594
7903263
8386577
8517638
7205813
7411693
6974715
8715387
7227421
7410076
8373359
7806893
8082321
8456535
7497614
7602618
7753888
8171020
7498631
7599159
7632067
7849829
7939809
8520850
8578333
7273114
7416929
7744730
8401561
7229949
7216590
7224211
7295321
7313347
7346020
7899415
7348259
7492198
7514357
7573592
7611880
7685494
7728004
7816399
8265865
8832676
7086394
7352642
7190336
7602406
8806465
7413280
7648511
7650726
7673532
8386033
8399301
6897825
7028332
7260901
7364052
8128259
8856340
6989773
7084597
7194041
7670286
7723515
7932681
7994275
7997225
8168107
8242876
8485434
8654155
8856516
8386174
8629444
8642484
8642485
7498106
7561669
7667610
7816502
8361915
7700078
7713903
7809512
7834742
7882572
7935624
8576268
7019688
6951183
7569977
7667425
7719537
8250350
8622096
8663628
8664478
8700358
8276932
7613621
8129571
8337106
8444721
8596632
8680598
7811634
8167382
7172311
8262583
8708675
8852872
7398684
7547495
7596183
7802760
7809207
7860438
8606411
7357689
7662809
7730716
7051046
7425816
6893544
6933507
6945985
7091155
7516918
7788868
8398415
7073199
7328714
8484537
8826584
7393983
7400041
7410210
7514974
7620951
7634395
7646057
7647653
7696080
7750565
7816178
8471656
8896574
7404147
6973518
7062370
7165617
7199105
7372761
7391734
7488283
7517666
7571074
7591091
7647352
7879621
8063578
8168463
7420677
7772544
8070190
7233544
7293963
7335926
7839322
7665273
7694489
7797943
7868759
7903671
7944660
7991322
8346803
7323332
7427402
7505026
7555724
7565836
8174152
8802876
7663590
7693035
7706638
7711530
7888916
7978780
8019401
8276529
7265632
7313153
7357883
7582777
7994919
8695744
8724390
8828998
7486197
7491452
7559942
7574157
7576367
7645673
7646020
7668491
7727724
7761619
7820114
7894284
8042241
8052324
8229473
8806479
6946180
6996657
7082513
7519194
7583705
8180963
8267046
8432942
6964240
7000041
7119219
7142036
7197104
7415646
7524355
7675570
8809321
6908940
6937876
7232657
7707829
7892391
8005190
8607612
6875685
7182371
7285544
7728658
7409241
7493130
7571717
7586045
7622048
7665754
7668874
7672193
7672558
7701306
7723855
7724166
8044174
8358016
8703232
8861434
7514903
7549350
7595321
7619605
7626533
7658166
7912348
8043211
8060851
8698810
7524523
7543798
7661972
7690315
7704628
7514903
7549350
7595321
7619605
7626533
7658166
7912348
8043211
8060851
8698810
7524523
7543798
7661972
7690315
7704628
7939573
7384186
7507522
7543610
7629436
7418211
7515407
7568173
7586387
7663690
7889318
8314408
8487115
8703550
8853122
8872275
7210118
7307014
7333384
7555146
7908681
8471769
8713327
8724379
8836323
8896575
7416461
7576084
7837539
8345738
7139422
7215508
7258081
7369924
7797125
8719189
7409085
7430034
7576245
7776721
7800967
7847511
7847934
7933411
8104531
8254332
8346444
8389125
8657487
8850301
7427578
7434793
7487665
7487817
7504551
7510899
7561293
7932632
8075352
8189057
8392195
8451064
8593346
8615480
8747974
7262631
7312629
7329151
7646697
7521749
7532543
7666210
7685022
7793093
8358467
7501797
7600198
7613142
7784514
7846787
8288868
8378279
8782858
8800314
7037712
7038174
7046801
7074573
7374079
7572745
7657692
7961303
8108595
8183895
8270496
8577371
8642856
8738055
8753578
8826407
8837519
8837704
7428576
7654697
7704956
7916610
8164783
8369305
8757514
7222500
7260815
7576314
7893677
7535583
7597406
7634722
7703073
7744333
7793830
7872655
7877650
7926212
8231325
8304940
7451340
7508936
7518594
7586157
7587505
7604708
7638444
7688282
7724389
7796296
7903866
7951514
8176374
8491575
8651057
8835562
7138245
7354898
7396838
7434265
7495727
7556504
7657318
7690531
7701126
7855934
8147481
8236499
8449871
8656035
7418210
7442803
7679529
7437884
7448346
7493862
7570187
7650411
7694190
7696546
7719542
7724374
7726096
7811436
7890627
7947094
8014863
8073462
8347744
8521105
8705891
8736609
8850049
8850051
7191804
7502357
7851691
8709717
8737612
7920645
8037363
7144249
7167376
7258317
7288984
7337575
7378361
7813223
8642299
8671082
8751703
6937832
7188633
7214224
7243353
7253484
7572391
7573681
7676003
7697183
7810700
8171765
7642323
7204529
7287369
7419368
7340764
7390606
7401071
7423980
7499350
7590712
7656675
7711516
7819975
7821892
7646058
8306195
7167844
7211562
7340128
7399271
7582284
7937113
8194591
8446027
8744344
7281825
7349597
7433118
8839356
7419974
7439339
7611443
7612505
8136963
7591413
7383852
7551024
8171582
7395135
7496697
7520932
7536905
7564589
7576887
7584552
7648488
7655366
7707693
7833663
7891546
7932675
7976747
8692568
6889667
6902404
6936810
7125592
7140984
7202818
7420137
7574176
6946637
7000124
7057066
7256176
7292556
7198661
7547072
6824462
6875685
7921103
7110922
7343616
7398462
7722471
7734931
7849572
8047210
8185744
8328844
8769879
8806356
8826408
8826409
7373272
7448196
7503620
7660269
8081308
8572736
8700366
7418832
7488498
7198817
8646588
7420105
7447514
7518892
7561044
7573903
7589572
7609203
7731085
7736730
7737616
7785594
7824086
8049522
8086229
8158101
8175114
8351112
6877140
6947031
6953438
6983161
7046431
6913458
6913517
7220237
7424532
7572289
7638454
7177411
7829832
8078715
8705093
6919285
7429213
8866200
8088481
7433838
7533543
7542826
7606623
7689521
7829533
7833083
8368539
6905838
7258323
7307791
8747167
7367152
7554588
7756804
7231760
7419872
7505985
7507325
7566861
7821242
7909024
8167213
8388863
8593924
6947043
7213901
7271184
7783103
6936494
7114971
7113171
7152632
7205459
7220123
7344625
7692725
7868411
8131975
7347893
7516435
7025677
7363292
7504143
7526625
7564293
7575126
7576644
7627442
7654698
7656202
7742389
7742406
7788200
7922140
7959244
8339365
8350423
8678283
8695244
8867478
7180215
7316478
7334438
7491638
7525220
7994010
8055131
8806522
8876159
6841161
7078381
7125242
7141331
7563487
7092100
7156150
7167750
7209025
7292131
7319969
7332448
7783812
8853123
7233597
7374460
7298583
7439463
8134423
6532192
6898966
7057912
7176949
7302361
7584206
7723904
7734108
8414121
8809263
8859454
7643335
7651711
7720975
7822186
7956688
7979079
8061220
7035619
7818765
7311922
7976496
8806549
7203892
7237603
7374053
7417472
7496174
7949064
6928892
6974412
8142693
6923085
7231716
7818784
7281989
7403962
7592210
7667338
7749256
7826762
7962426
8019282
8094854
8353123
8541650
7105709
7341190
7491238
7500251
7085049
7236304
7335549
7365885
6871685
6917153
6989700
7256175
7264238
8320805
7397835
7487891
7583923
7944725
8186318
8353150
7583749
7607213
8190082
7178342
7271146
8045298
8806325
7404744
7486465
7551742
7571998
7586493
7600961
7695713
7701588
7945668
8162602
8334843
8347740
8441899
7832639
7166605
7527038
7539122
8019321
6959427
7206407
7279289
7582792
8203073
8800842
7092335
7202792
7302377
7492860
7655622
7992385
8491110
8642300
8647136
8671081
8714861
8800065
7123702
7229143
7343824
7096050
7125257
7171860
7215319
7228079
7261377
7270237
7293449
7814207
8769848
7132124
7210847
6426923
7775696
7190903
7332639
7410955
7524605
7825910
8559259
8812506
7388118
7524872
7880157
7332496
7362119
6969235
7280264
8506705
7513343
7570785
7585774
7874694
8373523
8435288
7216028
7428786
7543551
7706609
8397479
6957832
7156985
6948963
7147987
7364979
7097912
7193608
7227199
7260919
7297907
7894730
8116155
8800467
8839357
8878628
7361030
7380780
7508638
7673449
6903447
7181272
7820924
7903997
7274139
7188320
6959206
7142190
7401012
7410939
8030113
8081583
8266250
8271636
8800841
6972276
8442206
7193658
7276019
7294183
7424377
7387073
7623633
7632703
7634310
7748720
7756093
7832099
8043429
7398030
7425122
7588439
7589449
7593267
7639180
7677776
7704156
7875071
8019396
8047451
8123305
7525668
7692348
7767165
7935019
7251942
7369924
7399931
7517035
8800663
7375614
8233554
6903447
7036108
7275406
7393319
7421226
7520813
7565589
7708477
7872560
7956763
8007979
8730538
7035826
7430859
7353103
7374058
7398728
7401179
7449688
7527225
7578964
7604231
7619666
7632911
7726298
7741291
7743076
7941446
7977927
8233642
6800897
7341022
7384000
7429873
7438237
7585703
7661834
7810166
7830698
8679133
6996417
7005850
7062730
8402986
6771086
7197668
7206533
8642512
7374256
7516879
7659446
7794695
7890020
8602822
8604725
8802921
7056054
7185993
7210742
6908679
7057619
7206338
7136984
7157789
7434300
7524359
8266450
7145346
7208454
7338177
7420085
8113224
8687696
7556194
7664671
7794087
7853365
7890902
7972253
8837560
7984045
8147391
8571181
8629531
8888082
6894193
6967157
7117733
7262657
7305212
7664845
7709312
7781083
7284231
8058477
7505283
7923826
8715350
7016263
7031281
7318618
7199713
7260483
7271799
7273607
7388912
7530139
7872895
8456974
6647648
7525747
6895779
7306673
7365024
8878481
7385901
7493399
7583796
7596087
7597057
7649320
7658185
7680857
7694244
7696788
7704733
7770441
8398382
8831022
7043453
7505814
7561814
7571747
7649091
7678284
8162558
8302323
8420642
7289270
7550540
7757474
8264478
8637696
7235085
7259054
7261258
7298299
7496136
8838715
6952457
6958812
8857117
6771086
8161054
6887058
7037094
7583044
8403879
8607654
7537377
7588188
7611477
7650916
7874819
7008158
7021305
7263366
7310241
8750768
6954374
7135169
7266807
7106496
8180175
6969290
7041801
7254449
7268440
6956238
7512213
7550554
7198680
7340691
7354546
7429407
7614548
7622497
7993199
8431070
7182757
7240982
7261112
7344825
7822078
7973621
7063035
7133510
6982519
7041367
8800665
6994468
6995389
7314531
7548880
7587096
7646107
7655338
7788800
7332629
7361117
7778756
7981167
7203409
7927123
6894464
7427777
7368553
7420345
7497793
7504164
7632145
7695639
7697562
7867471
7872755
8044409
8055332
8065336
8129730
8167294
8177654
8378245
8527206
8747974
8826615
7357707
7412504
6981906
7870539
8116669
8392954
6988454
7175369
7353095
7177598
7343854
7404168
7547735
7783362
7792376
7932607
6882937
6974117
7035943
7991629
8390606
6836019
7121447
7204206
7297377
7333886
7409899
7493432
7589977
7596678
7692283
7705393
8812215
8838299
7026328
7059662
7152267
7202796
7572867
7586892
7654734
7737795
7741716
7836061
7425036
7494251
7554459
7559951
7640753
7835924
7372737
7396203
7665481
7180002
7643939
7817426
7202260
7212325
7229334
7500621
7544075
7561722
7395973
7570512
8311849
7144837
7158584
7238817
7291939
7389491
7572360
7649225
7699993
7798299
7513460
7631418
7641019
7663297
7665967
7710172
7789401
8056820
7551361
7417815
7573739
7549741
7680709
7353172
7384793
7424759
7440568
7495602
7577009
7644971
7656564
7712902
7995675
8060022
8201093
8702202
8828154
7285967
8083758
8095021
8687768
7335683
7378939
8295692
7363753
7367869
7399836
7431983
7442986
7504296
7728733
7857564
7198431
7213907
7725124
7742277
7682881
7757784
7864933
7939541
6967394
6970005
7142852
7513431
7904927
8083801
8479681
7044868
7209493
7310136
7395985
7418808
7428315
7956291
8743731
7539249
7577144
7665175
7674246
7722651
7857890
6764645
7016864
7030134
7094856
7367733
7363395
7367256
7512015
7532994
7593384
7614391
7618033
7685028
7720781
7745646
7910344
8157026
8668456
7401195
7443556
7648195
7831161
7935590
8111876
8400083
8719666
8755732
7500405
7783510
7869098
8029191
8279510
7261654
7318961
7322623
8397194
7006258
7063002
7094837
7120294
7185436
7429797
7518484
7574462
7606388
7609224
7725262
7839992
8245643
8675982
7416582
7520623
7682602
7801384
8239765
7122359
7154474
7169206
7245389
7067601
7088342
7233306
7318961
8828162
7506621
7785576
7856469
8090493
8168126
8800751
8853161
7452962
7736198
7886684
7887177
6944972
6963151
6992210
7070451
7576415
6965856
7168182
7332867
8570765
7104594
8647240
8882865
6904521
6933474
7121103
7126744
7245700
7791629
8806480
6920071
7172989
7187473
7651460
7739817
7361562
7730850
8135296
8452636
8757799
7430003
7442291
7446990
7604026
7680603
7711844
7768405
7870734
8168805
8361904
8396669
7544647
7694355
7986565
8094056
7171456
7190070
7192080
7334072
7900137
8756765
7017388
7048225
7227879
7359912
8809169
8838302
7362002
7560061
7560348
7611888
7689979
7738228
7804106
7890278
8496415
8746729
8748896
7272029
7489076
7516042
8471133
7391775
7423239
7592885
7652326
7660444
7724212
7923615
8016990
8068438
8528040
7143851
7663597
8038773
7044831
8368750
8757799
8826622
8838723
8838725
8867480
7153373
7333959
7432384
8677471
7096023
7352119
7507365
7528306
7548385
7713287
8124349
7180930
7357567
7138140
7194654
7220394
7247021
7319313
7431785
7566266
7665777
7681934
7194991
7576374
7955908
7995136
8135355
8734318
7410611
7447442
7491475
7552522
7552626
7689339
7694837
7746505
7780814
8550758
6978525
7421080
7539341
7648227
8178576
8462168
8477271
8837537
7583715
7643876
7833447
6892941
6907554
7504731
7570900
8385512
8438817
7182911
7574287
7488773
7499213
7623653
7887617
7204272
7724894
6938655
6460180
6894357
8088935
7352751
7563611
7056627
7137452
6913048
6991946
7038780
7049003
7213994
7215062
7770450
8633620
8642410
8686502
8826618
6908234
6970232
7047233
7066083
7226290
7337846
7546771
7640067
7681771
8715331
7186673
7443742
7647689
7745892
7749474
7498065
7699475
7885306
7902737
8408777
7161095
7200846
7431730
7507189
7730337
8173592
7451043
7542189
7669006
7707799
7795755
7373542
7401463
7421842
7444958
7561540
7690825
7711952
7773195
7774904
7783808
7814348
7831655
8333642
8386568
8392019
8637473
8704766
8722889
8852755
8852761
7208060
7380643
7425396
6908852
7041850
7193900
7294747
7895910
7928988
8141196
7377744
7433978
7437686
7518956
7566878
7644758
7694930
7696931
7699869
7794600
7835039
7843080
8802975
7395203
7449650
7485851
7544866
7592166
7599160
7599526
7626666
7675649
7711942
7807965
8100881
8246220
8276052
7580300
7922644
7502233
7561677
7588003
7635497
7789766
7931158
7957217
7980463
7995566
8024915
8852122
8859435
7309515
7397762
8544476
8871142
7167481
7619389
7984134
8260207
8427695
8655094
8731054
8876080
7555593
7561620
7922260
7928074
8406448
8504519
8853164
7330135
7849328
7589235
7697997
7718308
7785801
7934200
8150589
8192904
8383405
8400029
8610246
8688181
8806297
8811405
8852756
8852762
8852764
7566336
7368571
7518082
7536536
7697268
7721050
7754443
7779322
7788472
7822445
8743443
6974137
7075210
7452865
8684608
6898757
7690479
7808627
7826274
7835439
7950832
8251984
8356522
8579139
8623553
8734292
8824869
7202204
7558842
7870772
8123580
8554847
7535003
7633114
7938231
8313898
8504615
7109876
7271720
7573223
7935295
8769961
7367395
7418089
7429026
7439294
7491217
7577553
7587459
7837635
8794761
7098760
7397042
7432299
7609708
7671127
7719195
7724398
7739442
7761910
7810927
8248011
8813584
8835553
8877309
7347533
7430530
7486262
7493224
7581096
7589500
7599392
7748893
7857962
7888080
8037988
8053635
8053647
7636898
7697697
7976219
8700372
7258043
7561202
7843613
7269694
7493102
8253693
7277946
8207664
8655044
7497947
7505584
7650385
7662314
7682080
7852160
8146508
8201938
8264395
7255424
7341133
7393347
8662045
7424304
7531239
7542089
7558023
7641693
7692923
7701725
7707009
7731277
7751289
8039666
8091727
8351061
7266995
7352528
7380889
7391929
7432765
7569189
7596804
7706271
7765532
7831279
7926562
7955724
8224701
8358030
7994036
7104376
7199715
7334983
7536978
8128774
7260991
7307879
7384135
7986863
7407362
7485998
7559780
8296531
8344955
8744014
8563806
7444937
7448510
7561253
7653517
7725616
7926137
8000182
7171017
7361349
7434626
7486857
7491813
8115618
7222661
8655097
7595424
7830961
7939861
8397251
8581623
8734291
8753387
8809188
8870024
8899593
7574761
7940560
7172285
7375065
8895694
6965657
7155606
7179510
7214951
7517028
7521127
7701100
7159079
7297345
7310262
7339935
7505282
8806447
7975881
8705517
7307558
7585540
7587444
7711544
7852152
8311847
8629369
8868597
7538125
7614997
7791482
7872360
8347341
7209860
7437705
7849798
8121363
7168415
7228382
7255459
7216427
7424548
8062115
8838502
7191290
7264148
8629508
6970940
7032927
7170673
7202492
8426541
6986737
8154409
8675657
6932433
7000985
7170118
7835050
7334044
7791665
8219754
6878606
6943501
6981497
7506190
7523741
7574429
7851387
7914386
7519860
8068692
8219592
8243364
8369639
8681230
8734293
8802716
6930431
7084039
7129458
8738439
7536980
7649512
7666953
7685359
7808703
8230696
8753316
6977972
6996600
7045634
7120053
7131789
8806298
7088295
7379251
7512715
7556563
7621209
7643897
7668782
7671011
7673930
7725377
7911220
7929838
8803168
7745940
7719222
7738553
7848525
7212003
6910987
7130125
7216507
6800540
6853811
7281958
7357625
7498041
7317297
7339016
7522347
7644079
7680503
7710642
8078656
8089856
8833905
7440404
7627056
7712192
7795753
7938255
7946958
8141194
7144477
7563908
8139245
7243223
7657778
7003610
7029952
7191655
7731717
8642209
7361214
7026284
7170156
7375457
7495551
7630067
7749497
7749679
7767976
7807687
8348718
7120080
7408535
7695894
7707931
7857797
7929766
7796009
7394211
7440823
7524015
7621728
7657625
7727763
7787677
8357355
8357696
6973665
7285626
7576930
7418314
7425020
7439606
7574289
7691961
7806555
8613351
8826662
8829671
6854876
7227648
7977425
8448240
7445438
7519073
7622442
7623728
7645005
7722776
7725680
7107171
7178799
7236918
7328049
7328221
7758346
6883279
6972236
6979204
8043463
7582352
8002288
8165746
7409440
7524929
7761000
7826297
7208681
7861193
8154051
7150715
7240092
7273062
7863562
7042206
7934227
7388435
7571974
7650039
7796687
7821721
7835420
7974642
7982013
8047578
8056950
8069780
8106931
8485811
8545798
8618418
8673500
8746726
8777968
8850070
8850074
8850094
6484061
7256611
7310460
7333377
7542973
7387057
8683294
8838935
7375877
7382050
7387289
7508048
7579819
7587391
8036851
8132118
8868632
6733709
6893054
7007317
7039597
7077276
7474455
7673955
8838784
7233475
7265792
7987993
7416959
7433739
7632480
8049951
8128602
8224617
8254437
8472615
8607575
8831037
7510503
7574960
7579768
7682152
7706979
7888459
8800820
7875665
7256224
7569133
7803538
6839515
7008230
7141251
7968965
7377483
7511516
7558213
7594460
7996329
8277803
7364969
7495872
7596020
7684574
7748583
7778489
7894961
8067809
8158630
7022977
7523670
7216923
7268886
7035728
7158374
7791682
6962926
7082414
7087504
6952798
7132043
7409601
7508105
7345498
7412646
7586672
7725827
7906026
7977209
8166536
7181958
7173046
7292030
7397794
7445121
7447508
7527794
7803920
8585421
8624383
7114446
7192980
7333079
6886273
6966807
7439832
7518750
7577819
7631718
7657599
7690613
7759953
7920299
7935438
8023114
8072796
8456288
7334977
7683782
7683913
8010959
8194191
7723635
8054374
8153643
7038020
7134776
7159172
7206678
7621901
7427577
7429574
7578836
7687953
7494509
7308997
7839512
7407743
7423411
7506104
7560989
7675794
7682788
7697264
7385457
7423937
7440397
7545742
7571653
7629803
7675931
7837571
7932046
8357715
8382781
7397987
7412853
7413330
7777329
7843884
6953331
7026744
7503943
7575174
7628606
8147848
8147876
8169430
8211326
8418833
6805838
6991310
7062943
7758833
8853190
7358473
7579778
7423973
7424781
7425627
7433358
7503674
7513724
7629345
7732052
7870902
8220500
8234010
8853073
6882795
7302644
7377659
7168040
7364019
7516106
8033761
8116005
8649712
7677772
7904552
6908194
7166730
7708742
7215656
7453152
8637544
7107284
7196998
7209809
7574087
7040070
7146975
7187375
8254083
7153788
7799086
8245139
8826361
7423237
7565488
7676553
8031104
8683823
7533888
7547877
7703858
7732883
7733998
7869083
8803044
8877888
7110751
7388598
7394158
8133890
7067608
7571233
7597101
7703038
7866431
7910384
8333374
7167227
7357863
7401003
7443717
7061292
7408771
7692282
7933581
8056263
7263957
7555185
8126378
8806461
8890177
7367921
7816808
7516187
7558940
7505744
7641353
7750544
7512360
7515785
7583634
7919603
7921510
8095534
8245729
8504875
8800371
7119051
7175966
7302479
7561756
7683540
7793595
8013968
7596076
7521455
7610902
7933107
8440674
7415800
7820245
8151554
8800483
7416395
7704762
7771740
7805580
8811418
8434555
7145701
7501774
7513812
7516499
7518791
7522630
7539540
7587142
7602547
7727788
7729562
7786736
7794412
7203645
7838471
8838952
7542428
7621353
7720342
7740062
7963164
8395255
7113638
6795979
6891644
6939459
6940611
6951369
7096282
7900177
7157368
7501897
7446872
7488448
7508413
7514906
7566716
7605259
7661964
7823681
7992855
8027353
7384498
7388689
7398413
7449385
7542759
7616736
7690743
7723752
8354371
7497665
7505300
7573637
7739745
7827415
7977524
7426897
7493982
7548285
7776287
7926689
8075879
6954816
7075064
7075165
7088947
7986182
7500064
7642103
7767737
8352133
7343459
7530459
7586117
7786736
7816312
8357823
6984474
7095106
7291846
7420233
7612366
7642442
7730213
8267720
8529157
8670827
6973522
7297739
7782837
7868570
8271647
8291089
6982675
7101639
7336042
7094373
7308296
6973556
7153336
8720898
7499499
7571364
7700413
7795153
7868734
7889968
8123527
8350158
8409773
7919582
7554870
7949788
8850265
7094231
7317570
7364750
7369615
7492906
7573427
7708933
7517048
7662284
8012500
8350745
7428426
7439117
7511810
7580714
7623546
7659129
8065179
8180822
8190766
8418992
8721966
6596988
7626118
8747090
6978098
7411890
7451726
7545625
7614349
7668978
7681752
7796669
7862649
7869814
7899603
7939819
8606633
7495843
7735707
8750762
8870034
7187690
7262086
7292681
7385312
8095515
7656929
8405695
8572914
7560129
7423076
7452557
7487567
7498550
7726833
7823358
7887900
7412294
7552462
7578504
7580111
7628776
7643386
7866357
7868734
8195725
7232939
7849314
7931058
8176120
7261137
7335395
7453024
8175239
7497822
7252319
7502363
7513543
7551089
7594232
7596658
7638687
7805287
7837443
7927352
7943099
7974203
7316035
7489915
7650908
7763859
8769037
7363868
7388671
7498739
7555227
7560899
7623604
7643152
7650276
7763092
7846500
8015531
8311635
8481269
8646413
8710826
7398490
7759660
7966937
8876094
7245908
7420204
7510465
7706342
7766988
7794864
7927929
8214935
8475398
6860640
6966988
7120367
7382006
7389974
7420546
7493699
7535694
7585724
7779527
7831634
7872847
8134309
8202231
7859665
7576795
7584481
8551898
8694925
6940210
7359954
7377580
7417540
7428001
7552518
8172688
8831183
7767562
7433637
7488804
7575042
7612358
7623632
7623641
7644885
7711832
7744054
7826642
7919918
8150494
8194972
8809354
8811491
7034070
7100342
7114289
7142924
7547036
6959059
7074694
7296700
7423857
8551518
7337737
7863083
7408513
7579727
7656506
7667272
7909317
8339172
8529188
7883443
7373646
7802581
7381827
7421790
7503377
7580271
7612352
7740488
7745769
7825802
7946070
8146610
8158151
8270432
8485451
8592369
8826608
7131831
7793777
5804797
6669600
7188618
7213813
7242288
7247000
7256488
7431938
7446934
7556705
7570496
7579661
7587244
7690791
7910111
8192595
8309149
8826530
7516032
7545589
7570828
7638855
7639907
7729168
7740743
7768314
7829857
7877713
7941763
7945719
8314731
8837595
7512044
7579735
7636603
7682199
7829233
7906017
8053069
8333530
8528927
8582140
8647178
8887078
7005900
7141245
7176213
7343336
7417171
7427755
7937269
8203964
8623931
7194174
7792858
8392120
8684598
7116920
7342008
7447845
7942222
7962702
7982132
8029316
7080280
7158127
7270058
7935229
7195161
7516996
8713238
8724392
7042515
7146988
8129957
8307735
7389094
7583105
7884484
7893565
8486472
6158523
8839105
6891601
6979543
8071783
6962743
7028884
7216419
7275888
7683776
7488735
7561405
7724068
8812372
7510683
7556923
7647544
7685466
6883365
7124973
7203161
7238062
7411583
7741591
8081185
6958381
7037976
7228594
7558828
6883004
6899850
6997029
7344930
7404876
7569504
8629484
7272653
7221445
7867595
8195177
7148325
7165673
8800524
7583343
7899099
7187767
7195283
7227405
7567110
7742005
6974464
7131915
7344551
6924864
7657920
7791769
7234349
7257305
7302117
7517413
7438299
7494039
7501440
7567434
7583042
7610413
7728240
7764125
7927237
8355790
8738985
7104160
7146354
7151391
7943612
7442981
7507798
7593425
7647397
7887578
7981715
8162563
7630434
7667716
7667729
7677097
7677285
7734090
7773804
7821082
7937836
8124467
8601625
8839284
8839285
7155845
8114961
8800348
7217936
8217061
7297725
7309173
7319757
7400239
7869599
8800762
7418716
7552215
7708106
8670690
7441441
7547769
7648284
7687267
7708500
7763897
8031857
8087044
7377058
7700978
7780519
8057579
8803115
7393963
7610764
7696105
7789416
8154952
8359756
7033585
6981681
7542528
7547045
7353190
8568652
7387484
7418048
7566472
7617518
7806880
7814558
7826062
7969500
7078108
7232133
7298257
7087613
7289084
7646166
8219909
8350403
7418063
7434329
7510252
7552954
7563194
7567636
7618889
7945348
8015247
8345898
8570837
6892256
6940767
8736298
7501866
7501878
8709034
7397437
8123716
7021448
7232392
7926273
6740252
8856612
7167716
7273167
7142212
7180872
7288581
7507292
7902685
7107346
7267410
7279558
7535214
8128448
6926003
7027483
7190226
7190195
7215303
7243828
7320357
7328122
7363791
7395150
6930994
7047317
7187260
7323882
8607726
7325494
7173340
7171270
7393245
7288379
6980254
7359711
7449032
7646472
7665745
7801392
7811817
7825563
8014226
8570522
7121935
7189410
7912574
8450480
7180695
7561212
7576786
7908495
8042192
8883845
6959692
6983232
7133177
7260188
8073316
7020094
7581832
7839304
7039713
7067764
7110581
7203299
7297604
6826171
7196120
7302422
7741155
8057500
7058831
7072738
6963949
7041653
7489720
8121548
6860097
7026476
7155872
7316865
7383110
7383156
7432273
7433293
7513189
7515038
7530157
7613647
7650111
7760138
7785037
7818695
8122971
8165246
8837687
7214382
7530034
7560298
7285712
7321268
7422854
7641745
7663277
7787685
7833965
8828963
6935327
7310270
7068345
7129689
7375170
8659583
8750955
8856192
7543913
8568926
8702767
8809192
7216807
7417421
6754244
6920045
6953555
7077048
7198898
7232021
8061941
8867406
7427671
7427671
7246042
7377618
7755731
7004722
7111418
7318863
7899232
7542851
7615682
7663669
8079776
8803595
7525623
7707071
7789949
7950460
8158052
8595612
8745947
7368025
7528338
7637493
7795218
7930873
8131863
8576037
8708204
6930469
7246040
8164608
8752077
8832499
6911563
7040900
7074958
7257666
7335193
7393441
7827407
8655045
7549681
7729645
8121779
8286394
7361820
7386676
7563842
7605943
7619092
7633638
7812051
7812690
7838439
7938738
8471703
8861311
7505573
7548779
7605944
7605946
7654725
7659992
7726663
7778268
7783296
7845919
8138272
8211539
8710075
7406065
7576698
7707622
7710691
7730013
7750015
8114720
8177730
8274246
8346492
8601679
7500120
7515425
7523659
7669557
7673138
7207458
7347523
7949167
8007563
7369716
7524600
7610088
7684632
7691747
7720295
7747837
7792950
7996491
8696839
8868565
8870032
7396028
7745996
8674628
7116734
7338220
8404779
8623828
8633514
7109439
7115952
7438472
7728715
7825324
8405243
8257921
8791871
7504039
7587936
7740134
8052879
7203514
7284239
7411597
7448821
8674658
7428235
7440476
7578386
7641474
7676966
7438874
7549260
7650930
7655781
7682421
7690189
7890060
7894593
7949022
8046075
8235294
8387855
8549829
8697079
8727427
7287710
8168851
7040074
7084573
7178558
7428509
7750051
8165975
8870069
6968521
7068469
7114000
7241985
7278370
7493081
8438846
8859492
7302168
7334394
7411667
7179049
7310864
7364216
7572196
7836716
7949014
8569804
7405458
7516609
7563522
7578003
7636783
7676903
8409140
7116276
7118441
7118463
7143065
8077987
7494744
7523911
7659350
7662597
7680010
8034967
8109396
8366577
7337795
7527100
7588837
7157843
7217677
7253623
7268755
7674020
8123050
7656195
8320179
7451762
7502046
7542627
7558292
7570984
8205360
8833858
8882872
8897628
7189098
6975766
7198365
7271560
7444826
7580278
7758764
7889241
8439648
8446895
7882011
7412686
7503752
7682975
6923424
7388987
7437399
7496390
7510587
7822032
8004340
8299269
8612712
8621354
7180652
7181777
7307412
7425158
7428776
7446974
7504987
7505886
7516797
7576145
7682558
7732895
7818428
7854136
7886310
7921386
8041498
8062817
8163009
6551858
6905846
6958250
7150694
7265626
8035105
8884953
7701468
7731549
7955459
8019558
7001522
7917023
7496127
7689755
8099297
8254100
7388591
7581076
7842949
8258057
8361091
7042254
7213712
7264284
7111648
7161548
7188574
7261652
7805624
8897784
7257330
7626580
8494944
7154747
7303285
7560542
8505334
8750759
6884581
7164306
7265350
7382215
6854812
7108206
8083422
8711680
6889864
7129388
7196263
7120429
7257296
7422697
7667691
7211384
7012552
7316921
8642561
8809501
7107092
7359535
8711759
8769040
7086612
6904611
7209071
8701900
6939621
7133170
8409542
7451488
7575233
7793697
8149855
7573106
8249115
8291626
7408492
7424904
7425034
7631751
7636499
7664635
7685349
7762893
7843259
7934771
7974581
8055156
8335234
8350336
8714392
7127785
7110351
8528488
7766957
7823290
8525488
8800047
7488935
8131133
8418416
6889312
6929741
6932657
7099065
7123555
7253233
7533780
7593326
8536361
8629209
8809252
8826398
8866206
6976447
7042865
6684174
6972642
6973556
7017182
7144108
7174064
7174804
7782837
7847403
8539451
8769874
8838479
7225665
7312666
7792385
7936372
8032208
8633619
8878542
7411541
7554786
7579974
7634358
7745434
7869234
7984504
8302070
6883816
6969384
6973522
7159557
7248243
7696393
7785799
8213626
8517595
8686478
8856308
8881404
7126297
7188402
7206797
7246757
7342607
7565888
8838718
7433372
7540057
7630917
7720733
7815120
7859428
7873000
7950756
7960867
8047509
8053379
8058345
8076336
6682307
7039867
8674661
7433086
7613043
7619163
7645059
7725520
7730665
7746521
7777350
7814453
6878569
6953828
8540610
7153683
7618258
7659259
7852387
8375344
8397160
8695993
7104415
7302873
7384721
7429880
7608231
7876762
8806530
8837612
7329371
7763808
8071892
7394670
7536567
7610689
7737706
7142030
7326336
6335694
7284861
7293406
7506474
7960418
7350835
7423608
7579298
7439671
7404391
7432322
7518907
7566811
7591267
7599483
7704250
8003296
7289579
6908747
6960444
7036878
7399319
7423024
8019622
8663620
8826478
7150004
7176293
7274011
8127816
7410803
6951243
6961910
7096798
8448033
6953648
7051353
7174468
7223684
7518601
7393509
7445166
7595793
7596089
7647969
7731302
8290268
8347250
8691094
7511954
7531149
7533692
7746333
7931957
8104002
8332583
8457591
7377382
7537873
7771618
7846733
7852877
7955904
7131786
7284014
7338287
7354130
7450488
8094935
7101221
7527128
7611775
7637092
8067796
7316181
7724427
7907980
7099093
8649621
7372416
7987411
8287281
8449207
8629475
7395704
7539375
7589976
7591019
7596873
7605407
7642022
7654713
7720649
7727418
7854688
8134889
8261733
7560265
8103903
8725665
7365613
7391963
7442971
7487901
7511327
7581953
7644910
8093168
7291717
7310834
7345427
7383780
7909274
7190070
7418521
7504879
7512936
7633892
7674826
7775990
7975860
8050119
8351580
8692652
7494720
7379255
7607801
7610818
7650666
7696049
7710402
7731368
7764850
7863372
7919675
7934674
8456521
6657074
6708176
6969434
7172778
7218016
7275060
7278801
7347517
7395895
8539730
8800195
7364351
7387810
7426842
7449618
7537862
7633392
7690984
7780752
7797960
8381017
7224050
7351987
7927848
8631759
8806407
7452996
7510173
7531156
7905615
7944230
8142968
7168663
7233708
7293177
7490467
8352521
7364069
7393787
7604421
7655074
7701143
7729946
7822191
7834785
7933479
8146904
8169560
8183025
8258218
8368867
8518077
8580233
8813577
7377562
7557178
7570607
7700662
7710793
7770970
8553126
7434553
7566252
7571167
7922178
8610362
7388597
7418369
7538628
7540050
7544773
7546731
7561760
7583237
7646134
7647824
7673848
7780268
7805993
7832197
7919498
7956496
7960069
8050047
8602820
8759528
7118507
7161016
7185257
7337219
7404394
7558637
8126602
7100412
7117742
7532379
7846808
8825224
7349143
7487744
7696063
7854385
8053832
8220460
6657049
7123067
7176542
7191612
7229664
7275845
7361035
7556839
7621068
8167414
7176492
7192995
7415838
7520361
8856431
6973830
7354826
7987501
8286469
8752928
6897639
7163697
7271821
7573355
7762213
8799076
7427972
7545933
7549694
7575792
7668654
7695571
7910049
7913816
8036483
8121710
8197690
8272361
8326284
8328200
8407952
8497206
8706513
8833902
6889318
6947613
7268230
7344759
7485614
7149900
7187235
7261659
7264381
7327534
7367830
7382995
7549061
7549287
7552584
7646356
7687298
7792022
7849697
7857482
8246877
8852787
6972438
7354840
8812304
7268936
7322760
8579257
7503477
7516956
7604198
7612420
7624403
7635756
7684641
7978584
8852905
7384821
7416331
7491244
7504645
7534945
7544727
7588393
7614394
7641086
7729963
7750304
7847818
7883011
7895906
8026919
8135169
8168563
8301486
8804782
8836340
6830993
7079820
7097816
7302641
7658471
8115096
8369716
8809270
7004399
7123031
7325341
7412308
7571067
8411132
8715340
8856270
8866205
7400085
7428725
7586428
7604735
7699201
7740017
8139818
8179314
8800935
7105622
7207395
7410426
8589985
7206136
7237426
7545933
8023170
8623885
8642272
7107499
7263616
7274340
7384681
7949618
8155969
8571722
8826369
8856269
7424143
7427809
7499937
7508957
7582777
7592123
7608417
7611130
7616651
7626186
7635872
7643206
7650962
7657869
7707893
7720647
7751535
7760251
7795762
7808429
8345712
8414106
8434071
8848919
6904397
6937580
6966530
8306854
8711694
8888697
7360783
7426720
7428673
7485989
7552160
7555566
7577449
7584910
7631138
7685005
7721625
7928504
8000566
8378695
8493118
8834905
6917178
7010535
7167255
7490688
8750758
8838420
7318890
7364447
7499467
7500513
7533952
7537132
7556797
7592147
7630180
7641279
7694530
7702377
7721037
7743497
7838677
7939371
7945197
8074846
8093115
8216998
8388828
8500735
8610214
8709575
8813582
8852124
7022237
7039409
7052497
7064825
7309239
7397844
7973598
8153694
7338393
7420416
7563262
7570696
7632271
7692655
7921045
7921231
8336146
7153832
7202699
7204950
7291658
7296713
7552254
7854143
8031707
8373779
8629602
8665986
7535476
7643072
7653522
7734572
8140863
8401715
7427806
7589887
7677993
7864307
7881962
7936952
8055496
8063312
8170753
6969008
8856271
7418173
7453121
7493620
7500468
7541969
7555502
7563013
7680127
7766911
7874575
8052784
8072074
8548706
6309466
7092849
7186366
7206375
7214962
7417176
8358511
8642482
7339319
7548647
7885339
7903061
8041804
8836359
7295110
7379539
7832343
8175211
8408722
7153144
7220522
7239695
7315802
7494217
8204724
8740016
7202833
7243333
7270894
6970459
8800304
7554880
6416410
7120281
7361824
7552942
7554153
7824956
8113546
7397685
7532567
8007666
7251717
7260846
7323188
7440485
7574278
8181568
8637783
7183315
7956978
8145533
8317453
6908387
7022684
7147481
7306322
6925813
6982718
7222590
7735876
8856166
6943967
7899325
7388966
7401070
7614256
7633960
7643816
7657332
7775268
7818575
7827922
7944893
8251431
8705363
8806367
7122225
7424445
8649619
7368498
7525280
7594081
7606835
7614790
7641187
7712098
7932694
8009808
6952010
7090740
7555900
7729987
7852587
7990329
8055505
8077366
8158148
8838308
6947417
7150434
7240290
6941825
7277892
7506756
8199609
8312649
8657862
8719115
8826374
8831146
7439988
7557972
7573913
7625535
7641155
7646299
7652226
8007493
8033029
8037615
8043432
8280430
6234373
6861487
7042510
7841587
7600043
8019614
8095574
8293200
6968851
7285921
7350029
7575698
8750745
8491208
8713172
7226796
7499598
8687355
7005990
7057574
7259127
8048345
6982211
7030000
7097596
7256879
7385290
8312672
8421078
8771749
8838427
7232403
7415812
7696287
7926316
8236694
7159246
7285852
7381679
7439927
8223424
7388682
7491096
7511741
7524386
7550970
7592150
7618798
7621650
7625614
7641630
7646165
7688269
8074053
8358337
8458922
8811505
8890114
6912173
7214801
7669629
7167833
7225646
7328660
7876328
7915399
6978238
6958568
7064671
7143500
8453375
7410990
7566753
7587179
7596948
7642400
7646415
7684890
8092140
8366736
8372426
6886388
6930724
7222143
7278118
8505529
7251778
7389060
7737721
6937342
7203136
7534737
7544900
7219990
7322984
8477509
7373084
7516491
7611705
7646829
7700303
7720144
7727021
7844698
7171293
7672096
7142903
7319473
7405463
7438337
7515290
8480858
7262926
7390326
7563456
7574057
7618712
7655341
7947275
8374614
8602734
6912039
6923584
6957992
7283776
7590306
6965820
6978231
7056982
7113656
8691409
8856753
7215535
7257038
7392191
7593824
6638959
6950804
7145230
7377373
7513579
7606890
7666008
7830078
8596125
8771810
7193134
7508520
7822651
7825799
8006154
7130642
7057078
7068411
7329181
7558401
6905904
7239320
7307757
7341267
7391812
7504758
7556289
7591094
8711196
8737151
7247725
7336543
7566476
7311164
7392032
6296959
6897579
7145226
7737697
8734351
8826716
6930327
7051381
7107261
7559008
7574608
7596736
7657612
7679666
7744776
7748257
7845952
8460967
8884973
7229547
7280383
7989075
7174956
7211823
7513852
8608454
7021701
7032824
7044930
8265609
7397824
7495330
7608442
7682223
7763973
7766458
7846299
7871522
7487050
8250623
8849622
6878838
6976496
6995335
7029412
7167438
7272668
8809420
8852963
7585979
7616060
7703013
7793746
6991545
8184360
7672795
7842906
8572322
6881978
7125344
7230322
7262741
7309293
7961575
7989590
8219342
7352259
7617299
7625728
7636179
7692652
7701907
7872486
7923914
8357426
8488861
7588462
7812394
8245820
5694768
6993012
7038061
7265400
7490841
7552363
7609866
7664581
7767705
7770703
7810972
8348806
8444848
8604248
8135880
6912895
6931921
6973860
7121401
7156992
7223387
7555857
7905217
7491987
7507581
7732822
7950826
8030635
8038499
8832283
7442767
7574722
7631885
7724107
7759663
7871005
8094436
8328245
8350375
7442965
7491237
7550311
7660739
7812507
7830172
7973141
8003053
8351222
8838817
6880308
6997696
7026509
7196198
7754228
6877460
6932052
7088691
7332456
7549257
7821590
8727309
7425580
7361369
7450470
7560512
7629541
7674830
7675567
7697388
7732213
8285662
6905093
7117904
7140534
7172855
7185502
7520632
7806300
8077651
8802953
7230643
7351144
7440400
7586755
8747211
7436604
7569844
7576214
7684325
7811699
7827968
7905846
8048078
7076848
7304959
7367230
7021136
7156380
7280043
7364524
7382266
8800533
7125105
7176844
7343868
7357989
8271657
8485684
8541035
7566244
7706822
7708722
7824215
7872009
7908691
8222434
8318568
8361060
8714810
6521972
7186546
7287191
7309070
7888546
8055162
7039425
7042281
7059439
7129245
7595275
8319698
6793069
7287085
7336387
7382437
7747876
8381463
6905093
6905383
6954808
6965444
7069053
8145887
8409515
8747212
8756792
7279734
7350458
7782601
8271677
8091353
7061094
7115259
7281522
7487521
7583854
7974219
8204257
6940865
6985388
7997502
7164438
7948520
8291695
7812511
6940418
6946876
7031169
7171604
7231442
6898940
6917258
7129793
7918980
7062340
7065984
7143086
7210199
7878371
7574369
7806708
7963336
8826395
7395347
7423682
7645825
7679789
7689939
7843251
7868204
7959749
8199621
8368121
8485869
7360747
7369739
7432879
7674474
7773912
7783981
7845262
7371399
7862999
7986057
8816725
7552867
7584085
7594439
7637882
7683053
8357966
7360726
7591912
7643656
7396748
7424022
7561728
7609686
7755767
7922581
8809336
8811441
7493294
7612140
7837095
8552743
8596735
8662376
8737709
7128895
7260666
7417730
8599663
7067752
7159143
7373570
7552978
8021146
7361991
7434062
7639106
7729708
7813506
7894018
7966742
7979044
8472051
6871103
7419997
7549445
7777375
7844600
7983077
8088880
8755729
7347550
7567782
8649666
7352244
7438248
7534769
7604672
7611073
7613978
7692709
7725349
7778075
7795170
7900669
7971339
8015999
8730844
7217571
7276660
7489589
7545000
7986346
7261040
7352519
7398903
7625396
7635540
7733977
7777722
7784959
7942943
8154991
8402022
8811419
7444650
7887921
8800192
7128815
7188222
7179818
7398421
7888710
8715358
7163653
7271385
7560676
7665085
7667642
7826259
7864547
7898957
8026457
8121136
8346890
8369395
8798046
7038489
7891171
7910592
8629437
6834400
7134478
7188637
7285325
7372448
7392239
7484757
7631485
7263848
7348168
7569885
7575239
7305663
7306144
7483664
8343223
7594795
7720738
8015108
8597682
8736512
8879896
7526438
7680714
6941235
7284363
7504468
8826493
8893977
7513255
7516446
7636714
7824268
7856125
7868421
7889050
7968964
7992579
8010608
8057362
8081576
8239752
8535428
8844840
7614236
7655790
7731747
8027989
8175212
7410243
7429401
7526455
7551085
7561264
7742837
8362832
6972307
8448036
8752929
7341545
7369791
7449404
7555159
7587168
7765043
7879303
7902478
7923686
7955507
8244406
8259162
8886151
7317077
7902271
7280593
7566486
7262232
7492928
8172638
8196504
7526033
7543573
7606386
7608986
7648743
7876950
8432324
7050932
7072006
7087633
7386912
7061839
7323988
7120855
7229242
7262074
7308193
7357977
7486606
7586113
7135938
7169059
7302012
7368463
7408323
7422509
7538272
8826812
7254478
7936990
7175192
7379283
7681550
7223687
6834400
6966577
7085347
7233242
8642250
6962966
7275981
7477183
7664945
6883981
6964159
6987861
7225861
7238684
7574849
7590153
7696896
7765891
7786367
7794785
7842830
8269858
6931128
8223796
8720285
8720465
8720467
8754348
8754371
8761838
7228605
7390936
7500354
7527557
7589546
7600385
8128544
7002859
7423449
7550897
7677912
7787300
8852996
7560467
7855864
7991773
8355907
8363069
8826043
7529993
7670616
7695972
8633105
7544312
7418353
8016896
7318173
7420314
7523888
7581557
7592131
7154875
7252278
7287928
7310103
7311250
7672514
7692910
7931363
8269858
8266191
8484638
6895859
6901676
7074534
7728301
7391652
7575173
7594490
7621002
7707421
7957220
8353994
7106990
7116201
8421240
6938400
7006349
7012538
7068310
7095063
7248766
7325514
8812416
7152430
7155868
7167322
7344880
7526823
7846790
7970515
7030831
7139357
7139366
7487179
7648810
8812300
8856408
7228612
7417524
7684830
7701999
7708535
7791048
7798092
7827816
8850272
8852795
7389096
7409647
7417503
7623393
7720226
7742245
7742328
7820784
7821025
7900559
7918067
7997026
8060274
8272361
8343706
8642776
8662046
8826403
8852796
8852797
7136944
7164051
7228612
7952372
8138405
8665580
8700590
8701886
7280509
7926649
8486226
8800049
7303966
7346920
7593556
7756975
7960511
8255547
8456094
7036026
7268733
7383355
7915123
8132010
8800050
7001566
7053659
7091086
7928981
8366362
8411063
8737127
7419138
7495510
7600627
7726729
7793426
7935691
8603523
7577033
7621368
7913178
8346816
8489511
7520856
7764612
7810955
7900490
7987706
8435131
7487755
7115066
7614742
7679711
8404944
7501900
7507742
7544078
7561083
7632632
7682554
7708098
7725967
7732581
7825305
8826389
7280379
7699085
7863315
7907444
7073583
7127706
7208846
7315646
7409623
7215990
7292751
7340091
8633680
7360948
7393217
7567417
7655693
7818821
7931156
8302995
7317698
7149893
7257097
7542781
8719141
7280596
7308428
7417629
7910934
7944703
7139615
6098969
7016302
7079837
7178509
7251668
7255946
7907638
7081480
7264441
7272197
7753318
8154246
7100209
6941167
6978922
7169205
7923918
8252698
7377136
7391597
7437001
7571189
7592703
8350318
8811425
8858137
7341699
7693242
7827818
7828661
7829974
8078611
7522765
7670811
7989694
8517759
7160554
7718937
8098951
7519686
7870653
7260624
8140098
7262638
7302462
7346091
7452593
7192426
7343632
7349012
7411406
7450708
7487418
7493183
7577259
7591858
7662165
7702919
7851936
7863587
8119812
8154738
8577299
7343642
7383565
7615796
7642061
7722525
7744912
7887233
8420351
7451598
7662518
7711399
7711935
7790205
7819326
7845611
8258955
8339059
8838372
6797176
7155045
7303291
7338405
7552092
7586580
8094927
7272651
7304588
7323102
7502177
7642040
8126406
8511688
8744348
6973026
7042789
7122429
7003264
7363667
7530749
7952438
7197606
7812427
8028090
7579530
7845837
7884352
8163081
8624226
7569346
8347937
8437774
7434996
7512805
7579710
7624654
7665062
7688503
7813316
8624225
8809414
7390473
7431591
7311998
7388883
7487664
7566503
7858010
7966097
7572907
7630214
7338517
7612944
8170663
7232488
7381531
7050861
7547545
7928431
7195343
7261551
7544630
6954526
7149841
7338690
7673642
7169692
7764983
7817714
6847414
7168093
7212274
7245300
7261544
7826567
7319203
7412195
8193376
8624089
8720910
7559334
7565218
7638084
8419130
7320602
7328915
7360031
7549313
7864940
8065906
8728494
7221376
8634158
7020651
7358044
7434653
7727848
7882597
8135261
7186492
7426106
7434719
7525079
7557010
7772972
7367564
7377347
8624387
7415778
7066529
7101029
7242573
6952375
7486335
7596709
7702717
7964529
8052995
8576115
7942026
7377054
7569578
7592712
7143943
7257563
7576798
7111556
7141245
7346854
6944968
7215137
7263531
7432921
7934572
7334923
7383659
7955662
7140613
7549560
8629410
7028644
7046653
8838897
7090151
6929632
7098319
7119581
7217986
7248609
7266047
7539677
8009465
7213396
7487989
7856493
7401493
7584614
8031177
8515194
6858743
7173309
7228685
7484108
7885418
8724374
8800038
8853370
7330173
7174498
7191421
7172182
7526368
7505958
7538725
7554363
7592073
7592826
7610447
7632605
7736793
7775143
7784014
8196628
8146235
8838894
7358265
7427526
7433764
7442518
7486220
7548654
7590253
7629282
7712297
7814690
7825664
8121031
8166888
8433280
7393310
7489802
7519972
7548162
7671705
7699024
7834375
7904565
8337491
8441982
7265901
7389684
7406584
7437024
7444661
7531086
7629273
7648196
7659163
7768892
7812926
7862798
7997202
8456732
7284817
7490704
7565191
7585181
7614559
7618198
7632473
7642780
7649021
7771840
7961867
8083780
8116724
8207619
8806313
8828146
7409329
7433013
7491425
7569632
7591641
7679433
8093463
8245639
8353996
7396753
7404752
7532276
7638743
7875379
7904043
8589093
7500452
7548005
7703373
7823384
7839669
7849672
7920365
8315840
8368490
8618238
8804793
8804797
7175223
7632158
7956255
8014458
8045937
8351438
8724367
7393467
7549175
7572159
7823856
7920463
8133882
7422745
7435044
7451433
7528589
7552834
7555325
7558326
7581733
7595365
7644294
7658298
7667227
7676089
7726860
7745756
7790060
7835225
8413809
8872268
7665725
7961871
7569476
7632440
7635172
7783691
7791292
8119637
8763523
7110606
8687708
8809205
8720876
8826328
7397025
7485701
7560451
7561595
7634236
7664770
7674446
7697847
7703299
7708607
7711171
7735746
7805440
8626710
8837562
7423875
7427053
7427878
7433195
7538953
7557902
7677767
7694362
7708577
7714998
7725894
7897156
7927857
8352169
8412262
8576582
8650079
7401467
7493795
7504832
7550613
7570737
7582331
7656730
7674301
7707629
7741071
7791156
8346613
8359350
8492324
8715472
7173622
7184957
7249048
7268075
7351399
7351438
7381677
7416625
7438677
7540125
7631672
7674198
7706670
7729920
8060778
8482109
8539528
8858130
7348056
7383193
7434193
7551164
7569968
8678885
7207958
7269753
7618832
7645946
8839257
6863821
7220180
7484583
7582289
8769991
8872278
7423594
7433002
7590193
7614629
7719821
7949102
8136398
6884699
6924041
6997005
7006176
7006243
7026790
7050818
7140034
7207443
7243825
7259517
7299670
7396064
7672749
8740862
6941028
6986733
7098196
7236952
7244203
7268077
8136640
7318745
7347632
8606965
7853823
7897307
7952495
7516826
7576459
7681513
7689162
7727585
7811910
7883175
7949333
8024388
8184721
8722636
7367900
7374273
7627505
7695477
7766532
7853129
7913982
7948980
7982774
8346938
7422433
7435082
7555434
7615944
7667149
8018070
8314365
8639257
7367400
7512935
7522455
7524351
7788358
7808656
7942392
8049952
8646145
7417217
7586491
7607344
7625998
7727921
7729677
7739034
7760612
7789513
8018951
8051685
8358780
7241865
7491827
7644401
7863140
8272662
7172271
7314120
7383053
7431934
7750569
7217205
7354273
7535364
8399096
7333332
7413211
7432969
7520382
7593172
7593788
7626477
7633058
7648773
7843305
7875999
7886511
7978138
8245935
8297350
8357527
8828972
7371046
7378110
7651197
7675957
7690566
7888700
8077543
8167417
7657907
7722280
8018691
8387196
7449046
7669735
7786518
8435148
8825240
7159963
7323279
7369702
7520382
7757313
8826542
7047348
7377965
8294915
8838284
7129732
7277169
7431711
7673297
7352720
7682083
7689924
7870172
7278158
7338301
7584276
7690894
8702782
7081827
7593555
6981870
7230375
8237131
7120243
7289005
7309210
7383089
6981644
7057907
7222400
8642613
8878466
7298283
7317671
7575544
7580275
7432026
7446758
7496100
7512129
7542143
7845952
7883083
8469468
7571779
7625670
7659743
7703542
7705143
7726715
8004992
8044970
8149319
7328285
7343946
7438767
7532812
7618246
7652054
7679093
7698234
7740339
8099293
8520663
7126730
6944893
7563474
7496803
7593261
7631935
7719524
7856461
7012136
7098050
7410052
7545056
7606598
7647380
7663894
7712204
8009507
8600771
6192840
7286630
7677282
7756936
6979784
7084616
7382594
7495899
7669620
7679521
7687587
7726539
7897163
7912001
8050878
8326867
8806302
7515092
7684301
7855259
8400267
8730638
7130781
7195590
7319896
7330193
7550428
7405125
7786417
7106535
7145087
7428811
7526310
8417264
7416699
7420499
7646431
7674103
7752002
7812135
8108541
7987173
7987474
7121040
7491652
7009423
7194857
7516485
7408833
7408890
7590566
7591833
7718657
7728287
7757130
7964869
8427191
8528287
8886225
6973148
7559099
7398527
7570253
7573326
7631817
7744837
7941100
7664462
7949310
7146811
7341805
7555573
7885979
8013718
8401555
8826805
7561208
7320739
8397529
8172747
7312662
7513662
7655579
7180489
8809305
7676067
7768801
7880437
7904832
7934527
7969384
8082303
8559960
7197336
7232279
8033263
7487674
7515144
7543198
7565894
7685661
7783511
8181901
6615293
7105400
7204875
7256652
7279253
7746129
8334268
8594526
7514949
7564145
7369613
7386301
7450711
7498543
7543489
7569220
7693767
7762281
7824792
7946416
8093559
6890411
7013928
7194942
7231464
8696618
7390388
7515302
7530597
7587350
7695842
7736037
7807842
7994947
8038276
8054457
8060272
7273125
7449564
7566924
7653512
7739081
8121179
8127553
7129650
7367808
7375681
7390492
7641303
7652046
7659309
7723430
7789314
7939146
7950630
8073751
8326877
8850327
7373849
7382400
7440767
7513310
7515301
7591741
7610237
7720436
7761420
7828069
7958597
7177600
7108125
7221928
7252676
7383352
7122614
7172476
7176531
7194723
7197786
7345768
7561525
7571333
7703014
7198952
7329148
7519823
7691826
7718519
8207167
8430865
7162386
7176800
7259441
7305904
7349915
7502299
7513000
7577001
7954591
8826669
6994831
8070495
7104209
7428760
7508928
7540220
7672921
7721166
7736950
7918099
7991522
8269359
8634982
8826726
7378117
7405136
7502445
7767120
8003922
8019723
7211754
7377091
7436412
7450263
7527309
7643201
7659985
7785781
8448801
6935681
7097369
7547275
6891632
7109536
7121457
7179028
7280107
7440249
8623930
8809348
8879949
7387679
7956921
7985200
8103957
7142171
7274157
8623862
7206367
7208114
7758722
6609671
6713569
6939840
6961031
7029233
7118499
7292883
8677496
8701905
7220840
7314084
7412229
7418607
7856176
7936115
8139587
8187106
8725646
8838700
7107744
7202446
7486228
7908732
7330439
7504403
7810736
7823875
8738385
8856131
7564236
7633163
7836085
8272311
7349124
7150219
7817489
8535989
8800768
7437145
7512110
7533994
7589410
7611676
7699264
7723923
7851380
7881907
8803055
7192013
7389297
7538156
7578831
8019220
8210107
8359564
8475787
8628266
6959469
6978364
7002453
7570778
7200834
7328126
7587841
7731375
8623935
8623937
7577125
7619702
7757677
7868332
8077101
8135848
8189327
7421865
7513244
7525779
7692457
7860660
8176600
8713669
8728052
7434160
7442067
7510046
7534067
7693427
7915071
8803006
8879510
7135950
7148323
7162513
7422692
7730230
7867173
7358374
7440828
7527430
7544576
7582711
7694226
7701983
7733970
7879524
7914225
7938534
8026753
8367130
7389689
7517372
7619559
7740680
7955872
8047831
7039625
8649557
7516889
7647358
8455435
7214344
7394962
7159918
7312828
7323830
7413222
7436196
7810736
7866601
8132784
8378791
8838933
7369808
7418112
7423750
7488444
7505665
7570781
7584591
7694889
7705321
7769019
7813248
8350547
7192840
7309382
7442941
7494915
8624110
6924983
6933921
7037736
7059816
7085191
7134896
8834954
6950649
7820164
6997318
7027355
7028114
7287912
7793798
8252997
7379074
7388989
7561270
8170301
8363125
8761984
7234313
7521065
7875924
8097824
8747192
8752069
7332577
7488547
7937696
8647240
7175210
7641363
7726967
7346405
7421884
7740826
8838933
7388285
7388609
7491031
7710904
7772527
7914261
8231838
8347248
7513099
7589726
7642322
7672782
7777560
7813240
7888681
7937004
7966530
8264767
7194708
7332423
7334529
7425936
7740731
7955324
7443610
7556610
7585944
7682028
7694708
7917140
8059674
8767157
7260653
7294081
7313180
7348171
7393562
7565829
7507149
7666692
7843552
7864416
8447817
7263902
7559671
7564551
7394894
7422907
7444334
7452568
7502402
7643841
7648453
7781225
8875994
8290486
8803140
7534184
7558507
7796621
7279911
8644712
7665249
7829915
7374366
7379561
7411627
7437383
7499353
7556021
7566787
7569318
7647258
7831685
7834525
7849552
7873318
8004270
8058561
8275094
8290324
6887830
6951013
7405133
7084787
7278303
7363500
7918643
8516334
6192840
6998527
7029646
7084652
7095988
7123321
7231136
7231140
8192148
8798131
7439080
8888049
6891695
7084787
7104526
7122981
7181779
7241397
7405111
8722381
7417536
7569404
7655148
7934479
7954285
7992635
7993791
7933469
7271015
7407670
7569542
7639504
6186883
6856454
6899757
6930300
7163301
7667633
7211294
7281087
7318929
7431304
7581614
7618161
7503554
7503844
7524828
8159774
7268932
7499071
7726401
7927794
8833824
7409633
7411739
7412777
7444397
7506925
7515506
7592478
7612618
7641514
7659439
7706791
7758390
7873191
7885803
7924868
7994535
8051879
8509687
8638374
8828193
7369969
7627798
7654594
7899530
8372444
7388163
7440507
7441187
7564284
7625017
7707188
7916239
8055171
8087521
8180336
7452923
7507721
7511902
7561605
7575612
7642470
7652373
8192911
7234970
8693319
8879911
7393367
7396921
7412349
7502370
7546632
7636973
7677116
7940523
8031327
8107741
8237828
8593831
8665528
8867392
7381645
7423507
7538585
7923118
7202863
7212150
7285050
6614122
7288610
8691358
7588758
7622227
7710915
7725456
7743174
8718280
8831063
8837662
6919817
6962964
7317715
7436992
7819592
7178142
7233524
7268932
7347978
7369793
7618469
7161823
7389837
7545580
7558976
7571735
7574438
8838937
7415827
7666611
7782704
7886973
7372656
7486299
7505184
7582872
7724877
7725218
7844411
7119500
7280393
7317481
7360466
7406163
7617693
7671461
7941981
7956954
8183219
8587719
8650543
7151473
7208323
7524535
6887050
7681532
7314545
7314606
7448320
7522062
7759418
7488255
7507676
7535923
7701160
7701596
7711626
7712378
7827282
7943374
7948610
8049523
8063462
8352517
8388106
7272297
7428176
7439395
7523335
7562761
7571208
7643850
7680544
7698997
7704719
7707175
7720396
7812184
7829067
7947106
8035652
8103705
8146185
8177550
8196395
8303905
8359364
8826535
8828208
8828971
7101403
7285452
7733076
8120991
7146445
7637962
7649322
7673841
7733251
7878171
7922855
6205244
6947914
7140160
7158673
7243526
8856315
7195318
7258153
7313138
7314895
7436783
7866790
7504931
8471157
6833556
6890134
6953819
7358336
7391266
7519971
7682375
7992618
7272843
7537793
7705341
8169653
8170772
8828208
8858874
7078051
7087267
7114542
7428745
8403801
7327799
7400271
7436374
7596207
7793597
7805499
7222951
7407611
7488732
7585702
7591868
7618362
7685642
7760598
7765127
7852074
7967237
6861129
6914458
7016574
7019787
7047063
7055523
7137307
8019455
6974355
7213508
8802890
8867462
6723359
6959546
7037273
7104520
7185731
7699009
7793581
8308304
8557033
8656342
8858875
8867461
7740292
7961127
7975348
8156934
8513606
7567829
7593710
7619322
7636690
7760196
7766200
8204571
6952289
7223300
7252349
7324185
7519936
7761906
8624113
8725259
7494990
7568493
8145077
8441511
6209494
7189779
7992292
8826728
8838937
6721695
7382696
8458350
8487118
6856556
6953896
7429565
6880083
7116313
8536392
7418299
7443283
7637197
8120731
8348546
8568028
7150273
7892561
8082009
8123599
8394790
8878536
7522076
7733890
7795952
8675299
6884166
6907873
7102102
7182896
7186276
7293423
7744186
8131805
8484540
8571846
8714089
8826598
7157351
7241048
7912631
7425572
6908725
7192789
7933410
8014167
8394793
8696633
8742021
8809350
7091596
7407905
7691113
7893160
7952306
8126279
7042143
7148393
7377604
7152992
7235766
7722505
7785648
7431520
8834912
7596650
7600342
7612506
7657683
8419287
8489655
8664301
7119406
7214307
7332437
7791992
8373104
6757082
7261270
7591091
7545912
7627485
7707266
7717918
7760677
8061793
8149988
7558531
7588396
7613266
7732843
8012876
8826447
7427211
7628506
7719132
7739072
7771542
7784624
8194187
7348386
7387737
7661713
8400161
8601054
8678517
7081313
7422399
7488299
7563165
7873454
7916263
8838621
7045522
8806373
7273988
7373438
7427019
8392388
7699078
7953789
7442129
7489192
7517273
7725922
7764589
7864211
7914377
8265434
7107069
7292594
7320227
7342756
7504010
8017561
8799913
7248780
7333723
7491269
7499294
7570179
7576765
7608199
7627643
7636427
7796571
7819043
7959874
8051871
8195301
8838430
7344733
7519707
7677548
7924371
8327020
6899106
6924051
8403753
8806318
7350085
7552132
7589896
7610432
7730367
8371771
7159279
7646243
7808250
8393677
8669014
7087636
7186693
7306742
8769846
7307410
7321356
7527735
7922517
8141633
8496872
8623733
8642296
8856326
7423606
7538484
7646311
7857231
7993764
8704882
8850141
7394147
7518466
7642602
7668703
7672332
7218106
7384704
7814163
7886140
7411785
7514890
7564923
7573688
7615926
7648760
7685139
7733940
7737820
7923347
7982672
8116234
8653428
8253977
7339683
7392767
7566908
7610619
7697438
7712711
7837207
8056239
8076720
8184889
8199339
7651541
7673474
7681689
8573420
7368176
7395243
7647489
7710525
7729158
7760383
7816064
7855093
8367422
7137502
7538944
7700382
7735248
7887786
8005510
8165661
8239917
7082026
7333408
7381851
7962169
7256788
7437687
7526833
7550588
7383601
7580542
7973284
7105114
7296128
7326328
7397989
7551569
7575039
8037929
8311668
8826376
7396381
7420013
7718055
8257311
7569030
7730219
7847693
8637953
7197431
7625656
7958806
7555132
7600310
7644709
7648503
7666526
7750911
7773175
8014530
8422882
7495168
7567010
7642245
8826700
7233365
7180789
7228459
7412738
7662931
8841921
6939322
7005269
7110576
8403763
8747094
7381401
7536352
7625552
7635129
7677047
7684851
7988594
8488792
7500210
7526057
7693367
7693668
7696707
7899439
7976516
7979294
8029589
8834957
7411630
7538388
7567046
7643554
7890512
7551768
7564234
6796785
7488667
8060265
7487716
7764066
7851602
7919000
8057930
8139677
8359552
7027213
7092908
7191276
7559130
6905135
6997047
8047880
8739282
7395226
7655629
7692739
7769242
8118592
8857115
7399019
7559770
7590398
7600652
7649447
7668545
8240968
7166275
7205281
7272841
7761398
8089154
7404510
7428466
7504684
7534609
7535118
7577182
7743774
7928223
8838432
7059312
7094097
7324005
7859754
7389516
7517225
7639033
7679313
7768202
7835918
7851312
7988310
8070415
8273766
8350420
7273933
7428392
7516439
7587268
7667753
7797191
8833817
7328530
7487079
8752078
8800840
6973898
7020022
7035767
7128035
7475108
8489380
6964891
6973940
7094309
7059211
7266556
7305592
7890921
6968734
7087945
7388095
7758826
8043337
8108042
8829673
7190112
7386641
7530574
8275148
6912500
7341029
7128689
7159759
7260565
7305137
7405364
7821276
7940457
8507124
8720938
7253676
7745635
6908759
6919175
7039521
7500331
7510967
8509907
7588770
7975189
8852939
7707399
7790017
7859114
7937989
7160584
7345512
7348281
7546620
7674974
7960589
7122578
7151835
8217934
7277510
7309929
7772540
8852811
6990076
7913518
8752101
8800593
6942132
7022926
7084706
7182199
7274622
7562569
7403785
7522490
7757301
7833830
7847081
8253049
7021449
7878048
7979398
8734343
8844592
7311030
7566931
7517147
7560602
7736465
7751431
7969066
7977685
7415582
7427574
7549124
7662520
7511851
7580388
7585097
7663721
6509003
7172051
7416646
8210233
8750806
7043592
7163520
7430540
7619486
7640553
7691658
8410464
6902352
6934407
6956817
6995954
7390603
6856329
7037627
7106607
7260822
8200285
7392469
7429022
7580926
7650203
7776824
8852813
7538231
8039564
8484963
7159653
7173020
7362105
7532344
7855307
7946041
8812395
7400462
7685932
7804541
7955905
7989093
7378008
6941310
7048625
7279116
7521738
7535352
7551032
7687540
8176612
8273284
8724629
7411635
7430149
7496063
7547023
7608989
7704694
7847629
8008807
8523729
7377760
7427887
7553067
7566779
7632534
7678094
7689875
6881864
6932960
6933893
7013957
7071224
7639862
7670692
7732606
7807059
7937436
7420857
7522653
7690237
7756001
6991533
7003613
7214953
8651225
7334426
7394011
7249156
7797784
7117719
7444225
8127352
8153188
8350115
6960423
6981172
7212253
7214221
7225932
7162715
7307261
7581051
8812475
7426976
7561883
7577024
7632914
7737910
7741676
7853182
7920962
7944973
7957007
8103758
8821514
8837624
6893987
7096671
7279852
7528717
7531272
7552424
7894106
8162899
7556437
7673423
7974835
7081710
7348703
7589280
8138695
7271525
7384427
7443819
7544347
7824560
7862707
7866243
8800385
6993785
7556650
7676548
7712332
7830047
8320585
8557674
8870087
7667510
7688499
7689398
7996585
6962568
7542085
7206242
7495212
8166332
6920756
6964220
7677835
8106231
7315624
7145236
7736854
7791939
7894366
8013619
7446970
7387648
7576073
7703024
7870389
8326911
7044081
7071815
7136148
7362244
7365793
7411706
7636896
7792474
7869149
8094002
8376911
8658252
7418953
7429159
7570310
7583007
8306944
7418339
7449270
7531096
7541448
7558575
7597562
7615306
7974786
8128582
8133111
8260786
8470065
8811482
7381910
7407583
7438343
7526742
7527221
7672775
7853375
7915178
7996635
7398249
7514747
7573555
7591780
7651395
7700369
7793544
7793555
7924843
8055309
8057990
8059986
8329027
8459676
8567566
7193696
7407517
7723985
7736527
7829266
7519357
8623835
8826487
7490106
7550606
7610312
7611280
7664084
7891341
8240023
8346864
7251640
7401142
8121296
7330251
8624463
8838599
7894543
7966151
8390609
7492800
7517807
7564290
7663581
7991482
8800701
7295303
7224983
7361822
7831824
8637690
7418589
7581659
7636218
8615291
7443860
7662847
7869336
8187602
7386737
7389578
7522740
7632254
7663394
7817077
7903246
8359393
7389453
7409302
7440552
7558967
7569171
7582624
7634547
7683467
7738183
7761237
8197650
8683924
8857007
6953501
7246992
7178131
7289696
7977357
7385950
7434517
7488207
7508099
7513312
7568320
7614337
7684770
7890033
8809380
7392718
7503926
7549436
7583697
7611571
7652097
7659622
7683929
7684349
7792439
8157217
7384019
7391792
7568976
7657473
7695564
7707926
7961735
7988347
7577624
7652068
7652115
7684047
7853965
7887049
7947374
8352186
8802866
7576966
7724448
7881645
8699344
7558784
7569966
7615639
7652053
7694004
7486293
7523674
7549890
7612107
7680270
7694592
8176464
8265867
8856686
7268618
7876422
7882720
8313833
8314382
6956947
7123752
7933980
8344865
8474574
6904414
7063389
7078406
7153077
7166458
8034727
7343426
7423749
7494752
7519907
7528064
7536062
7614210
7633116
7936636
8335913
8822669
7566290
7654550
7847963
7416818
7431384
7530640
7647772
7696807
7704822
8060258
8132016
8189780
8389344
8484421
7317701
7430338
7511864
7565231
7656068
8673547
8800119
8826448
6698214
7038596
7052163
7111477
7512171
8812206
7142693
7300793
7320514
8396891
8747229
7440971
7595201
7689445
8038425
8210126
8689757
8802867
7417177
7438226
7693998
7765516
7818424
7826326
7398014
8125768
8809381
6887890
6983891
7001821
7193886
7233174
7803332
8447930
7577993
7853193
8092653
7169612
7377976
7438878
7512944
7838179
7884550
7935668
6900241
7227321
7426513
8724397
7142971
7179074
7204414
7234629
7354272
7829112
7140452
7145500
7514481
7626714
7846519
8826653
7207978
7495650
7426779
7640947
7706953
7383303
7700823
7832230
8107585
7983016
6975359
7190931
7205592
7770379
7775792
8659666
7536209
7539811
7694149
7723822
7801142
7997037
8000229
8000336
8123055
7110407
7166426
7178181
7192826
7367208
8474287
7004837
7021261
7089404
7180106
7347953
7456516
7709266
6924364
7159416
7360105
7521488
7543670
7555261
7568235
7582935
7604418
7632637
7673357
7701941
7761496
8349908
8688465
7385596
7539232
7567459
7574920
7610922
7625646
7675596
8358210
8839052
6800631
7023278
7092016
7031387
7080437
7124235
7572161
7612981
7775739
7787464
7792716
7829266
7839406
7857376
7929627
7948451
7988426
8148457
8572565
7118687
8476135
8798032
7778297
8722413
8839122
7178146
7276002
7304542
7519865
7586745
7400297
7428600
7687797
7752231
8358232
7391177
7575943
7596713
7600640
7655661
7664745
7974475
8049113
8136313
7160008
7183135
7206059
7278308
7303181
7436518
8839227
7364729
7389921
7400053
7412828
7413000
7413038
7669690
7681848
7833738
7901556
7172570
7266913
7135263
7179453
7223748
7315866
7319786
7395163
7578094
8800376
7427740
7593272
7921661
8109206
7360596
7415660
7666018
7691849
8452936
7340767
7406544
7422261
7496431
7530254
7534136
7670753
7837927
7862293
8189789
7095961
7147988
7190014
7591557
7667946
7011337
7016950
7126529
7572881
8798121
8831122
7180756
7294214
7375888
7387143
7396464
7549507
7944184
7080693
7167212
7456425
7459655
7813866
8223527
8272709
8651229
8747131
8756767
8861241
7206985
7488310
8115936
7371120
7522741
7170707
7561864
7581792
7644431
7647732
7674200
8036901
6975241
7319161
7481340
6628901
7286063
7571480
6976329
7076162
7513859
8856371
7496991
7708141
7728738
7889347
8746733
7188289
7295715
7303507
7324097
7396703
7405498
7418985
7439928
7505065
7552498
7597068
7636458
7677064
7685640
7712809
7726798
7840003
8018536
8160056
7285420
7510520
8194286
7361408
7832570
7986810
8000218
8021980
8108275
8201326
8615550
8757128
8831165
7930821
8362062
8882926
7423105
7531046
7611030
7636212
7672416
7731271
7793801
7821477
7916044
7929447
7369759
7552423
7641148
7662315
7725931
7784359
7794358
7932349
7974790
8313758
8361896
7336602
7354679
7365941
7387288
7511118
8752933
7419734
7539333
7573452
7602657
7636609
8731101
7373012
7445122
7452154
7739403
8271593
8825319
7145457
7204560
7296635
7418785
7905378
7437675
7548902
7662807
8853195
7850800
7935384
7408734
7428129
7438908
7492818
7522836
7526021
7526046
7769391
8875992
7577600
7211437
7592688
7861855
7390568
7398570
7427630
7438322
7589580
7594669
7610147
7612067
7616909
7627325
7627334
7696966
7732776
7808006
8378560
8405471
8413367
8800216
7447145
7587742
7612691
7722393
7976915
7004758
7947334
7197261
8624430
7436999
7507636
7581036
7596639
8821552
7125422
7127460
7398745
8266258
7582236
7750715
7754165
7781036
8142415
7503485
7510612
7707564
7808160
8327311
8358654
8803071
8812115
7337821
7434398
7537642
7267165
7420617
7597122
7387747
7519923
7628442
7661571
7818536
7850312
7906498
7964429
8258575
8826847
7329766
7430570
7657775
7874545
8345320
7319042
7693914
8381588
8635391
8856367
6998624
7066737
8038273
7272902
7934514
7573948
8280601
7189052
7937647
6582399
7255663
7296158
7321475
8060499
8800659
7033009
7052362
7365471
7564733
7569995
7616128
7621981
7650112
7680943
8580971
6915974
6935842
7015393
7027493
7392003
7439442
7942656
8839342
7278966
7023462
7584127
7279030
7377060
7392120
7711874
8123402
8302196
6950040
7057559
7388770
6927019
6957527
7162347
6904719
7317696
7412690
7441227
7485325
8458197
8466428
8600989
8800249
8624161
8629453
6947887
6965041
7020527
7913479
7993974
8677540
8800822
7144910
7491883
7581482
7629872
7659863
7737056
7874074
7948419
8535520
7891324
7073258
7161253
7394803
7548679
7159803
7966274
8665957
6867854
7186855
8265228
8629452
8821551
7443510
7526760
7538539
7884106
7396698
7548746
8726534
7448544
7490040
7537271
7605794
7773565
8478046
7583871
7687997
7728747
7728915
7750428
8086621
6795404
6951480
7059368
7103480
7146732
7249098
7274545
7394758
7395567
7444750
7504086
8798113
7491361
7950014
7411709
7448806
7660578
7692596
7876271
8274796
6897460
6925702
7086466
7226987
7581762
7662523
7738200
8026443
7379213
8517612
7059757
7091817
7109282
7192964
7564469
6733595
6929532
6979862
7115345
7293326
7451309
7565478
7786832
8392955
8799800
7378509
7387791
7505213
7776078
7787250
7095256
7165811
7193913
6941357
6946503
7270292
7566664
7384132
7489922
7498056
7565135
7695305
7486824
7532395
7785744
7551643
7612785
7698115
7774416
7934132
7409812
7695768
8037961
8705199
7452378
7763314
7821297
7823131
7893141
7915910
8551369
7122766
7668323
7828270
8068357
7538856
7575747
7592369
7621609
7753880
7768357
7901136
7978565
7992288
8203572
7260315
7391900
7747147
7883689
8468275
7233281
7273877
8624332
7531119
7707568
7770427
7888011
7928833
6959495
7198368
7397707
7525624
7526642
7679350
7747411
7903621
7967909
8361085
6974888
7204088
7434667
7538597
7546756
7563154
7578385
7609480
7675122
7728004
7805655
7808070
7246316
7253880
7447501
7644914
7658180
7875625
7532948
7545328
7110446
7395467
7431429
7539716
7590853
8566892
7736218
8078715
7348433
7427905
7491609
7510714
7559458
7573306
7659042
7706181
7903714
7974212
8354697
8800580
7382543
7399448
7871880
7317783
7322951
7673137
7723617
7764455
7085311
7218718
7340904
7416276
7566420
7577043
7648718
7680254
7939968
8126517
8299549
7434052
7564983
7578017
7589564
7596499
7626823
7791264
7823039
8127509
8528028
7057505
7103801
7180569
7232253
8217862
7409613
8297368
8316860
7195226
7359892
7391864
8036210
7168038
7168805
7026702
7183631
7190334
7556782
7696382
7261351
7543797
7884660
8181128
7412284
7748491
7924548
7939606
8132979
6993412
7048360
7517559
7528401
8579201
8696376
8816714
7236907
7317649
8352929
7048704
7261705
7270437
7287457
7322088
7329088
7351520
7804909
7840042
7843398
7893572
8175611
8358411
8632385
7611212
7675675
8572074
7423572
7565212
7698788
8302041
8535987
7183282
7285367
7346422
7351520
7883262
7158220
7268901
7427676
7418870
7426256
7487017
8415114
6931157
6974093
7520941
7550015
7617117
7668934
7866342
8339118
7025068
7029686
7032771
7079576
7427372
7737414
8136461
7258548
7319009
7338315
7486878
7658811
8473631
6877894
6976600
6977682
7001353
7114556
7123788
7287814
7349699
8738387
7378349
7395224
7404516
7419135
7500197
7542211
7550386
7619392
7654912
7696081
7703881
7809886
7934271
7953363
8056061
8276052
8330737
7144551
7279236
6946405
6977131
7011086
7148294
7175833
7903305
8647107
6943971
7114023
7315444
7329942
7510116
8635392
7338655
7417699
7421555
7497874
7572481
7578971
7589982
7630612
7711738
7746495
7825653
7875825
7894931
7995052
7380996
7412480
7565718
7568716
7569460
7631759
7640070
7647475
8083169
8141161
7243844
8190581
7648749
7048809
7147078
7308281
7378131
7422034
7575980
7730919
8185926
7048647
7124018
7268124
7275786
7753836
7782756
8633620
7393859
7589323
7694792
7700128
7710715
8017924
8167761
7510231
8320848
8769535
8802709
7326900
7135608
7246458
7672761
7866165
8809176
7242948
7383875
7450294
7824832
8493801
7294297
7507856
8322607
7325531
7441946
6669973
6908881
7050138
7192606
7296551
7440259
8402948
7026311
7246521
7272493
7352859
7110052
7243486
6939147
7632528
7095082
7192632
7282040
7750256
6669992
6962783
6999695
8141529
6854067
7001935
7780735
7864875
8800222
7633185
8057951
7390012
7884136
7901605
8105383
8362458
7860750
6980036
7285780
6629380
6860389
8631776
7381837
7405059
7564189
7587238
7617266
7644944
7655670
7668811
7727304
7124845
7381978
8207385
7008841
7085177
7120202
7406332
8174101
6939147
7043626
8302408
7185766
7378863
7892016
8057591
7486788
7523052
7608990
7647549
7649571
7651977
7872980
8318872
8800137
7498570
7536409
7550581
7561957
7583879
7607563
7656734
7746891
7774397
7248743
7358153
7431507
7507716
8132781
7325448
7630931
7383930
7450202
7057464
7119628
7732633
6568878
7209581
7437947
7590391
7397041
7447105
7537744
7613901
7645803
7697561
7703204
7800575
7859075
7887631
7951722
8355734
7135373
7175860
7275408
7283893
7314729
7703850
7048442
7452797
7629833
8731030
7253983
7846287
7375621
8059031
7283825
7391308
7754545
7794479
7432056
7499453
7563726
7830672
7131952
7183019
7225429
7277883
6963421
7104743
7105999
7274964
7308941
7441797
7567560
7751669
8054268
8655011
7292683
8145830
6906529
8209505
7661177
7995521
6934381
7182914
7399768
6938526
7345713
7118691
7293289
7141137
7236716
7335960
7791564
7047175
7114715
7148849
7177648
8836356
7863725
6818131
6924469
7117821
7199250
7433389
8160787
8817683
7387077
7421641
7662106
7666913
7831001
8687129
6956528
7109265
7187775
7921484
8007743
6942063
7039841
7067402
7090936
7118381
7199055
8568584
7645802
6986901
8127250
7434309
7487382
7491200
7533673
7568516
7664543
7797471
7838654
8175467
8713586
7071930
7139710
6856378
6953374
7018946
7278238
7387023
7833008
7900706
7924550
6951745
7135499
6794206
6946226
7146745
7305859
7328922
7561547
7732396
7527796
7549955
7791513
7090785
7139582
7349432
7789807
7914896
7888434
8151766
8398529
6794206
6883849
7428444
6938423
6844627
7564390
7704816
8392056
8601553
7642137
7666630
7706688
7995143
8263691
7352090
7065789
7120519
7408615
7569705
7826417
8156567
8277080
7751634
7491201
7539986
7562941
7583061
7695689
6968485
7203945
7268084
7567266
7665925
7668684
7891943
7933998
6912636
7190172
7877045
7170678
7433869
7493068
7852967
7175565
7637236
7152077
7581699
7296830
8099436
7083894
7214511
7351080
7440097
7195713
7312958
7644959
7834452
8235666
8624367
7161385
7390746
7507423
7408464
7543273
7573487
7663691
7672812
7786557
7890251
8071733
8350104
8613728
7186374
7333623
7431265
7586599
7523137
7529933
7577527
7735204
7764333
7779698
8227912
8330153
8856745
7604621
7739549
7763807
7920652
8023456
8115666
7663620
8010980
7514599
7515058
7737441
7749012
7412183
7493736
7529016
7589969
7621094
7637536
7638573
7644601
7673454
7742313
7966628
8230746
7426283
7585261
6971327
7003349
7245234
7490009
6964936
7290006
7285387
7904496
7317189
7556445
8055102
6960260
7144036
7190072
7292650
7379327
7727721
7343239
7382102
7443001
7492236
7549148
7635462
7989624
8803043
6906163
6983822
7051059
7145326
7826361
8209734
7267545
7346670
7355153
7585956
7886119
7987494
8396419
7143638
7337852
7369800
7173755
7583373
7154306
7155886
7232980
7257375
7594907
8633562
7292676
7329451
7547141
7610004
8346414
8398774
7550863
7073825
7259838
7373185
7542839
7940383
7383989
7516788
7586105
7676440
7833342
8234578
7503707
7600287
7617212
8071749
8601810
7438944
7624257
7543878
8572234
8837691
7445258
7521268
7523047
7537858
7555076
7601207
7623526
7673058
7730256
7767043
8043455
8074959
8627887
8747524
8831059
6627894
7166938
7381649
8852925
7396472
7431888
7648094
7858734
7916076
6869177
7226585
7510256
7784713
7798086
7950005
6971263
6330801
7133275
6945085
8806580
7701119
7207415
7224353
7434848
7498249
7361589
7395367
7400177
7581558
7766131
7774522
7776797
8831124
8853022
6887323
7721046
7943826
8645829
8728535
8746649
8800493
8837576
8856777
7724312
8167659
7496638
7571202
7679629
7825652
8363651
7689548
7758203
7817059
7426674
7497956
7524320
7532438
7561884
7674293
7709314
7830706
7946406
8610524
7156915
7358251
7393766
7993699
7120432
7139602
7196451
7263947
7338154
7351245
7900731
8395731
7411822
7545816
7596923
7600376
7614995
7708939
8028494
8339515
7388920
7722655
7191266
7254711
7418989
7573539
8221126
7374699
7380939
7578100
7580086
7636168
8103931
8388360
7699304
8046631
8227237
8469940
7134743
7191255
7259022
7407801
7521500
7523819
7648162
7679230
7743949
7773066
7856372
8157208
7124550
7261096
7544477
7600736
7689789
7928465
7678966
7710087
8032244
8049866
7392334
7753461
7835605
7433206
7779185
8009498
7002362
7008262
7530691
7084917
7349210
7393795
7666239
7669153
8000798
8244725
8811488
7444101
7566873
7635640
7657356
7853654
6947302
7090045
7131520
7798239
7924717
7378366
7426590
7434472
7707521
7721434
8211819
8351984
8364185
7121696
8601076
8747102
8838467
7490550
7639914
7710496
8020409
7437821
7583323
7703021
7782456
7942744
7138908
7175193
7179030
7319037
7408256
7516670
7610152
7678687
7889174
8870048
7575422
7800888
8151059
8758446
7149784
7224314
7316592
7436265
7500932
7588830
7643199
7672604
7720428
7737585
7001046
7120432
7196815
7263947
7890794
8346856
7498562
7522323
7688337
7868017
7882282
8209340
8721641
8800821
7767427
7944551
6791230
6995011
7082368
7087058
7296164
8052293
6960142
6973238
7120431
7152955
7359471
8006587
7423496
7499769
7525201
7566015
7586597
7614588
7657298
7822271
7911319
7957903
8005717
8180054
8190715
8229204
8808447
7373308
7434286
7636589
7637783
7645710
7654763
7697132
7741510
6970965
7257414
7564230
7087765
7297352
8856695
7327893
7333082
7346595
7379346
7342083
7350860
7425551
7519541
7555510
7594641
7650627
7822419
8052475
8157066
8185000
8441161
8497137
8621227
8712559
8837608
7293678
7549895
8705545
8734350
7395443
7415416
7662733
7789516
7849386
7983882
8063442
6887309
6932124
6986532
7272161
7388790
7194244
7360660
7656690
8046983
8890189
8897730
6972692
7045616
8141577
7355130
7510780
7524400
7594887
7643390
7687666
7729966
7834202
7885051
8085864
8231884
7500812
7709030
8299101
7447959
7524860
7528635
7665554
7723653
7788206
7889997
7915646
8182891
7388395
7388423
7425145
7446585
7650594
7797785
8140010
8316843
8366150
8433423
8604365
8801225
8834891
7524390
7628164
6687975
6930968
7039336
7098236
7135189
7145663
7147137
7182303
7524390
7628164
6687975
6930968
7039336
7098236
7135189
7145663
7147137
7182303
7259395
7537886
7279220
7377661
7488454
7082510
7125250
7147371
7218066
8874730
7392763
7505216
7532682
7539703
7609912
8049031
8826360
8856256
7488332
8185880
7513717
7582337
7626435
7675081
7755863
7797701
7847842
7931370
8866269
7642110
7647831
7702694
7888306
7888483
8800136
8800138
7171367
7239361
7916430
7325552
7671182
7508731
7692285
7727903
7803998
8112736
8780542
7429450
7492962
7591105
7643289
7727176
8197893
8267226
8590739
7125818
7323740
7416547
7438642
8163589
8773903
7439123
7203803
7325565
7500379
7346409
8644689
7303792
6982269
7319865
7341946
7405007
7443657
7730592
7490696
8141556
7094215
7142634
7154849
7213546
7786781
8607516
7396902
7427618
7491013
7500984
7503373
7579587
7651210
7655772
7749216
7788851
7898853
7919851
7069138
7165143
7316632
6876188
7386892
7518186
7040977
7258333
7371341
7549500
7766887
6981228
7522622
7730232
7924387
8728470
8799792
8856257
6951870
7271723
7271922
8831117
7311552
7367403
8123941
8299550
6951552
7016874
7056408
6564566
7350372
7400957
7407363
7408456
7497359
7610196
7858153
7931256
8198614
7039336
7104647
8838547
7561719
7664325
8103209
8375081
8632782
7131801
7142878
8637529
7238175
8470344
7011207
6966551
6983313
7080811
8476119
7272558
6920178
6970094
7191711
6949674
7073299
6652074
6980902
6987926
7051872
7172746
7175519
7595991
7447061
7491896
7535434
7656160
7693989
7811107
8190682
8571491
7365131
7569481
7587030
7606626
7671722
7234406
7241736
7308207
7347881
7415511
8006742
7228943
8838395
6878955
6803859
6949778
7949241
7167337
7292843
7350246
7560160
7765824
8128463
7157285
7319964
7850760
7539835
7562772
7577317
7612286
8188169
7589345
7683031
7732730
8856128
7179315
6812930
6917406
7187494
7490614
8866271
7209928
7403837
7117652
7368470
7904655
8025898
8828995
8839220
7319953
8047700
8629347
7440878
7989597
8351649
7066438
8434524
8825342
7591217
7639651
7997681
8188917
7052741
7314035
7397939
7975755
7085221
7120446
6993940
7389903
7211674
7244361
7419601
7422737
7450923
7565269
7644281
7679733
7805679
7817651
8237263
8353764
8576733
8747800
7122468
7164522
7432727
6550404
6917577
6966959
7031230
7352524
8183775
8684650
7065977
7146085
7183035
7821218
7025353
7494266
7614479
7684153
7689786
7737618
7805640
7955913
8048347
8124926
8281070
8806476
6911798
7117591
7124691
7141327
8589998
8644718
7340984
7430124
7586541
7725568
7733318
7745479
7818505
7826937
7941389
8039400
8248441
8427210
8475153
8577901
8686812
8833823
6550376
6980003
7023358
7122770
7166591
7186654
7247446
7564003
7898344
7029895
7946362
7516967
7590622
7663889
7221424
7579839
8296247
8672728
8856130
6423098
6822362
6886548
6899737
6902505
6999919
7012545
7059243
7171744
7723449
8116646
7486490
7637646
7640682
7649415
7654909
7664481
7736302
7829216
7901268
8154873
8181948
8708989
7522583
7542901
7647778
7724382
7736415
7760154
7765683
7920909
8211846
8611579
7178682
7532446
7863200
8420737
7538532
7324146
7400454
7554928
6885618
7019696
7354721
8041068
7579176
7607164
7663284
7673521
7674166
7706211
7923171
7944745
7955703
7037490
7195550
7315441
7490348
7823820
8309656
6697421
6893264
7143925
7407815
8747058
7149966
7248875
7295928
7789114
7824788
8640395
8826338
8841459
7004138
7182311
7192511
7257386
8099371
7421128
7503438
7616104
7621340
7797493
7805867
8617262
7277121
7504572
8744353
6856369
6898425
7274118
7383823
7519204
7439632
7532629
7535868
7576908
7593773
7622240
7982925
8320198
6971753
6972085
7011749
7781231
7288996
7375912
7525720
7555959
7567278
7643060
7695413
7695647
7805867
8059524
8211360
7418828
7573685
7584579
7610369
7651624
7657016
7693113
7902078
7924438
8287538
7507496
7543678
7664403
7879909
8752234
7241293
7285381
7907047
6951784
7114378
7584409
7627290
7825595
7854319
7865051
7914967
8122885
8338675
8430807
8574741
6915558
7093678
8175563
7379314
7417481
7448754
7489649
7545762
7569013
7586342
7624957
7706173
8146194
7519319
7585734
7978410
8040511
7231356
7886649
7166364
7253608
7280265
7575354
7628754
7951690
7967882
7426868
7492782
7650508
7744672
7797763
7797936
7919662
8064813
7198885
7280307
7371295
7412673
7581994
7786732
7884793
7885634
7992917
8350177
8476317
7317827
7511527
7611707
7642006
8135296
8185212
7401341
7589388
7593823
7917157
8084913
8364026
7496211
7544240
7768060
7968886
8016194
7407760
7500439
7552649
7568473
7674364
7977608
8462388
7879502
7904523
7559541
7689084
7690711
7770210
7889920
7595982
7692256
7722311
7807512
7893841
7114580
7326928
8710821
7411156
7501793
7638878
7684653
7960389
8508401
7428876
7530379
7604334
7735541
7741508
7768171
7798151
8033671
8133011
8259486
7173541
7245021
7315354
7412031
7800562
8839145
6890140
7504194
7109485
7358142
8104727
7178794
7195932
7341091
7351230
7975772
7811412
7406760
7495700
7690139
7695854
7785975
7945282
8308575
7395442
7633546
7860663
8664926
8800603
7279471
7306824
7670299
7928852
7213525
7224791
7340766
7349742
7358089
7033570
7292207
7991066
8016587
7375738
7434130
7565709
7646860
7759576
7787584
7840342
8140849
8061012
8769839
7041768
7759158
7173603
7236531
7989631
7520690
7568362
7669509
7846885
7361620
7533635
7585165
7735042
7738384
7774674
7847423
6654500
7210874
7345867
7511838
7585509
7140366
7409274
7423736
7486377
7664093
8655151
8700702
8839141
8839143
8856952
6678146
7306306
7330257
7420762
7535389
7351131
7588048
7650482
7808552
8323892
8470068
7192848
7555714
7613147
7702062
8099749
7388920
7425598
7564427
7956871
7182141
7225967
7332454
8706671
8722319
8743741
7235353
7258208
7282164
7148007
7175727
7222770
7362245
7327817
7422693
7511129
8467052
6903022
7081066
7090748
7276458
7321666
7442141
7488652
7570981
7813423
7091271
7110742
7420763
7839999
7137574
7184875
7527127
7695264
7268406
7823740
7014557
7087406
7953586
8862605
7205903
7806858
7844376
8050317
7486415
7514164
7722329
7772801
7798092
7568125
8003226
8081786
7415748
7501243
7673581
7718796
8000892
8142803
8358700
8799825
7683764
7859607
6986213
7268464
7312659
7655312
7372768
7505219
7516928
7587692
7674104
7116591
7203841
7492134
7493079
6894861
6959914
6988173
7148584
8370891
7163317
6971763
7018029
7033751
7034007
7056586
7091906
7105442
7246173
7052559
7348985
7398740
7858716
8659672
7196579
7222260
7286018
7315566
8149802
6889771
7031722
7305560
6689345
6937854
7134865
7183567
8747174
7419016
7595801
7667226
7802645
8146733
7139615
7189214
7207247
7309977
7493557
7592090
7697837
7947333
8026993
7259188
7304462
7450092
7228167
7426557
7429124
8215639
6890157
6932600
6941574
7096020
7309377
7821938
6733323
6938570
6960684
7059627
7167122
7506062
7416930
7700470
7313403
7363893
7377552
7549169
7732795
8145948
7359801
7439623
7692323
7312760
7422511
7279820
7238077
7364575
7427948
7450593
7606841
7638655
7665108
7693457
7700188
7719430
7732228
7773505
7788533
7905989
7929712
8176946
7155483
7369868
7437031
7895782
8109151
7206833
7338470
7520896
6256532
7432551
8659716
7248680
7511836
7835138
8117455
8635396
8719912
7612514
7811775
8719194
7061391
7727593
6975071
7111966
7183561
7026839
7313396
7992657
7939914
7230374
8867518
6413655
7064902
7072942
7238807
7243194
8709288
7159258
7224772
8423249
8637733
8824866
7008073
7530266
8867517
7182760
7843639
8868611
6446556
7091132
7165465
8183138
7360352
7399510
7444913
7518472
7640507
7730035
8621817
7382280
7589897
7706275
7764846
7947301
8261811
7524157
7597209
7718780
7726658
7915539
7004168
7214798
6904016
6960377
7083130
7582300
6910105
6985189
7173899
7176424
7911574
6921985
7259984
7449583
7542386
7550566
7656960
8812339
7424465
7437397
7498128
7517110
7713843
7718599
7772489
7881565
8460825
6892120
6925844
7053720
7214189
7511670
7558981
7593456
8817678
7348727
7448074
7526799
7588796
7610874
7684164
7722282
7825236
7848705
8140932
8593226
7450905
7515638
7528087
7558275
7587283
7612144
7828617
7969900
8009443
8145977
7490366
7557741
7960017
8007910
8124216
8124823
7007070
7219964
7309186
7574922
7348819
7446518
7036863
7305690
7679308
7785496
7854238
8187184
6918380
7277835
7334979
7382771
7532832
6949873
7349655
7433640
7450646
7637928
7654910
7666288
7749764
7754582
7847590
7971995
8034567
8415233
7390208
7613736
7843504
8338991
7115251
7119507
7153345
7289073
7401378
7773653
8647237
8826790
8859516
7059366
7079642
6902531
6949549
7057241
7253408
8510708
7622441
7657467
7759503
8792284
7405096
7586080
7664731
7686872
7827927
7866633
7276423
7350588
7499269
7515842
7528764
7544451
7582878
7660741
7665439
7677413
7780318
7899121
8297067
7062152
7088415
7630407
7725459
7796176
7611402
7395938
7405013
7522607
8831122
7061884
7192635
7309884
8693079
7684932
7961689
8633661
7328583
7845868
7551254
7697114
7757155
8172304
8176355
6982286
7721218
7209149
7220149
7269332
6904885
6917577
7886950
7155096
7325734
7526228
7669853
7759846
7859076
7945428
8058890
8368859
7233546
7432093
7805501
7260610
8396709
7017964
7115830
7236814
8705540
7154127
7440947
7585746
7593770
7626336
7694080
7694869
7741582
7814491
7913341
8347020
8672709
7319192
7543008
7785455
6864576
6925789
8856481
7534098
7534195
7576188
7648609
7674390
7756550
7795105
7844601
7934067
7968858
8178596
8334422
7220865
7255790
7536946
7211513
7220127
7326649
7382080
7584423
8834963
7196729
7916957
6631092
7161039
7390303
7395703
7520071
7567394
7735154
7772419
7780557
7828271
8367035
7216412
7309154
7325459
7412627
7576120
7913687
8554370
7108314
8882440
7205054
7325417
7335961
7600590
8149012
7154145
7223764
7849526
8173693
8358345
7291532
7296208
7326611
7669954
8027170
8683276
8142088
7375338
7389295
6930083
7177970
7283246
7506964
7796412
7287828
7374424
7383376
7289709
7351535
7436192
8154136
7095847
7171344
7198656
7255675
7268163
7537185
7618817
7638035
7647300
7668352
7744277
7831656
7843990
7860485
7933269
7936128
7993111
6764573
7312099
7412394
7519549
7536554
7558192
7609350
7610833
7682668
7694964
7831094
8305210
8319985
8350849
8368087
8405465
8575570
8808476
8837692
7365011
7427382
7431485
7609898
7610359
7643078
7665905
8042095
8300718
8356532
8608809
7422802
7191796
7193515
7882731
8126567
7809273
7001724
7314108
7046803
7078674
7298544
7318674
7430664
8372407
8806477
7393745
7521592
7564400
7762012
7080012
7309125
7708516
7058901
7072262
7121929
7253651
7268995
8006658
8019828
8555968
7492279
7590383
7946148
8112258
8309552
8593932
7941540
5846287
7216343
7417810
7491129
7542173
7570978
7727692
7846101
7914925
7915636
7980028
8138194
8159675
8267237
7035571
7194531
7329858
7571655
8623544
8713181
7021965
7043053
7397727
8462815
7431879
7544237
7614624
7760308
7984895
8662437
7257245
7697708
7285161
7696269
7731256
7733352
7832627
8747067
7566210
7610592
7646434
7864925
7337540
7348561
7586118
7628945
7699700
7853978
7953780
8748797
8896578
6989959
7161829
7320918
7942430
7384450
7386758
7407502
7452265
7552227
7555451
7591127
7703958
7719855
7787826
7801016
7889151
7910639
7924070
7948032
8002640
6993890
7010741
7079353
7194507
7740588
7248561
7275679
7544230
8828115
7010271
8074482
8838336
7144092
7263696
7275763
7367215
7345983
7532986
7547917
7710476
7852824
7859480
7891244
7933170
7935555
8031664
6942930
7982005
7367712
7411701
7495241
7571906
7626763
7644421
7761377
8349838
7199326
7216459
7221357
7293314
7403799
7405897
7439089
7589905
8114666
8271647
8856194
7387659
7388360
7390797
7514955
7542759
7552751
7563675
7571535
7677682
7740871
7849123
8287262
8356618
8798122
7538078
7574862
7582699
7593406
7596979
7700353
7845759
7882394
8042571
8340210
8581917
7374125
7565426
7727524
8140305
8731027
8817674
7291498
7313204
7313700
7835445
8569019
7491728
8034206
7177616
7366010
7506716
8412882
7175084
7289985
7375139
7942812
8286773
6445226
7104007
7178929
7339387
7385121
7398081
7494161
8081957
8171962
8366150
8448840
7001124
7305479
7707078
8235678
8304070
7288054
7629384
7926815
7182601
7285909
7336261
7359582
7424823
7451862
7581516
8809199
6924139
7038436
7055103
7167694
7319248
7178969
7204736
7490769
7771376
8352227
8802934
6650575
7006878
7061083
7212188
7527999
7798765
7896639
7927829
8027344
7702258
7713011
7718943
7849176
7946007
7449935
8349862
8579149
8644675
7026132
7148947
8802735
8856195
7145848
7445490
6931257
7043697
7075393
7092060
7098608
8416917
8489381
8672775
8826689
8838849
7440409
7448495
7550354
7612024
7789743
7040521
7816151
7254526
8856552
7128811
7141923
7171143
7610757
7427849
7543973
7977896
6940279
8642407
8301541
7431548
7561113
7646913
7692761
7895481
7981896
8224228
8850357
7072815
7264168
7770584
7923984
8154164
6936769
7170583
7223690
7315431
7380644
7736751
7590610
8076016
8272797
8850873
7643565
7659633
7688349
7728608
7893148
8082203
8838545
6540549
6929206
6964180
7027015
7111547
7778034
7850968
7853922
7566488
7726076
7859360
7246034
7260561
7372934
7526454
7431726
7503806
7621183
7832906
8060264
8108677
8495124
7375026
7418599
7703113
7791656
7806074
8246199
8440442
7432952
7777719
7824100
8705607
7441099
7518489
7034568
7446492
7613721
8569054
7347604
7360691
7404196
7407986
7422690
7429418
7495922
7582407
8066139
8606193
8809238
8809239
8826383
7361901
7609860
7627489
7690902
7694087
7854482
8247700
7336065
7383381
7412427
7419302
7489584
7552503
7575413
7645409
7873448
7882712
7987194
8112750
8165560
8167082
8246820
8399930
8461488
8866255
8897770
7350027
7525510
7547973
7551721
7553126
7582877
7609292
7837558
7397863
7409169
7416047
7600633
7682434
7758557
7792347
7797698
7809263
8027189
8099441
8178822
7253724
7375699
7561250
7580034
7928728
7933675
7146992
7185606
7191659
7243874
7323233
7436690
8545237
7253981
7505264
7371283
7410087
7436247
7561251
7588961
7731148
7814421
7899225
7934671
8006680
8227913
8261635
8366339
8837706
7119782
7307158
8380825
7408488
7416291
7588906
7596863
7629148
7688665
7717858
7801495
7804271
7847944
8339010
8374743
8604137
6564500
7193057
6956572
7024977
8725608
6815107
6982524
7443633
7978802
6956569
6966993
6995061
7154985
6938091
7164910
8221365
8042148
6826255
6897109
7074872
7204833
8505592
7130083
7590514
8794750
7225837
8208040
7218053
7393947
7404115
7485231
7674751
8076800
7134183
7177479
7214882
7372677
7513944
7520467
7591872
7596861
7612823
7668112
7728510
7735153
7758507
7853297
7853477
8012953
7446617
7511229
7525935
7590682
7785109
7926383
8826639
8832258
6784974
6961468
7063342
7225883
8704535
6985570
7632820
8856842
6954859
6991683
7076853
7165572
7166253
7196602
7264004
7283727
7896683
8134761
8243326
8715350
8803106
7173432
7348465
8468771
7777127
7303280
6966226
7049992
7097547
7259032
7192848
7218235
7360328
7382213
7500116
7751254
8795332
8800540
8839014
7139457
7312893
7719012
7571188
8315337
8699643
7426700
6724558
6924813
7279979
7517095
8829675
8838949
6969439
7188335
7337531
7337720
7495314
7555349
7660656
7797186
8008026
8010202
8066874
8343213
7063611
7870911
8288268
7384790
7676868
8261243
7161150
7211901
7731927
8856771
7209714
7429987
7713205
8227480
8618761
6669642
7429019
7441978
7548996
7555468
7582511
7618632
7727469
7750252
7771514
7820471
7832165
7886092
7939960
8046896
8052769
8199816
8200726
8211262
8337423
8480057
8647074
8670377
7931353
8108980
7003562
7589406
8045371
7231169
7271770
7377919
8441093
7386819
7546648
7572814
7592479
7610192
7621261
7692690
7722438
7741210
7800294
8186490
7244403
8747252
7120289
7196068
7723452
7898915
7929710
7442026
7693906
7728523
7784846
7810585
7876616
8066122
8811394
7391489
7581503
7582343
7498711
7500144
7580596
7595517
7723409
7786616
7342943
7432246
7515272
7519560
7549481
7591755
7594500
7606574
7632446
7635677
7647355
7727186
7741555
7884369
7886483
7916428
7920217
7936037
8064358
8164189
8596476
8638651
8690211
6959190
7173828
7255311
7444473
7692098
7876068
8025320
8231045
8302037
7532636
7552861
7602717
7663621
7674808
7795018
7962961
8009228
8062411
8447896
7411566
7448721
7536921
7545200
7560293
7590605
7641049
7655551
7675162
7823068
7885493
8089272
7144860
7423943
7448483
7542106
7743314
8003325
7302262
7401085
7525258
7575324
7736838
7940836
6884430
7111831
7184600
6679168
6978769
7029844
7032420
7187945
7831596
8831756
7424358
7677279
7712212
7766216
7794237
7809248
7896588
7027559
7087588
8203949
7222193
7285520
7288515
7335512
7382205
7657434
7815759
7849112
8659136
7409021
7423550
7497302
7506653
7543546
7575019
7607137
7657644
7679425
7821099
7888328
7928856
7970630
8129484
8159723
8167777
8429708
8856283
7573621
7769999
7912935
8605673
7300718
7388583
7447687
7579850
7677060
7696204
7798858
7849641
8389416
8614026
8818974
8837696
7499843
7500266
7512921
7522114
7530712
7549180
7651901
7696191
7781270
7952482
8086171
8165641
8255544
8339931
8374246
7257069
7704095
8727278
7015025
7183065
7945603
8624211
6882606
7073345
7087456
7734816
7432307
7492538
7561157
7617478
7665550
7702449
7890844
8721827
7134098
7352574
7353480
8038868
8762847
7222801
7430370
7449324
7935105
7987346
8051627
8705470
7349141
7352277
7229056
7382701
7666695
7564582
6939390
7126468
7615071
6796084
6909660
6968244
7063490
7314553
7608522
8165129
8838756
7270331
7615079
7423915
7544125
7551655
7586461
8881410
6912674
7120218
7904205
7919494
8825363
6858418
7789410
7853608
8358871
7037450
7254411
7256434
7346464
7527516
7543000
7566572
7667255
7682853
7786134
7838635
7854585
7875970
8639265
7087927
8364239
6962577
6973900
6987997
7289596
7658496
8364224
6925833
7165220
7318796
6883386
7429960
7430375
7565566
7617641
7795295
7814972
8010246
8242280
8344951
7120336
7223907
7279531
7317842
7158864
7246996
8113728
7207023
7211539
7808924
7892772
8294246
8686461
7881970
7150382
7388545
7526495
7636104
7670332
7732537
7815845
7931144
8163380
8593702
7192072
7229397
7274586
7336912
7514661
7537474
7566302
8665980
7615019
7637959
7867700
8476216
8633314
7312540
7289639
7158426
7210352
7245834
7719012
8691364
8838444
8911630
7938226
6923189
6995613
7146190
7152858
7191655
7296034
7431583
7609097
8876070
7452857
7552729
7614650
8106674
7526384
7638547
7647675
7666823
7681851
7857736
6738517
6977823
7134712
7187255
7236063
7357514
7364787
7378512
7676803
7744286
7860204
8738465
8812425
6835055
7362091
7395826
7449940
7650115
7837404
7882497
7903182
8031335
8355808
6857800
6948493
7517716
7863188
7968966
8122895
8696379
8705522
7677665
7252877
7391170
7443853
7139457
7144544
7171050
7882205
6933233
6999294
7097846
7199315
8669500
7183260
7272860
7326716
7448319
8696594
8856285
8571851
8633529
7021974
7218608
7843688
7492720
7574497
7644412
7668321
7694428
7948436
7307990
7329521
7354553
7378549
7959956
8107029
8425712
8461488
7234907
7310105
7426172
7552288
7567731
7575638
7750709
8826542
7425746
7499487
7569408
7573885
7624354
7658759
7692974
7695687
7985861
8141370
7144709
7284367
7314810
8104887
8724991
7021903
7254758
7632442
7305728
7738321
7807478
7976414
8016969
7411365
7576842
7594416
7639928
7703121
8654436
6946835
6956815
7383928
6937248
7069274
7157194
7171833
7903804
8189442
8826380
7908474
7139172
7190013
7195444
7205455
7367372
7943058
6693397
7082408
7147068
7266231
7325837
7374269
8856875
7508600
7514418
7572335
7694228
7775106
8164390
8348645
7596710
7681910
8052916
8342944
8522759
6682487
6959955
7206715
6927373
7036842
7167873
7254988
6894161
6945450
6994843
7137790
7198105
7763240
7840390
8731069
8769963
8800573
7042810
7146013
7211648
7214982
7593388
8053997
8222559
8722338
8856286
7622792
7442054
7563765
7633972
8293284
6979825
7254381
8269196
6984229
8196400
8798102
8799047
6795100
7220032
7284887
7569996
7572229
7388129
7444367
7795459
7973678
8487274
7254820
7816520
8623673
7574764
7978990
7066211
7268068
7749047
7967452
6940765
7413060
7613894
8149404
8483604
7597422
7631428
6898877
7019545
7561171
7624070
7666352
7822827
7427786
7452316
7725805
7816111
7846727
8265821
7663088
7947623
8087713
8322247
7046615
7075023
7098050
7976924
8641386
7035437
7189640
7225892
7394805
7590277
7191652
7381178
7449139
7504195
7753451
8339318
7240584
7343575
6843237
7045470
7206982
7410290
7523998
7652052
7666319
7685742
7094331
7220309
7233742
7337381
7424284
7450947
7530653
7562950
7611101
7633135
7658436
7692542
7764887
7791393
7806389
7710838
7736048
7398505
7452841
7926412
8124024
8641913
7144575
7149782
7179338
7987698
7902540
8459065
7111562
7152388
7272986
7489717
8828973
7641621
7675943
7684668
7793624
8014335
8131564
8503563
7652285
6994261
7735621
8747107
7216793
7267539
7957830
7353208
7854879
7288596
7852362
7498082
8646510
7161288
7248078
7309863
7417181
7198367
7246848
7430644
7520205
7570577
7659735
7673023
7786530
7866625
8074268
8088844
8333421
8800853
7242316
7279069
7295467
7550433
7247882
7287267
7552712
7635113
7685537
7697627
7717761
7879010
8088046
8234394
8318735
8799849
6882271
6964970
7353238
7770261
7805471
7545089
7592025
7951896
7582837
7914701
7374048
7490649
7495230
7688370
7446566
7849732
7903787
7967140
7184471
8753691
7424635
7486874
7804957
8804807
7629298
7773438
7945566
7499006
7573741
7643671
7695753
7830583
7895504
7069071
7719296
7383624
7662376
7722773
8432850
7394616
7508136
7555953
7726054
7856769
8233812
7368003
7677516
7341329
7493401
8281038
7403928
7449396
7550424
7615140
7748070
7770553
7984958
8015470
8087616
8127807
8138237
8239935
8245827
8826549
7693513
7728113
7756294
7995222
8149190
8174627
8243047
6981661
6916325
6986107
7097976
7172972
6646198
6962434
7312108
8004494
7130697
7214720
7264230
7494220
7593479
7616505
7753525
8271688
7405369
7892259
7367594
7880410
6956756
7698143
7733961
7850297
8055595
8460924
7020599
7086652
8221932
6947686
7410617
7548200
7566646
7612147
7618461
7784469
7981886
8094165
8610121
7129853
7737002
8813596
7183389
7302355
7874596
7195288
7279847
8528899
6992672
7307713
7233448
7256902
7646222
8376270
7596073
7641348
7874153
7910437
8176342
8399242
7149763
7310533
7333432
7563656
7385087
7403800
7410329
7425078
7512755
7600635
7911526
8020304
8104258
7245248
6878380
7025222
7297860
7178713
7342811
6974370
6974619
7183879
8385555
7270045
7393756
8154695
7491421
7552712
7665751
7719798
7796229
7798548
8081332
8219321
8601605
6927163
7011141
7068946
7307640
7129361
7159710
7365185
7433770
7443168
7449451
7498497
7514722
7549826
7570786
7579651
7585706
7593422
7613121
7615144
7616022
7660003
7660613
7699461
7723758
7760687
7777832
7913316
7927563
8321872
8389216
8549277
8599291
6883074
6985184
7110766
7424102
7486789
7525031
7593537
7637559
7672771
7696529
7699617
7702852
7720319
7804192
7805592
7933803
8138581
8365533
8798115
7419458
7559563
8539534
7143640
7247492
7382176
7519706
7587509
7679985
7725711
8691610
7335315
7386514
7422849
7508820
7515531
7567879
7587631
7649063
7780322
7821454
7032034
7108694
7216641
7658064
7703630
7836025
8176455
8633142
7030579
7058686
7176389
7417361
7497939
7732441
7792553
7947477
7960265
7308927
8438883
6992617
7011962
7305890
7626912
7660411
8800016
7408395
7447059
7497239
7576956
7594760
7645755
7700932
7720949
7746745
7275980
7439456
7702038
7804804
7929269
8031120
8135710
8359426
8419860
7245677
7564388
7495531
7585262
7588459
7767912
8051020
7357636
7525558
7546991
7991354
8351059
8866209
8897655
7558377
7960181
7962031
7973574
8393579
8699540
7693398
8148430
7368089
7783287
7845228
7523549
7945291
6968566
8409395
7517018
7618765
7628278
7633609
7642140
7811003
8592493
7426184
7530739
7538916
7648041
7661185
7700481
7735065
7789612
7822793
8256282
7420836
7439476
7453010
7699064
7768110
7882994
7914307
7933486
7979452
8074956
8166778
8197740
8238738
8605565
8837604
8856353
7365997
7446485
7448091
7524289
7545024
7554821
7613048
7642012
7701614
7712021
7723132
7758407
7830165
7916335
8021075
8097890
8345067
8348854
7259442
7340597
7542136
7636582
7903652
7960080
8206779
8351411
8856477
7280495
7491968
7549983
7185803
7274908
7944931
7650416
7795516
7931328
7324143
7426507
8074963
8725623
8826437
7489195
7535910
7566751
7669006
7696408
7723669
7875458
7510049
7719842
7744164
7853769
7485752
7563857
7734440
7748697
7131698
7220853
8088347
7191858
7311394
7371384
7574394
8694115
8826436
8876008
7118475
7154788
7387181
7608371
8367448
8669002
7743628
7801040
8051024
6718892
7121138
7126262
7264571
7555399
7871965
7880313
8013128
8030534
8366123
8770724
8806422
7388461
7422957
7486728
7561763
7596891
7623831
7669259
7675496
7685944
7686387
7700802
7708125
7731525
7773361
7804310
7938663
7090668
7365989
7511352
7113353
7903679
8481463
7425789
7513487
7854149
7951764
7989422
8046342
7091025
8856634
7393394
7625870
7936787
8824904
7389313
7657024
7669450
7702193
7706821
7737628
7820241
8049862
8087075
8271541
8683593
7452888
7590029
7926222
8683178
6207135
7143649
7433743
7650659
7129650
7165255
7636029
8089805
7511531
7693914
7852023
6941806
7042477
7194404
7042587
7433881
8492132
7092486
8839292
7191728
7260912
7312038
7451446
7577661
7779150
7855453
8266438
8678835
8769899
8878519
6983862
7292477
7328641
6132296
7267170
7391343
7770936
8601147
8800167
7382228
7382361
7443524
7552870
7580099
7602371
7670664
7677386
7702089
7755913
7769795
7821977
7856633
7875477
7883263
7969179
8038313
7394126
7400192
7503502
7720515
8046726
7787322
7902023
7943780
8367849
8593875
8608036
8720328
7151161
8838970
6442739
7276624
7431264
7524597
7684891
8800854
7381618
7450201
7491239
7558080
7670504
7835056
6951654
7022399
7152554
7189805
7428754
8030545
7115066
7399447
7011657
7279899
7282052
7354285
7556919
7758831
7994100
7399812
7836455
7913316
8838640
7003035
7262883
7269160
7936046
8221266
7385639
7392485
7410422
7451763
7672772
8314992
7415531
7416853
7423590
7434435
7589400
7608818
7924065
8067698
8461906
6895138
6951891
6984505
7000475
7019617
7073209
7080688
7130882
7292507
7315531
7332914
7731851
8135896
7140344
7253566
8028143
8448158
7524074
7557773
7582998
7584897
7628874
7632206
7674679
7681562
7696875
7927191
8184006
8230978
7669946
8231965
7261459
7582961
8369619
6980616
7001139
7100685
7119599
7128658
7169077
7179028
7924063
7012001
7388690
7411279
7557832
8192002
7296921
7391773
7416371
7578991
7606314
7690646
7777781
7809341
8652858
7184715
7217851
7809424
7143069
8349978
7156658
6536406
7225125
7345852
7379089
7120000
6997481
7050842
6999931
7058668
7860969
8800169
8826469
6625467
7105207
7438570
8194122
8826840
7346825
6180765
7128042
7261657
7416173
7043668
7093675
7129942
7160582
7485860
8421122
8826470
7747124
7962732
8770732
7202641
7246895
7317091
7576989
8067698
8280896
8662105
7353748
7512401
7594310
7639550
7642013
8233229
7165577
7348412
7726740
7873769
8305822
8648472
7233830
7496687
7526269
8697331
7662728
7824937
7396495
7502292
7544633
7562996
7854446
8800512
7239345
7280255
7295852
7315665
7359487
7388707
7587355
7786415
8471592
8868634
7316570
7453077
7501742
7521059
7572818
7748868
7767792
8021030
7541963
7056245
7057820
8269344
7795941
7631726
7873679
7994447
8047457
8123738
7152445
7281217
7497995
6892231
7172009
7261042
7838873
8423294
8607701
7434938
7511685
8173519
7394965
7450639
7567084
7580269
7629253
7658052
7703833
8688751
7493222
8301830
8684629
6982439
7186859
7411702
7656950
7857196
7943769
8005231
8224553
8408422
8852854
8193518
7343445
7648694
7718937
7767183
7846636
7357871
7514690
7538910
7648101
8065568
8334007
8630029
7277519
7278585
7285238
7293971
7882210
7203568
7273452
7298562
7321913
8517029
7305683
8323645
8623903
6558515
6937416
7443358
7225224
7519192
7976965
8084118
8157150
8509849
7362031
7393351
7486230
7508762
7513840
7525093
7550725
7552955
7577763
7597106
7621834
7670638
7723081
7746136
7827382
7836572
7905455
8831114
8856572
7326410
7416642
7034529
7514702
7600563
7936538
8142183
7593805
7656016
8577554
7106305
7505228
8108101
8146830
8623902
7342782
8846675
7029457
7256622
8856832
6932481
7440777
7444046
7542777
7543595
7816358
7909878
8135282
8757514
7037469
7358164
7559943
7937170
8655194
7756097
8075083
6824300
6894854
6980330
6992873
7129836
7373487
7809557
8826813
7371090
7631649
7647019
7674956
7675376
7696339
7699726
7711659
7764082
7780728
7798834
7798851
7817165
7830533
7863118
8036405
8216548
8346639
7001158
6894135
7289257
7863956
8011129
8826566
7116617
7592406
7100174
6983439
7149165
8672385
6825708
7407885
7628130
7668609
7747809
7854565
7139219
7146254
7177903
7225406
7263697
7583370
8374706
7260699
7338219
7556287
7571666
8856136
6983658
7321014
7329389
7404691
8809573
7266850
7338501
8038001
7294023
7390341
8127544
7396184
7428132
7666269
7690820
7941834
7221825
7410213
6925228
7929496
7413067
7551767
7837037
7868575
7263086
7285676
7548114
7368579
7555511
7571305
7383640
7416438
7648578
7785654
6985080
7548972
8168086
6968710
7037761
7859558
7260206
7283456
7298060
7411712
7844554
8570569
7870718
8050098
8386775
8852836
7430605
7501735
7533468
7548153
7728285
7751025
7804114
7812122
7888757
7923253
8102092
8343265
8344796
8633689
7778167
8689452
7339428
7383621
8684608
6310829
7234659
7262902
7363936
7441278
7888980
8722375
7534239
7798536
7817733
7954651
8636539
8670608
7508703
7530112
8302293
7494046
7545521
7559851
7632911
7684039
7860565
8258054
7558496
7866156
7871722
7973129
6812357
6820348
7033515
7146722
7816389
7427196
7632378
7899263
7904571
8056462
7134905
7052227
7194214
7381559
7375326
7423578
7584709
7593239
7594187
7594681
7629642
7700437
7902901
8316705
8344748
7574694
7629067
7645613
7776386
7817762
7973854
8269788
8336063
8682740
7146056
6947217
7039790
7229036
7760227
8856138
7961784
7000268
7079594
7973996
7422065
7498265
7545187
7581479
7593212
7616956
7646956
7660300
7709126
7736667
7832674
7902862
7909111
8168059
8358880
8364236
8620501
6725349
7399776
7427794
7500355
7513605
7536825
7564596
7585378
7588510
7637856
7662066
7679324
7695289
7732176
7794797
8045419
8398035
8435162
8574129
8579567
8852849
7396002
7538563
7654978
7741111
7933106
8552922
8677629
6975832
6876107
7439483
7563503
7593189
7646310
7883488
8036944
8069821
8210855
7520803
8132764
6672711
6704964
7149022
7238811
7272911
7826388
8579259
8607663
8727295
8802949
7190770
7340078
7549886
7800791
8153029
8240801
8537833
8600086
7294028
8481560
7160631
7397142
7576098
7094097
7165659
7181222
7608728
7706614
7489526
7089442
7141870
7159700
7171226
7207074
7303373
7778054
8134758
8288441
8337634
8826629
7103993
7340045
7560760
7537969
7544114
7650928
7765539
8127248
8650728
6877391
6942771
7089264
7226800
7772928
7941945
7429793
7525533
7543387
7546588
7559303
7584524
7669509
7708188
7847388
7929725
7960298
7004330
7055628
7172507
8400701
7728445
7140374
7679717
7684420
7692450
7894009
8137436
8632509
7180234
7237033
7398955
8749485
7614488
7636992
7222128
7305622
7528936
8349925
7145564
8694183
6277042
7433244
7565328
7568458
7711962
7962137
8212267
8622089
8828168
7238923
8690896
7421438
7424196
7431887
7742450
7161366
7496352
7584705
7671195
7745956
7844138
7852675
7879256
7894006
8808468
7210382
7327936
7429033
7535565
7630529
8826367
8841478
7186877
7262497
7410375
7274313
7378053
7576273
8852916
7505167
8511970
8623642
7392031
7572474
7588332
7749464
8124201
7491248
7554903
7667590
7719671
7743941
7834447
7980220
8141626
7269191
8302337
8342319
6952688
7087081
7544258
7025036
7079315
7571084
7860996
8404115
7408519
7617314
7690069
7698159
8504426
8679723
8695667
7367854
7400396
7441097
7490802
7503573
7524016
7613344
7665709
7709301
7860208
7886977
7895777
8290071
7403791
7546872
7547943
7556506
7654971
7664263
7733972
7736673
7774102
7784498
7846596
8389645
8812483
7046794
7096187
7186420
7418100
7122314
7898877
8269521
8879884
7515194
7587064
7636648
7691807
7696710
7766678
7846712
7931552
7972696
8195112
8852994
7431649
7640660
7723585
7926526
8004336
8146893
8262537
8524515
7011798
7874700
6867120
7934169
7390908
7404959
7550322
7594991
7595597
7625573
7691891
7728218
8323938
8839215
7185233
7767037
8663595
7111655
7230340
6963361
7636075
7696209
7870912
6886403
7922218
8605059
7423979
7702191
7932467
7156943
7216944
7563353
7612419
7759677
8040044
8453194
8890220
7825635
7919943
8008144
6630384
7062842
7351931
7450542
6878512
6906984
6909856
6985896
7077220
7915848
8471148
8870074
7217961
8127958
8178225
7333486
6967010
7041129
7718605
8728472
7727270
8408505
6925215
6933954
8371005
7429472
7433028
7490522
7493483
7502255
7592663
7656358
7682645
7738320
7800238
7492597
7492623
7521385
7812245
7238623
7172973
7247493
7556618
7786051
8357374
6792279
6886014
7050792
7964734
7202396
7446491
7791129
6735424
7049191
8866809
7369669
7373090
7584623
7970527
8353448
7125039
7381843
7393271
7703888
7875837
8286173
8289832
8350378
7441915
7534754
7700885
7958245
7181089
7428567
7433362
7678695
7940642
6964745
7368008
7814124
6780527
7072233
7259201
8623979
8649628
7130198
7940524
8152277
7549249
7720128
7852169
7532361
7558039
7565146
7565852
7591507
7598816
7632243
7763007
7772440
7801028
8036112
8253642
8551863
8825150
6876173
7571472
7580594
7801263
8605565
6940100
7914726
6914327
7196612
8747209
8838991
7295970
7312566
7493100
7667168
8800350
7682659
7935923
7224677
7047210
7259982
7036667
7252296
7400189
7539656
7655036
8800157
7535402
7596218
7695772
7871632
6682911
8812412
7425906
7432473
7552879
7616535
7673385
7727950
8352642
7649225
8857006
8361686
7131991
7575001
7804984
7203336
7272899
7349979
8494667
8737174
6966975
7046498
7111755
7223889
7408457
7410738
7492260
7670059
7689380
7698906
7765856
7845202
7876260
8013547
8382523
8850243
8895182
7149369
7431354
7560303
7724045
7870006
7871670
8274214
7410877
7536244
7689007
7835862
8839156
7439098
7510976
7515727
7597271
7651093
8218410
8824846
7272617
7335484
8409893
6627894
7038793
7144703
7600200
8213631
8800319
6928891
7217408
8799785
7194437
7763283
8318601
7149369
7750609
7822538
8405279
8551695
7277809
7294171
7225333
7516642
7798644
8398682
7320781
7596003
7010523
7216265
8572072
7423932
7508209
7554319
7574235
7689661
8373637
8391989
7485847
7688465
7806779
8318601
7336637
7949377
8006781
7096780
7261237
7433490
7116019
7123163
7354092
7664867
7852390
8800542
6942826
7822203
7342569
7728604
7931739
8560308
7504993
7519980
7526331
7569340
7577690
7600567
7611337
7788256
6906956
7170439
7360647
7491672
7504667
7558929
7576973
7588161
7651743
7738922
7770321
7817065
7852529
8028995
7055818
7845018
8655143
7233608
7563181
6917108
6934700
8001224
8644761
8838786
7504198
7694332
7345347
7642969
7787713
7100600
7346603
8262214
6973866
7289024
7513011
8637546
7495026
7700954
7224924
7375746
7699218
7792666
7858872
7882945
7889059
7940936
8467194
7580338
7592046
7420612
7429938
7551525
7928810
7293144
7405168
7514209
8156567
8528334
7405435
7503661
7563284
7583192
7629669
7676485
7707891
7728728
7728978
7734401
7735251
7927287
7151826
7579784
7616040
7761200
7947554
8441436
8452091
7436438
7555385
7556312
7676820
7743003
7749772
7763699
8149406
8175470
7149138
7272574
7352511
7361015
7444368
7659437
7668268
7689786
7915155
8088672
8647010
7213887
7830536
7493249
7494639
7592921
7866322
8018725
7341199
7486883
7504138
7417293
7428835
7490356
7552236
7576180
7618146
7627858
7636337
7642511
7658526
7717910
7730931
7809719
7927164
7929413
8231143
8235354
8405120
8861262
7140432
7168802
7204614
7185083
7209889
7225620
7297719
7647110
8056320
7354660
7486539
7588065
7695630
7753542
7899425
8515426
8828188
7538035
7632671
7952884
7141483
7398782
7431712
7491030
7552225
7559433
7672087
7701696
7808406
7973101
7444045
7990101
8639345
8816683
6958647
7101794
7171253
7351495
7442253
7542447
7727368
7127260
7162041
7203333
7248133
8354170
8403278
7363542
7642899
6984449
7066016
7068695
7265425
7304990
7348750
7574864
8028587
7152447
7359908
7369949
7574236
7625032
7276533
7281246
7401192
7886858
8623686
6918939
7114544
7528288
7717242
7924963
7925881
7526161
7539291
7702490
7759306
7884230
8668896
6891759
7086268
7318203
7206368
7259018
7681457
7694318
7436425
7572658
7597081
7645239
7688246
7914671
8029735
8698219
8896116
6964987
7003992
7257258
7323022
7769975
6946925
7424817
7578948
7234882
7372459
7382217
7427704
7445204
7542991
8649698
8669497
8839067
7130503
6968656
7088717
7778731
7155954
7187348
8158407
7379217
7735146
8026716
7500501
8309289
8700000
7298027
7936474
7353723
7685217
7837336
6903134
6930880
7341886
7377752
7541560
7709280
7216751
7367903
7619103
7882555
8102732
7189248
7658694
8156623
8878615
6863382
6884223
6635592
7308399
7353164
7416875
7533536
7564846
8886255
7506641
7522869
7545524
7905891
8007240
8069631
7436891
7729891
7898853
8385452
8696619
8834921
7489981
7771106
7499108
7825300
7428772
7432821
7442923
7449518
7490099
7560336
7564947
7577678
7612648
7697025
7711367
7731336
7824360
7826123
7920767
6743950
6965886
7094964
7723096
7836224
7393473
7397912
7413337
7510428
7601053
7727803
7732407
7836048
8083509
8353888
7148103
7365247
8133027
7592523
7619351
7623785
7658473
7422492
7592510
7648093
7782946
7910962
8261680
8537872
8798047
8798101
7522864
7522874
7587731
7689203
7805669
7817532
7830831
7842990
7872966
7922894
8358744
7423259
7536856
7551281
7582653
7588500
7627853
7680328
7684468
7688378
7731800
7905432
7908118
7920403
7981767
8149253
8294218
8712919
7086459
7617103
7632718
7956056
8003590
8399889
8850375
7434479
7549062
7581122
7750937
8012119
8512055
7297370
7409547
7434310
7565476
7583600
7641793
7820460
7829591
8009325
8422475
8802975
8899633
7196921
7491305
7558917
7666552
7727139
7814348
7899746
7902520
8100092
8691862
8744278
8813583
7303669
8141473
7204711
7258118
7283858
7326246
7215468
7317652
7339214
7384220
7395178
7401184
7444139
7620840
7699312
8217925
8034664
6994302
7185346
7404961
8129794
7493817
7593458
7668109
8084078
7278239
7294799
7340813
7388370
7556541
7352225
7364740
7559911
7601179
7638925
7809288
7915742
7560612
7669085
7674755
7762038
7910514
8098948
8351587
7399891
8115285
7010970
7039857
8806566
7305991
7325885
8168740
8476375
7342765
7378491
7446760
7527094
7570772
7570988
7582863
7602638
7642893
7665025
7691798
8028013
7389646
7491613
7551532
7719014
7935261
7982000
8391629
7168752
7316456
7726256
7213510
7420634
7511215
7533253
7590424
7339923
7534047
7835311
8700728
6928675
6979703
6999001
7324033
7509975
7683419
7699348
7730129
8013362
8187214
7539570
7630929
7635505
7798547
7862834
7875844
7154537
7535372
7892187
7489373
7616191
7647739
7840245
8347609
7390038
7543565
7639965
7651374
7672878
7728303
7772788
8348643
5859531
7770036
8421278
7158199
7183289
7247403
7329787
7782554
7720367
7091847
7235884
7284719
7318051
7502400
6882309
7031026
7042923
7104237
7168398
7329888
7768375
8001110
8009322
7447040
7589422
7590423
7619308
7684642
7706957
7719539
7866602
7875947
7877981
7894207
8117565
7304192
7335600
8719183
7270110
7287003
7375485
7592662
7807951
8834958
7149057
7149314
7194456
8580207
7427562
7501928
7684056
7856589
8658479
7323444
7000007
6890281
6981920
7728865
7551734
7567373
7591416
7689597
7733869
7737947
7776759
7873176
8429330
7327907
7231678
7235898
7556785
7646129
7687819
7842879
7846622
7891905
7952123
8057384
8421675
7318955
8635443
8642247
6965510
6986090
7241483
7825319
7170676
7381917
7383520
7294545
7676207
8295109
6948654
7498926
8172200
8336827
6939489
7040799
7138234
8816702
7416338
7448347
7557904
7702682
7706552
7711281
8221191
8352379
8466280
8679521
6892675
6976597
7005817
7586416
8748810
7562779
7961032
6996653
6787659
7025531
7039207
7240794
7499692
7903081
8709223
8669492
7321658
7338278
8036652
8649519
7059810
8036214
7131792
7191159
7697895
7296157
7490798
7514433
7535981
7197066
7266351
7415681
7082144
7146755
7736575
7832515
8164581
8537377
8808489
6606995
7450400
8212675
7221931
7238642
7257339
7383512
8132063
7183070
7348932
7819851
7588179
7172719
7266205
7369730
7451325
8629164
7685389
7853464
8664855
6741684
7050492
7072525
7418920
8191869
7780749
8364181
8408627
7940077
7963602
7216822
7252835
7303494
7318949
7319224
7416028
7420801
6623305
7335938
8400146
7152841
7294813
7320917
7393405
7409113
7751495
8850376
7058839
7644704
7892179
7974517
8205866
8718399
8764687
7858299
6970650
7682413
7089820
7230598
7311596
7339451
7363428
7137217
7621024
8014182
6951006
6990794
7276947
7421316
7548593
7585795
7651286
7718559
8262596
7443521
7900291
7924799
7992436
8355697
8358483
8564495
7365097
7503436
7528612
7607525
7391014
7514749
7160807
7421590
7559225
7787288
8360707
7114316
7391795
7524232
8631740
8837637
7117041
7088383
7378458
7561404
7701807
7898663
7919144
7923253
6945362
7191102
7209807
7378846
7399152
7426706
7945218
7649406
7673597
7747319
7802833
8038795
8367234
8641789
7227002
7319902
7343796
7175171
6854680
7226621
7383503
7486595
7432505
7699774
7781338
8104474
6787659
7080405
8659134
8832250
7427317
7512306
7558594
7644233
7704211
7706496
7879429
7896826
7957864
8130309
7200814
7313701
7336335
8134256
8139321
8623599
7226622
7231582
7685800
7565138
7619705
7765260
7812402
7866338
7877587
7898017
7098467
7199260
7216127
7393564
7404476
7581001
7764127
7805583
7819415
7089069
7093743
7127976
7926295
8611694
7891671
8868011
6997575
7026825
7035498
7174750
8061398
7322646
7390879
7901857
7192333
7292257
7543971
7632095
7254858
7142099
7184739
7891682
7127867
7338088
8838798
7300912
7319232
7612129
7919622
7340232
8637827
8838799
7493758
7566809
7602699
7631211
7702492
7959803
7385951
7416690
7420841
7487758
7555822
7713590
8260316
8264815
8832261
7929312
7386714
7392071
7442381
7660233
7786156
7954828
8804816
7222760
7596549
7256850
7318949
7319435
7387381
7423919
7699694
7956663
8629372
8809393
7508595
7285768
7395245
7882526
8099975
8633611
8803156
6885336
6939091
6978333
7127649
6796903
6796922
6921927
7036422
7118104
7017659
7192528
6883171
6982598
7211495
7321764
7697632
8447933
8752914
7096152
7269528
6999864
7434573
7548275
7774950
7918683
6724451
6978700
7091365
7105391
7110054
8872246
7560218
7565189
7855617
8705444
7448287
7500694
7567664
7618731
7637637
7656560
7725825
7810162
7819214
7919400
8649264
7398765
7417187
7515368
7520088
7596890
7615916
7617986
7648205
7707644
7717915
7821296
7828699
7890058
7915402
7961581
7971599
8229942
8345340
8897751
6691236
7165098
7234303
7292239
7487872
7727637
7502159
7642500
7659006
8138549
7385245
7385648
7488421
7609910
7719638
7826002
7855973
8263044
7367704
7382464
7580405
7846248
7878652
8023573
7368573
7388504
7425523
7564935
7567121
7576030
7588856
7725724
7848621
7872523
8577234
8746732
7424011
7437176
7562830
7575959
7623033
7658998
7782583
7295496
7116276
7688130
7860406
7198275
7600188
7630980
7770577
8039048
8063977
8084700
8458123
7431206
7518658
7627399
7679254
7701917
7775911
7808518
7947166
8362009
8490543
7372629
7523201
7631031
7732519
8147106
8185911
8243056
8412587
7385085
7445363
7689234
7728986
7904671
8060406
8346459
8812377
7330220
7926501
8706661
7631420
7670374
7692544
7784810
8132928
8621838
7409376
7635601
7950734
7647696
7807770
7882790
7439886
7514489
7568296
7682271
7804691
7850059
7146862
7343862
7388709
7496353
7526428
8595250
7451303
8117734
8318596
7452482
7590131
7642561
7652334
7698155
7795126
8087594
8334779
8688004
7419049
7788240
7870641
8396865
7404324
7431625
7502330
7568972
7577606
7682474
7983188
8837628
7050599
7326231
7909207
8234206
7154117
7297214
7315951
7532888
7787395
7123800
7207990
7295537
7375859
8126596
8237542
6939091
7196537
7435051
7507387
8476508
7626501
7661061
7684894
6882389
7332400
7344235
8102597
8123248
8135930
7291813
7380675
7449023
8609751
7246548
7273258
7348210
7426811
8084849
8360164
8854492
6963079
7159626
7203961
8085058
7447039
7544709
7768865
7772581
7777817
8357739
7145746
7487894
7730472
8134690
8400229
8826647
7011704
7061636
7520214
8624178
7059476
7169313
7230191
7538016
7623629
8405316
8570259
7325678
7329276
7339755
7544194
7534991
7572356
7763300
8099912
7297846
7923429
6912970
6980125
7057480
8523464
8838984
7293430
7427162
7666665
7937027
8141893
8799805
7361983
7431234
7443648
7832111
7918623
8223941
7215799
7554743
8800830
7912438
7159906
7682993
8647266
6913251
7001352
7046214
7261069
7313660
8475572
7148455
7629664
7180787
7486927
7521450
8607766
6974058
7018286
7051750
7319032
7320579
7317966
7377971
7389731
7424266
7539959
7778054
7871236
8637758
7393922
7419081
7925928
7348272
7504543
8657947
8825301
7168890
7223562
7241925
7297112
7503750
7700874
7916884
8065273
8230731
7490289
7504708
7564508
7690843
7705322
7735362
7755931
7798115
7958032
6699916
7589015
7450606
7495031
7697730
7808036
7830789
7267004
7285292
7330360
7372897
7678970
8208749
6898360
7007314
7064472
8087658
8579372
8769999
7400598
6845845
6920039
7020128
8073713
7110910
7151835
8600194
8645402
6979579
7507046
7578208
8014678
8191134
7423056
7586345
7594660
7614664
7614672
7643127
7759815
8063425
6996659
7056167
7179777
8750819
6194807
6918605
6977839
7032848
7047387
6977079
7115782
7892665
7906994
7975313
7983805
8478220
7405589
7566496
7632009
7637710
7961329
8582152
8746731
7179210
7158035
7560540
7979778
8078289
7078844
7189966
7210756
7262399
7591882
7145520
7293356
7857902
8158077
8539720
7286055
7545546
7886661
8061850
7187284
7397118
7571463
7672324
7720941
7734266
7774500
7379460
7384734
7417901
7500655
7544653
7642453
7646151
7722301
7869437
8088930
8272556
8339768
8670866
7642547
8387231
7394182
7507734
7514397
7543227
7555456
7560539
7563644
7941924
7416344
7610523
7766728
7887541
7951724
7984855
8359526
8726896
7393454
7438787
7595742
7692209
7752040
7830927
8179565
8567446
7420065
7424309
7505400
7542491
7885615
8022025
8214967
7381300
7945157
7492905
7544893
7587753
7233307
7284820
7300685
7313403
7501736
7142973
7337119
7618850
7347352
7552509
7565283
7633925
7662820
7845994
7954719
8168613
7398464
7632435
7693199
7710917
7791014
7807455
7890826
7920637
8018390
7188718
7206498
7809380
8311140
7426704
8061037
8150929
8296079
8319416
8791873
6880579
7185737
7294662
7377740
7450811
8623815
7162050
7423983
8115952
7242193
7274307
7353210
7558863
7585775
7942872
8155572
7113860
7751141
7817022
7942542
8580742
8853546
7072912
7158810
7779314
8370970
8569132
7523930
7536899
7580505
7667801
7856651
7304942
7627939
7499440
7539618
7742726
7757200
7909671
7925311
7236307
7360473
7450308
7505918
7530729
7576593
7628724
7767907
7789796
7815657
8273025
8397812
6929856
6942084
7826586
7875732
7182717
7924310
8192905
8311957
6570882
6965276
7011514
8856205
7109930
7284880
7436521
7516629
7616540
8690892
7623010
8473235
7163677
7292196
7293550
7498237
7568108
7580471
8117780
6898148
7031314
8839098
8861393
7610980
7696130
7919805
8061050
7725210
6737636
7066150
7162269
7283429
8568959
7532607
7549761
7630105
7702057
7179115
7254288
7697999
7649044
8059074
7129538
8080514
7271390
7285635
7398935
7415579
8529401
7285174
7426394
8800715
6803379
7114852
7122838
7758657
7905935
7448564
7585921
7731730
7779940
8806390
7580495
7691721
7742435
8052984
8446883
7133975
8384204
7121578
7131340
7133461
7180591
7228501
7271070
7302220
7007239
7335026
7803836
8752915
7391567
7694744
7707519
8621823
8706913
7391975
7442073
7584617
7612198
7623665
7640044
7673881
7720206
7847929
7936610
7296952
7922641
7084861
7097550
7152108
7225765
7263269
7344778
7352486
7856368
7746391
6965500
6982337
7360692
7720320
7731029
7835341
8080258
6871369
7037096
7090583
7606997
7700490
7771849
7791827
7941759
8167724
7069119
7182855
7819718
7493085
7226734
7274559
7310920
7317598
7347891
8525028
7114423
7172190
7210994
7317858
7395045
7688324
7720528
8477509
7307431
7503551
7911988
8166326
8802830
7159735
7188724
7190101
7387771
8299000
7236137
7338385
7412238
7443104
8103416
8824910
7393112
7328880
7437862
7582443
7583324
7701340
8165336
8278010
8469358
7221693
7278498
7318734
7673773
7938046
8713194
8856203
7386590
7400742
7593704
7695366
7827173
7834318
8826691
7142603
7216976
7364113
7581110
7719835
7984800
8370876
8867499
6870565
7202688
7215530
7283818
7363622
7364999
7543127
7506065
7511325
7723627
8042145
8134252
7393640
7573169
7642154
7644227
7703150
7856398
8439329
8472696
7383456
7489021
7601227
7821265
7950359
6969821
7178657
7905244
8032232
7535796
7623053
7651744
7673149
7780398
7791204
7880274
7232186
7652324
6610868
7134708
7299631
8738421
8769889
8052217
8167878
8230524
8394311
8196769
7432121
7567923
7282389
7570931
7590713
7635333
7682608
7724287
7546670
7154579
7518731
8594460
6965481
7183927
7248646
7437997
8680265
7434665
7552354
7835240
8196895
6903130
7584844
7568148
7677174
7755939
7901399
8240652
7333341
7524485
7650248
7658246
7915334
8088102
8645593
6915307
7244237
7044005
7249021
7337226
7727006
7378415
7439310
7152380
7277433
7384763
7565083
7693802
6922075
6990830
7372683
7388886
7417200
7418209
7424628
7448156
7533308
7608466
7636547
7695973
7736130
7762709
7850875
7904926
7954124
8047093
6983878
7000160
7663591
7900108
7126913
7197025
7202728
7210972
7276848
7343374
7550716
7549066
7642084
7647221
7773786
8356395
7499888
7510378
7667043
7684595
8253130
7159425
7631357
7371115
7451411
7524101
8165628
8362894
8363497
7280750
7360377
7670643
8280460
7596747
7657669
8041542
8391258
7420642
7565567
7826025
7878444
7890225
7121738
8155940
7549457
7583760
8176916
7174275
7289344
8852127
7264223
7320763
7877261
8272234
6977891
7105144
7274073
7349687
8180397
7625019
8052043
8828192
7289307
7361477
7394114
7502777
7546461
7496121
7619193
8254270
7289594
7357398
7498218
7682823
8280644
8839348
7305825
7352999
7367939
6964285
7083364
7086914
7098549
7950913
8414099
7390642
7420196
7693031
8354196
7124564
7217088
7341854
7382431
7564759
7125482
7276158
7360444
8803101
7140570
7253663
7407401
7554348
7933091
7623842
7649542
7718622
7826268
7030158
7771712
8170491
8380627
6912897
6978753
7079809
7204562
7423242
7491765
7519023
7552508
7606526
7660209
7669334
7683468
7738267
7770419
8294150
8853545
7416800
7003112
7020341
7039278
7173295
7211846
7550656
6932438
7014187
7044765
8854521
6977079
6987813
7000607
7081251
7103727
7206938
8411275
7519501
7940450
6929223
7147458
8055102
7417215
7588232
7611554
7672817
7740105
7806865
7984461
8338368
6852908
7008228
7571245
7929009
7088272
7314340
7669362
7904629
8858139
8870065
7262244
7949097
6460615
6906401
6908510
7093913
7152450
7225191
7442420
7702759
7723231
8876075
7313569
8128688
8184948
7502011
7586341
7271969
7393615
7613678
8124920
7416949
7427112
7442069
7538125
7572469
7577299
7579816
7587903
7814811
7905672
7973793
8142878
8221993
8303704
8380924
6982682
7275192
8415009
7585737
7448278
7522230
7662587
7224905
7433440
7555705
7579238
8355873
8558788
7375658
7416811
7524321
7636519
7360642
7437573
7492898
7711214
7770262
7887054
8686556
7130863
7311435
7727246
8662852
8851561
8876213
6886130
7275574
7278669
7332667
7377796
7405160
7496482
7141785
8509544
7126272
7316684
7349283
7523809
7547675
7601172
7877330
7938124
7542833
7591384
7739731
8192535
6909104
7252779
7125989
7252492
7267422
7704330
6413643
6963767
7310840
8755432
7178900
7556756
6823971
6986483
7000345
7396891
7720556
7946270
7105558
7712593
7105558
7712593
6866374
7080826
7091128
7140532
7412821
7497199
7544761
7562561
7646349
7662324
7725614
7819400
7870102
7996956
8812449
7316051
7411888
7411989
7515902
7634192
7650925
7681619
7724270
7805659
7928775
7991536
8346154
7571229
7671280
7804240
7934425
8613842
7579848
7602435
7636795
7669238
7762536
7830171
8026489
6967029
6997322
7033403
7098930
7117530
7245139
7378647
7529996
7588308
7684484
7704088
7739594
8178417
8803034
7143781
7401583
7634355
7660741
7688357
7718229
7803183
7900513
7988629
8133578
8388790
8714986
7384714
7633654
7952477
8047909
7369633
7556101
7559318
7570660
7628887
7683278
7786354
7787294
7144272
7176306
7342657
7418262
7566970
8035213
8358208
7344393
8003509
8063962
7260638
7355211
6706871
7280619
7280660
7317828
7884269
8856837
7350622
7426065
7895541
7185207
7493884
7802826
8013363
7118634
7243511
7269747
7361301
7835949
8433383
7116093
7030059
6986380
8811411
6974789
6993014
7036782
7056452
7158989
8233565
7379129
7536712
7666926
7950370
8155868
7033924
7487937
6803729
7204862
8083208
8755440
7355156
8856966
8861405
7434984
7515251
7600472
7646635
7665107
7762050
7827570
7190182
7352801
7491700
7632486
7696357
8868598
6905083
7182927
7283326
7283507
7283870
7537311
7623242
7797882
7818408
7826838
7913120
7990143
8576039
7199412
7220352
7273191
7275796
7313671
7384318
7430888
8127466
8311846
8641728
8474346
7582749
7593637
7493950
7500482
7724856
7757674
7787538
8596649
8708155
8743916
7770468
7825052
8403499
6881436
7035581
7162644
7195584
7328891
7692272
7391340
7510562
7554427
8354720
8502545
7449162
7574020
7679130
7761224
7806725
7814067
7835856
7888519
7942992
8062247
7453048
7493092
7647756
7984363
8752577
7372590
7935209
7942082
7538764
7637641
7658202
7819243
8076664
8180560
8396874
8770589
7114124
7386640
7754088
8126276
7178139
7237007
7328904
7637589
7709369
7737608
7739480
7795602
6948709
7195193
7235308
8571795
7164190
7206339
7378367
7452867
7946143
8477987
7141511
7296890
7419679
7549231
7569752
6925029
7030912
7088322
7137862
6867068
6978983
7280474
8642330
8764702
8884936
6767453
7001019
6997450
7335998
7091504
7576265
8245866
8693067
7281129
7453037
7489174
7533938
7594620
7621110
7656008
7666330
7685773
8049510
7393608
7549633
7594288
7616684
7976017
7240732
7426016
7674139
8037898
7346378
7429432
7526419
8272509
8491118
7169002
7532696
7320317
7374142
7536107
8607719
6899192
8148889
8311493
6941879
6953436
6953638
7043334
7061911
7699255
6906792
6984323
7032695
8152606
8897832
6919548
6935222
6976574
8502763
7523120
7674659
7730258
8064119
7493309
7539930
7754484
7837889
7996643
7997530
7339047
7518951
7581992
7698916
7805562
7317498
7353227
7420888
7539307
7613948
7772387
7790931
7944744
8097413
8806375
8876045
7166016
7367067
7655271
8346563
8360982
8834920
7178963
7270841
7315722
7497686
8360906
7140726
7434807
7780235
7327778
7364742
7693929
8416866
6996579
7095486
7393894
8423262
7094944
7130709
7208285
7564475
7643762
8041939
7406313
7440564
7485810
7498355
7512813
7513233
7538218
7555075
7612059
7665932
7833914
7858955
7948482
7952183
7954900
8038394
8184048
7382091
7663798
7861143
8702598
7383279
7419057
7434223
7488797
7490860
7502146
7549182
7549226
7619132
7630963
7677711
7689582
7769400
8046186
8265059
8691475
7410253
7528580
7790410
7404487
7411837
7436692
7537270
7541623
7577772
7637704
7647007
7663093
7710219
7724039
7730118
7795207
7805980
7856607
8012279
8298060
8477466
8481095
7417668
7426364
7634893
7682835
6938390
7524092
7970406
8868552
8875330
7248606
7261833
7262447
8852089
7263937
7311935
7433984
7536513
7580292
7623896
7756900
8348147
7390955
7408943
7588661
7667764
7726112
7787315
8811473
7374348
7522883
7642783
7682869
7565701
7707771
7718398
7938431
8055211
8854487
7197907
7214016
7280498
7425198
7810593
6942183
7106521
7190737
7205876
7425155
7516855
7710668
7732040
7743850
7843029
7911455
7955879
7282038
7536271
7685258
7920396
8662246
6767332
6942303
7243378
7308225
7015850
7122541
7172949
7214855
7308261
7320337
7944390
8227224
8272177
8462421
7420487
7593201
7740567
8682764
6963054
7021524
7143946
7222577
8812414
6488550
6705423
7123214
8837535
6926527
7044769
7187850
7246987
7391516
7392342
7507853
7510734
7529004
7860204
8081461
8208498
7431321
7507164
7507867
7525822
7536715
7539392
7573937
7597121
7610638
7616826
7618346
7628552
7700584
7724154
8598597
7577745
7634311
7634892
7771873
7867167
8503569
7579739
7591606
7640573
7668338
7689884
7725249
7725860
7773911
7938993
8068618
8107253
7172467
7254957
7281378
7297146
7408828
7493723
7573283
7818799
7836251
6844655
7209988
7295246
8350304
6751579
7178877
7860664
7910179
8098153
7088444
7361303
7381506
7718127
7718987
8619960
6876576
7057831
7136266
7346161
7525998
7852931
7931698
6957929
7215616
7515466
8682773
7319248
7326898
7409982
8064184
7346402
7503915
7621808
7887817
8540584
8849979
8875990
7223008
7418244
8633660
7284497
7348775
7736838
7192992
7259648
7283918
7338699
7091753
7305848
7500650
8072385
7590722
7655862
8149991
7410998
7421676
7543089
7688253
7696750
7822135
7223407
7305891
7398220
7430357
7438863
7586916
7611262
7658215
7773575
7874420
7892358
7940104
7080332
7350516
7619703
7169693
7596211
7400888
7433557
7571625
7884495
7962479
8196898
8491777
8769714
6825077
7144860
7212298
7352120
7433663
8139977
6918284
7409979
7442043
7513348
7745975
7045955
7337759
6299051
6927432
6967076
7030058
7123637
8803020
6880227
6892385
6905099
7053986
7063533
7274889
7428560
7377748
7586049
8448225
6881978
6974449
7041024
8803019
7069487
7119670
7567035
6277258
7191114
7405112
8897614
7211768
7155829
7204020
7216533
7279199
7512561
7055091
8867514
7445098
7584157
7702323
7750782
7783451
7838532
7974281
8712403
7444570
7595402
7635678
7660270
7862274
7943793
8072555
8104364
8854475
7391206
7552540
7883502
7911811
8356770
8761998
7592309
7688263
7979332
8039821
8126321
6918256
6999170
7133768
7447043
7563177
7575287
7640594
7770659
7951749
8305900
8368364
8746723
7519092
8138575
8167604
8439681
8700067
7062104
7723597
7794180
7794280
7839248
8853016
8856903
6962891
7105550
7989635
7450193
7652049
7750435
7914322
8059001
8177954
6976214
7027880
7206703
7280176
7340198
7820195
8755411
8838376
7373691
7591898
7736714
7751217
7834881
7846668
8721228
7411271
7617366
7645745
7308630
7442240
7510146
7560206
7565469
7607810
7682069
8139592
8396909
7007778
7574970
7597402
7607093
7623864
7677498
7740045
7767654
8000587
8177234
8357280
8405952
7135660
7272987
7340707
7432310
8008202
7682394
7869779
8635781
7488178
7490079
7558871
7574448
7616003
7628827
7645568
7645716
7681953
7732065
7882037
7922533
8861366
7543924
7579145
7718135
7795747
7850618
8821549
7373626
8091882
8372123
8627637
7496673
7577638
7640519
7660298
7677409
7788750
7883547
7914747
7961726
8462772
8853017
8881458
7167426
7216195
7450618
7737536
7381418
7435016
7491712
7635077
8073310
8687350
7134210
7145588
7306122
7323904
7440530
7523820
8800723
7343851
7395153
7594324
7774641
8418527
7166581
7198116
7648119
7763838
8069484
8659690
7161053
7694230
7762354
8371535
8460012
7535028
7683900
7896516
7533705
7783248
7849778
8191963
8274015
7425918
7489878
7564221
7582091
7826360
7949259
7056515
7163115
7551016
7622428
7630716
8092783
7146227
7371121
7515357
7552893
7667535
8747957
8798028
6876670
7103756
7209837
7357472
7374395
7120338
7512356
8837647
7287484
7315432
7365256
7393495
7430994
7510761
7629867
7663813
7759808
8370778
7419055
7575602
7774402
8656897
7108461
7676831
7811842
7044769
7101204
7172540
7285765
7342555
6988134
7177595
7582404
7923527
7937020
8306421
6925210
6987336
7284422
8484615
8826824
7058917
7758657
7885644
7007147
7420199
7564210
7565456
7600083
7712666
7923665
7944130
8184232
8338188
8349810
8669178
7904762
7679971
7081840
7579612
7940037
8311653
7244971
7268900
7275404
7956314
8861367
7440254
7525560
7536327
8037574
8680611
6974481
7074103
7318387
7789561
7375039
7410113
7538201
7545149
7583637
7594896
8037749
8140371
8153545
7424865
7730938
7916019
7962531
7979393
8748698
8824863
7398549
7407894
7565205
7569774
7857857
7939685
8811445
8812209
8812210
8812213
8812214
7501795
7505862
7643286
7664011
8132626
7255840
7346333
7527709
7948703
7134450
7541523
7818749
8015019
7139032
7148334
7354061
7582578
7183790
7212134
7882587
7885979
8637519
7172771
7259039
7364719
7663313
7692585
7845781
7196311
7221078
8124774
7429823
7490426
7537367
7637737
7646792
7828762
8360176
7236963
7360524
7415429
8517191
8824864
7488485
7490102
7615598
7636786
7685205
7687604
8223885
8710816
7398809
7411758
7489474
7630459
7677368
7734020
7391137
7648885
7817602
7909678
7953555
7251929
7418233
7438883
7448587
8800581
6863611
7945844
8253115
7142932
7211488
7274403
8433657
8799865
7562714
7645331
7756684
7768724
7275303
7652309
7696230
7776036
7784227
7960843
7989179
8172741
7610951
7718846
7952734
8241879
7444062
7448587
7698057
7746222
7993006
8073225
8177318
8370079
8609213
7746854
7985979
8034080
8335707
8656736
7342373
7422294
8501243
7521410
7565908
7736721
7770307
7953030
7966983
7980534
8045044
8097489
8195375
8391931
7132050
7288580
7436591
7741639
8571978
7559385
7595736
7756720
7765778
7943283
8237088
7520070
7695828
7738688
7810744
7891793
7952624
7987438
8028103
8662325
8850013
8850016
7433854
7672313
7790666
7914825
6973677
7428662
7522048
7548893
7560411
7633326
7652220
8092152
8512712
6847193
7062162
7158589
7411412
7558945
7571598
7745298
7858079
7993993
8329152
8509288
7505322
7548296
7735608
7853813
8119023
8185065
8808443
7733904
7925862
8052019
8611260
7236272
7322421
7389637
8484442
8701865
7585514
7162862
7285774
7398819
7893006
8648883
7185098
7424464
8186630
7103668
7587093
7964343
7100145
7193183
7211333
7257346
7382126
7521306
7546887
7552641
7594411
8868631
8134045
8405351
7297203
7345868
7353112
7400235
8190985
8418458
8637516
8648884
8799802
8856146
8861231
6882389
7404514
7428273
7517004
8064221
8136956
8302623
8633673
7208701
7545781
7124159
7152351
7541634
8153282
7285560
7320729
7499200
7604362
8176978
8579125
8672730
7554999
7814438
8450586
8460204
8641325
8856145
7209429
7213545
7332887
8007792
7108520
7133678
7349887
7884374
7924675
7438669
7746141
7858333
7966375
8024029
8087280
7082965
7195595
7090203
7107439
7220685
7259099
7267216
7952708
8799804
7042090
7138751
7348974
7905574
8173038
8454583
8813601
8312456
6575841
7079320
8072656
6872947
7089511
7157038
7355220
8738464
8857081
7374084
7397181
7495963
7551791
7574108
8085496
8360742
8441795
8738561
6558591
8095342
8162651
8379753
6877283
6948475
7075630
7773142
6986548
6998523
8246578
8571681
8649515
8665916
7136136
7182325
7188864
7320135
7436937
7542651
7886161
8153207
7209923
7277511
7321741
7048707
7223594
8131302
7142050
7214703
7317014
7426075
7444543
7548843
7640302
6980748
7147366
7333046
7365404
7428531
8839229
6898570
6971679
7564930
7631222
7972420
8186807
8461428
6913689
7623208
7320523
7492515
7492353
7526326
7617338
7886061
7801220
7091935
6900244
7040938
7088538
7026638
7555650
8769826
6974591
7025446
7101366
7202557
7333851
7363313
7333906
7375687
7378095
7400922
7555684
7591867
7600262
7611387
7619546
7621492
7811873
7859578
6990447
7147493
7341932
8269162
7713141
7943076
7987659
7156994
7287107
7651388
7991879
7333757
7423478
7843333
8363788
7390329
8441283
8689991
7418854
7514318
7544582
7581160
7650676
7813710
7816563
7991519
8025139
7505501
7626416
7652431
7674161
7699426
7845314
7910862
8104860
7486528
7549617
7557040
7863518
8037391
8112751
8140154
7430353
7435008
7564363
7592223
7593164
7623792
7647251
7857298
7118807
7158304
7225532
7238683
7817391
8856948
7389900
7434505
7538160
7727712
7781307
7829245
7870019
7961384
8173564
7375724
7408594
7419755
7444526
7498932
7566614
7567832
7615570
7663506
7683312
7711527
7755896
7803892
7855950
7884505
7902046
7918814
7313209
7351072
7346490
7515220
7379526
7423472
7549262
7575308
7645865
7668538
7674233
7689080
7781367
7854514
7873337
8069145
8318612
8461279
7004619
7025183
8579299
7111583
7189689
7193848
7690312
7651389
7713706
8509218
7064819
7349595
7386529
7428583
7562692
7576943
7625290
7723008
8834978
7433701
7513414
7591129
7662520
7711733
7843866
8850339
7529987
7567368
7586504
7590647
7627688
7681564
7773968
7788756
7899034
8016357
8218341
7262643
7315585
8623577
7203567
7513716
7245665
7377292
7672028
7678096
8665932
7204451
7367753
7382513
7433785
7443308
7491582
7507707
7669753
7912157
7214666
7245665
8049004
6976182
7269936
7565008
7100397
7111642
7202296
7321846
7514650
6984002
7203622
7323783
7589154
7095117
7178844
7368543
7396923
7488884
7827362
7144372
8423337
7076163
6893667
7120331
7397011
6913361
7422053
7155451
7160315
7312870
8139000
8709243
7065898
7120361
7187231
7193536
8867407
6991860
7127779
7302559
7707737
8007431
8828956
8838374
6863329
6972782
6990673
7278097
8802732
8861247
7448350
7504829
7554272
7626496
7670203
8245036
6914374
7017628
7399858
7796802
8719111
8802731
7027426
7064648
7178581
7646734
8644785
7389977
7516745
7560995
7582167
7586457
7590018
7672305
7721225
7729599
7742181
7768583
8075187
8345489
8845471
6693430
6833877
6877134
6936456
6963406
6984572
7020549
7384083
8769893
7335921
7382075
7440095
7514652
7583719
7636974
7648797
7708986
7787954
7923597
7943214
8350794
7566453
7763443
7811926
7816429
7870751
8010070
8017418
7329166
7770587
8138278
7158019
7297805
7790054
7910804
8359415
7564859
7577322
7669061
7670417
7867368
8455005
7231069
7326421
7337567
7512319
8632269
7563022
8152158
7158745
7216682
7418885
7178570
7196123
7320582
8713327
7092380
7379491
7429616
7452710
7589369
7609648
7690984
7734664
7747120
7786070
7878119
7953722
8028915
7029899
7038092
7068712
7159857
7234363
7247091
8435467
6912238
7052649
7077837
7084323
7950678
7963243
7281873
8738416
8748404
7231858
7344142
8635416
7407999
7873027
8434311
7319783
7572189
7581521
7157869
7308627
7437058
7539592
7751708
7118345
7302171
7305822
7711101
7976163
6740182
7018622
7168436
8048876
8856947
7378084
7535009
7555831
7695688
7822252
8108883
8824999
7232878
7276792
7580749
8365726
7360458
7432608
7534901
7586695
7609634
7622559
7683572
7761954
7994178
8125652
8220732
8660126
7442897
7444451
7495122
7684319
7734555
7859346
7987665
8079282
8125611
8179246
6637855
7181378
7088180
7322832
7339675
7566380
7623638
8555970
8695026
7124036
7167158
7438015
7205920
7312594
7345680
7690555
7210034
7552279
7736162
8350304
7241889
6878630
7357775
7545009
7675209
7679141
7869134
8048347
8322434
8658217
7417468
7419071
7503813
7505722
7576173
7596681
7597412
7619543
7639316
7382475
7409123
7551411
7566933
7670048
7847642
8146443
8394155
7449037
7545513
7906053
7914003
7960112
7166393
7292929
7815224
7820029
7425237
7514636
7535590
7233377
7907637
7008328
7619541
6940636
7644993
7713410
7768937
8257334
7439392
7514687
7568502
7639423
7761911
7797791
7800892
8368085
8502609
7393906
7407417
7491218
7945375
7444136
7709116
7835597
6970452
7514096
7539823
7592424
7764439
8257334
8314630
7425106
7527208
7539658
7638197
7835232
8199537
7539670
7685473
7911197
7920487
7181624
7295449
7393238
7444574
7740272
7228987
7274175
8209848
7334764
7424157
7098922
8624206
7424278
8242514
7568390
7600610
7650576
7657158
7788263
7974486
8229457
8619255
8834885
7234859
7448504
7382639
7384042
7401233
7408798
7538707
7613510
7634723
7670546
7699451
7735217
8029133
8692357
7381853
7364261
7490865
7501963
7766113
7811116
7966162
8002883
8199203
8272868
7396124
7390075
7396992
7498100
7559005
7577713
7592845
7804190
7829794
7957633
7957727
8197561
8375021
6984296
6987783
7121858
7615103
7645201
7647700
7828403
8024983
8366133
7382272
7432358
7487724
7523496
7530864
7533096
7537068
7580565
7616269
7700079
7729682
7742333
7825047
7850060
8064116
8384000
7315996
7627356
7824056
8348285
7285419
7358418
7381156
7527243
7904594
7386917
7123561
7145755
7307655
7314546
7345448
7406589
7670516
7997001
8442833
8681249
8806392
7328403
7392102
7549213
7555565
7964428
7996454
8135394
7027204
7152817
7511940
7519113
7555119
7718530
7369563
7852427
6877148
6982502
7270283
7434940
7106960
7204063
6636655
6672906
6953990
7062401
7436402
7852413
6922387
7074845
7126228
6927312
7687823
7030658
7042802
7308348
7449124
7432652
7494594
7503388
7594837
7638413
7689680
7728046
7730661
7739609
7836331
8011363
8348165
8850341
7367654
7570977
7587062
7604375
7632813
7645141
7699052
7782821
7807347
7971640
8356013
8838558
7353229
7406505
7427389
7522828
7680872
7837362
7944444
8639768
8729877
8826458
6897140
7204146
7434327
7552155
8644720
7046354
7178534
8263232
7107532
7586026
7347538
7835947
7558174
7694307
7940636
8271893
7193079
7297560
7336446
7583407
8172170
8691401
7518279
7528643
7604788
7631222
7846029
8153207
8368076
7163608
7515401
7518517
8193655
8633595
7172069
7307514
7318330
7345693
7365918
7575067
7364591
7938653
6969576
7245854
8458382
8146313
6927506
7082544
7288093
7352306
7852893
7883350
8769952
7025481
7122488
7533979
7167033
7658571
8520569
7143992
7156867
8124270
8824992
7177943
7419142
7712234
7916542
7970184
8350273
7340006
7353098
7378210
7440990
7546497
7673399
7767837
7941851
8081230
8123601
8238532
8308701
7170926
7309702
7889554
7255457
7310130
7338676
7420867
7862162
7879972
7254432
7313778
8444462
7136631
7335128
7575242
7580372
7806709
7914298
7943854
8409678
8528148
6475005
7177943
7283797
7551141
8357313
7063757
7247540
6933109
7042064
7256873
7263692
7279334
8209536
6628826
6885645
7157056
7373489
7529002
6306526
6941704
7087927
7181194
7344782
8301827
8826856
7353725
7496719
7631151
7674214
7705417
8661876
8494102
7209925
7317258
7872701
7343531
7785814
8566639
7243276
7426115
7558843
7615738
7850503
7859650
7867774
7895477
7111560
7515183
7722999
6437337
6890267
7002467
7320903
7027959
7157450
7039862
7069197
7411565
8023252
8657914
7057943
8745284
6925245
6967800
7783492
8678853
7754233
7438330
7637871
7658571
7736077
7838321
7973607
8107277
8520569
7836301
8381127
7433816
7768459
7795496
7153307
7214835
8812293
7363408
7373509
7443459
7551390
7563941
7598928
7616497
7640322
7694980
7720597
7726043
7776700
7778151
7821053
7997781
6945806
7145612
7166970
7200992
7254049
7334387
7393548
7426963
8647240
8838555
7500824
7622498
7645991
7811368
7928889
8122854
8171248
8472126
8723841
6527419
7339345
7805243
8146316
7077121
7078106
7795104
6976697
7170219
8395447
7057995
7265795
7162324
7191756
7631275
7680643
7869157
7902527
8161780
8390240
7374059
7388350
7492046
7575845
7665963
7690936
7874930
8136269
8151834
8323984
6560761
7133278
7412009
7723529
7518803
7561231
7664619
7688059
7929442
7931161
7441841
7445454
7515940
7612905
7684519
7846190
7885430
7916388
8054455
7216989
7154858
7182628
7372442
7394213
7409631
7517540
7206392
7217617
7283607
7416439
7874900
6867716
7038108
7074843
8856360
7442893
7822374
6979537
7124949
7286086
7874950
8398048
7085958
8812291
7197960
7441854
7496128
6884819
6977999
7076879
7814434
7285287
7304208
7034048
7076895
7196785
7369593
8154322
7001924
6953626
7361082
7491912
7533650
7571961
7582437
7627896
7812104
8078253
8117770
8800094
7350904
7378564
7673986
7837988
7847090
7368103
7503659
7585249
7787911
7892031
8593790
7395116
7420440
7426142
7489542
7657968
7866619
8025817
8709097
7547520
7613416
7643055
7667137
7813350
7429989
7530704
7612959
7922893
7371025
7374274
7382667
7394230
7452846
7504571
7537230
7596689
7628214
7668439
8016026
7399822
7548470
7659393
7672701
7702186
7720123
7409960
8659621
7909639
7506023
7574107
7550802
7565927
7694531
6944707
8768368
6981315
7021467
7052172
7122502
7374522
7396372
7507882
7577635
7613308
7637268
7691991
7753822
8355751
7335050
7390854
7436973
7516005
7589561
7631143
7722848
7919149
8456905
8458542
8802970
7438354
7583185
7298097
7377999
7513791
7920574
8601318
8838811
8897715
7249196
7317549
8253050
7276139
7436933
7552718
8374806
6912463
7048380
8386506
8411157
6916330
7144703
7198380
7280125
7316057
7352892
8411156
7410794
7422751
7439440
7451011
7579832
7626541
7628607
7713213
7871623
7893960
8357192
7426677
7803468
8356616
7500133
7651229
8053786
8193403
7793836
7982785
8339769
7637507
7649381
7718894
8602430
7522256
7589567
7689639
7740476
7800697
7850380
7876776
8135271
8311822
8594091
7359460
7556868
7678084
7922015
8119654
8312674
8674199
7225942
7388306
7394072
7425902
7434809
7522328
7530577
7532906
7573743
7811190
7992303
8074655
8348630
7641946
7670783
7587276
7355175
7807464
7818597
8178084
8355384
8460564
7657653
7796942
7802786
7844263
7963782
7488335
7491632
7515230
7517414
7518348
7577571
7618279
8214787
7179364
7288039
7310997
7427600
7730115
7896730
8372408
8419606
7153410
7285964
8501841
8725610
7412906
7647558
8724400
8828162
7226683
7969685
8618220
8839207
7171595
7116062
7135165
7188271
7241297
7904630
8633538
8719168
7092062
7361351
8553865
7160930
7388259
7407544
7506443
7545267
7893967
8155774
8826591
7963478
8769985
7092373
7560310
7738338
8154452
7021563
7221493
7254713
8047133
7970213
7863588
7089662
7308666
7360502
7918779
7393519
8088720
7234691
7357721
7756869
7412078
7591598
8362966
8373747
6990062
7257938
7281235
7377142
7665007
8656346
7243639
7346492
6968856
7113001
7542874
8309960
6948632
6970399
7096546
7098479
7226293
7150133
7448163
6948610
7021359
7312897
8199426
6982917
7047290
7447767
7097729
6955096
7437458
8833878
7196993
7203207
7238173
8677500
8719187
8833893
6967473
7367652
7574124
7875522
8475817
8722384
6928545
7000022
7238370
7776330
7059802
6946178
6992315
7108420
8134814
8212897
7367655
8169908
8326010
8376726
7022730
7064138
7120408
7984772
8103890
8642399
8683243
7500412
7591186
7601066
7687338
7884419
7886638
7062299
7365288
7487009
7499690
7543516
7639582
7786776
7788666
7832680
8017447
8711525
7194664
7263425
7622755
7819822
7706984
7416415
7422133
7439353
7515971
7520272
7547806
7552331
7554856
7625768
7665079
7710309
7720543
7958278
8153014
6911108
7855345
7361219
7392235
8799060
6859252
7398465
7907672
7960853
7400677
7417207
7436550
7513871
7575378
8345767
7497224
7515660
7560171
7612615
7697715
8046063
8046072
8378392
7591367
8072664
7293646
7365721
7387923
7520019
7637425
7707556
7746213
8131950
8318845
8350510
7196611
7214027
7533233
7931003
7373829
7407824
7633952
7679145
7757414
7870114
8058351
8101472
8146003
8352695
6957841
8258823
7360935
7390620
7529035
7639122
7849110
7857273
7882149
8081610
7644155
7647259
7658687
7671591
7750584
7934868
8117046
8762645
7448506
7495169
7612363
7626750
7987195
8459399
8692407
7305901
7385598
7388260
7501144
7857362
8236952
7393933
7434387
7577771
7607186
7647272
7793207
7966334
7105618
7208588
7272317
7354966
8099780
8132168
7291802
8570754
7583156
7674913
7349774
7594040
6880058
7167805
8803164
7123157
7384119
7428277
7432467
7516403
7545623
8178131
7316550
8240935
8570944
7412660
7644838
6987212
6990818
7001853
7119403
7216836
7283521
7542849
8800849
8825361
6970367
7004902
7146470
7216473
7297897
7769141
7097077
7436274
7570682
7675500
7766920
7796317
7896170
7923280
8151939
7385064
7429842
7436293
7446564
7570637
7613325
7623705
7654881
7887335
7900777
7966654
8355852
8800462
7511599
7516127
7616010
7644409
7652007
7692166
7721550
7725603
7737784
7894909
7913475
7943074
7969976
8128821
8509085
8816721
7194024
7867106
7194714
7350076
7945803
7152363
7179554
7121475
7189083
7355160
7505704
7767270
8204764
7603959
7678068
7678092
7680299
7735088
7798336
7913573
7926795
8056807
8236709
8390691
8762779
8785253
8831077
7144612
7361984
7441300
7447768
7497750
7688872
7786940
7823960
8373157
8733472
8826431
7144725
7327486
7405813
7430873
7538848
8516192
8867532
8867533
7279282
8154291
8752094
7185720
7314528
7321379
7443701
8570082
8705050
6982515
7735599
7176822
8189840
8665945
8838515
6723964
6996375
7113688
8221013
8664860
6948326
7086729
7152340
7181272
7367497
7668460
7189806
8086712
8623752
7077683
7396957
7165298
7399861
7066644
7538268
7386959
7665384
7674452
7733397
7734585
7385643
7599699
7675172
7297449
7392039
7595394
7220277
7271946
8216165
8748797
6753819
7283407
7432048
7486775
7566304
7610738
7650774
7656515
7692737
7726438
7899379
7908382
7912706
8036361
8193515
8806369
8811432
7392040
7488258
7491657
7491706
7649704
7710203
7748950
7038363
7122173
8448028
7413248
7426429
7530701
7549426
7663375
7837909
6857130
6954633
7022450
7051102
7567087
6884846
7731748
7817097
6765706
7162025
7347569
7347978
8204052
7383682
7563012
7876246
8718786
7380790
7551151
7766247
8126008
8408620
8521845
7044084
7077498
7075291
7234688
7586350
8245614
6761167
6898049
7345787
8798094
7436837
7511740
7594931
7656369
7685225
8146173
8650175
7419771
7627944
7725183
7738140
7888944
8158290
7413289
7433262
7560691
7664929
7689030
7782972
7833746
7884179
7991863
8693458
7342952
7392704
7441926
7561847
7572141
7628327
7646753
7649145
7649407
7760973
7839900
8641243
8813591
8839091
8853018
7600190
8754084
7491216
7544646
7560761
7635140
7672308
7909685
8057657
8216591
8517247
8891855
7192094
7396930
8624225
8649701
7491346
7547744
7597494
7711486
7730340
7796659
8015481
8133756
8185178
8336606
7152516
7259637
8453204
8496114
8624226
8853019
7234912
7504782
7676031
7694507
7703774
7717953
7758503
7845747
8033193
8720570
7311800
7317860
7349413
8142071
6511630
7202302
7260179
8500918
8884980
6883954
7156014
7233107
8272876
8370588
7190164
7251918
7323031
7516479
7944192
8264472
8623751
8764135
7513940
7630324
7680316
7721331
7924172
8002684
8010290
8038749
8081847
8295231
7108068
7278351
7556448
8165887
7561833
7525706
7587436
7594931
7684806
7757984
6983176
6984580
7077496
7094767
7199073
7207278
7386751
7970663
7160286
7317653
7403946
7429628
7510365
7557020
7732746
7985484
7992420
8333284
6948285
7140685
7306165
7372476
6870406
7605399
7274074
8225769
8853198
7589401
7728264
7777640
7795339
7815600
7977866
7860968
8178155
8700659
7390637
7416758
7635944
7665392
7741707
7797202
7040561
7107670
7184689
7434791
8407921
8798075
8151035
7294127
7344559
7412351
7430909
7606642
7606648
7646671
7660795
7756149
7757937
7765677
7796259
7842821
8444396
8556757
7084906
7155161
7215508
7441832
7585659
7794089
7892915
8552543
7372594
7378204
7518128
7585736
7643790
7734662
7788752
7891741
7895214
8107517
7182872
7197509
7263304
7394643
8042846
7094499
7234884
7660378
7548435
7736898
7794077
7902118
7970879
8309297
7694214
7393525
7650875
7004760
7020497
7358433
7536018
7568125
7790022
7886994
7687423
7403873
7428162
7431061
7528304
7570413
7612277
7648506
7730065
7811486
7860818
7945182
7947744
8076475
8094887
8351670
8407636
8784529
6986365
7188707
7198411
7358463
7773590
7449307
7525227
7535056
7544253
7570351
7570354
7576774
7594015
7662763
7694759
7883956
7890422
8309179
8517560
8839189
7120773
7143860
7520996
7591013
8100864
8696600
7168670
7179165
7294696
7407336
7541234
7562769
8665936
7342374
7513527
7549279
7551340
7656503
7894835
7898760
8572276
8646856
8826351
8837652
8838404
7390822
7400458
7591591
8813573
7605949
7674245
7683492
7776950
8135763
8353938
8360953
6922085
6934397
6959269
6980842
7180730
7244203
7302120
7864407
8055494
8450445
7034255
7051382
7527060
8695027
6886938
7033119
7206921
8519962
7427820
7428995
7443601
7847587
8355561
7310817
7315819
7427788
8635410
7864332
7023475
7700238
7983381
7198935
8191906
8713316
7219788
7223653
7357900
7413051
7921809
7506601
7531107
7579247
7589570
7759907
7801443
8120952
7234628
7863456
6993226
7022758
7039212
7199380
7123596
7175892
8624305
7132082
7542844
8148885
7315585
7389915
7404604
7415925
7428391
7503313
7527223
7569608
7573827
7611365
7626903
7643598
7645729
7758719
8001037
8146886
8219983
8610517
8746725
7582248
7617012
7759873
7966343
8127539
7528755
7590691
7754174
7796768
7804571
7927705
7128979
7252290
7259679
7401537
7520193
8601036
8809225
7365052
7407797
7450850
7494253
7570016
7622538
7676786
7731868
7757907
7861757
8120988
8219972
8240438
8338352
8434910
8746724
7162683
7174872
7252811
7286269
7357551
7487234
8672400
8813573
7545706
7613450
7859455
6809271
6994836
7162971
7203939
8623626
6982271
7114724
7141525
7591760
8223742
8623627
7112836
7338140
7340294
7408034
7524788
7544692
7548360
7561931
7741427
7788303
7866736
8120733
8223418
8355473
8780188
7291518
7303476
7309702
7336717
7912431
8233133
8881402
7314509
7491100
7499244
7571658
7738080
7868928
8028443
8135883
8355490
8623534
7408010
7702755
7725526
7985189
8077507
8326239
8574605
7563724
7628652
8077417
8357986
7397376
7530530
7823147
8221434
7395978
7594691
7612207
7634230
7673873
7803203
7807553
7898935
8137831
8611929
7172651
7172668
7190455
7206157
7761355
7392175
7415682
7489099
7600127
7675364
7689974
7733538
7813360
7849870
7945539
8037745
8273312
8673964
8811401
8831110
7678945
7842818
8069777
8485784
6724188
6972799
7021004
7811805
8623537
8638813
8656356
8689791
8731026
6809457
7197386
7310050
7310650
7386561
7395031
7421952
7498332
7507909
7568253
7586008
7600114
7660248
7753968
7758313
8013560
8055473
8832662
7180736
7310211
7354591
7412356
7515685
8076382
7126375
8120818
6991317
7162963
7616993
7224483
7412213
7413167
7435063
7452274
7627463
7960669
8131868
8570948
7573455
7624737
7685587
7813079
7910334
8133137
8138726
6988768
7081203
7181279
7835238
7339084
7438888
7443255
7643350
7728819
7810270
7882051
7958107
8039436
8541671
7429368
7490824
7581259
7652352
7656248
7968597
8026472
8321099
8624088
8180712
7277822
7309331
7410765
7450726
7573532
7592334
7602451
7645086
7673997
8036975
7382117
7443008
7584111
7759354
8034632
8733923
7441320
7501560
7981767
8204514
8518346
7198883
7555426
7588955
7822226
8868007
7578953
7579598
8348821
8521153
7184776
7245328
8150138
7423859
7723770
8363876
8853112
6590832
6939926
7289103
7442401
7972716
7179054
7308334
7337955
7416493
7654874
7327355
7381425
6895838
7059331
7084856
7087917
7182341
7564228
8305102
7145608
7304558
7323234
7425760
8232658
8419249
7964210
8317317
6974600
7052255
7443180
7316128
7428638
7062875
7171131
7883898
7426555
7608195
7611289
8350239
8359665
7516160
7581283
7726746
7132006
7285940
7512058
8273630
8648885
7087949
6969755
7125478
7160870
7432221
8281666
8380066
8623541
7398805
7488558
7596196
7606806
7615658
7631409
7632676
7633348
7659864
7666891
7675007
7711534
8251370
8336686
8785248
7341635
7500393
7534594
7547894
7613106
7621744
7630349
7633589
7847398
8025012
8241949
8274965
8728684
8860854
7628543
7661630
7830997
7280252
7436349
7588318
7747478
7978570
8705388
8718410
8769869
8806347
7306839
7748783
7758581
8724687
7158471
7225935
7390712
7587670
7640368
7645536
8104887
8176621
7360589
7442910
7486416
7546669
7585442
7607010
7697650
7712619
7728165
7973578
8304425
8812337
7151943
7254998
7271547
7397257
7549618
7890317
7958792
8272355
8689782
7417161
7672554
7964240
8629318
8746678
7513696
7574888
7616150
7671335
7903617
7923956
7982232
8009196
8085319
8757805
7434230
7610756
7611167
7622632
7659534
7725763
7864776
7935841
8661155
7446658
7560686
7560870
7650354
7667622
7722765
7728009
7940646
7964553
8149139
7225235
7257126
7274131
7317846
7360402
7507784
7845780
8106577
7221705
7343813
8227218
7214857
7315254
7505882
7507777
7512693
7670123
7945576
8005990
8624102
8809365
8882922
8890190
6970625
7156603
7294148
7419530
7593411
8713250
7322450
7196980
8809340
6993259
7043378
7294399
7398156
7617886
7261235
7514948
7551587
7566936
7581845
7650725
7688041
7695166
7700171
7736936
7818174
7837371
8101748
8258539
2636240
2827819
3504366
3646653
4910613
7159450
7440673
7563968
7590517
7936041
8581999
8616672
8652332
8821885
8839681
8840788
8876502
8896172
7010091
7249082
7444200
7666714
8800041
8839645
7557909
7566971
7618707
7628065
7646230
7701403
7866729
7348200
7387658
7552623
7576035
7687608
7690847
7966427
8079190
8349167
7498264
7618711
7674657
7877803
8136875
8281640
7195413
7369620
8293033
8486288
8826697
7001683
7232103
7407991
7991440
8675660
7079596
7080133
7124705
7260366
7053603
7232144
7344617
6863783
7220043
7393488
7438756
7515254
7730965
7754568
8113903
8546397
7438737
7573397
7617818
7765933
8141887
7495535
7439413
7742124
8744349
7644967
8570572
8581605
8606960
8863235
6854951
6882529
6970080
7339969
7088388
7181688
7418658
7422464
7452750
7552473
7552548
7571781
7612001
7652458
7661167
7790354
7854950
8370124
7644992
7268774
7785230
7434130
7507020
7528554
7566930
7588122
7602415
7677177
7702522
7725729
7730483
7852490
7894386
7425576
7584692
7698215
7706627
7922230
8033359
7298291
8429845
7143280
7262628
7340727
7351131
8441093
8806294
7134641
7149978
7269265
7309546
7407894
7987122
8233383
8838324
6089805
7001908
7020490
7123126
7184641
7217852
7422499
7423081
7495345
7505623
7554552
7565781
7592189
7611714
7646120
7660398
7731428
7911952
7967674
6965642
7121045
7138237
7439097
6916529
7032105
7046351
6882827
6931361
7217312
8663672
6663967
7249319
7153807
7294566
7302312
8403796
7126168
7318545
7365079
7394990
7928245
8102244
8106939
8826633
7210407
7221410
8057750
7342919
7396826
7406462
7546726
7616124
7912440
7162272
7486291
7005967
7319111
7171071
7816614
7226522
7345393
7693368
7131857
7635889
7971424
8073501
8549553
8627735
7169474
7415950
8594475
8700667
7124839
7564378
8005990
8033821
8866245
6875180
7081072
7119960
7326683
8743746
7411291
7682597
7699474
7794596
7795241
7845468
7954544
8135857
8486916
7355035
7517217
7540200
7630465
7631415
7652016
7655134
7661042
7675144
7683293
7708090
7720091
7730437
7748764
7820690
7914424
8670827
7155808
7198064
7142763
7209464
8415015
6887246
7035703
7791062
8009725
7354892
7431542
7527714
7862458
8348355
6962610
7046674
7203222
7272198
7416525
7850628
8370589
7124715
7292482
7411820
7659550
7892789
8066004
8477368
7154152
7016251
7023392
7092904
7190219
7819178
8243890
7027916
7064630
7174463
7420931
8133063
6784796
6993138
7073467
7271704
7056465
8800850
7092924
7570639
7677094
7849060
8800642
8839152
6769623
8450474
7047416
7130641
7160940
7707839
8312771
6880566
7048408
7122745
7130633
7187471
7320478
7774827
1148346
4366103
4607472
5956966
7278202
8595657
8595727
8595858
8654757
8687861
8706501
8793992
8820774
7967598
8557287
2203862
8795934
8795989
8795997
8797218
8797895
8798704
8798715
8798780
8798821
8798851
8798864
8798912
8799393
8805148
8805205
8811223
8817509
8821735
8831301
8843061
8847336
8867213
8872562
8906982
8907005
8907009
8907010
8907012
8907013
8907015
8907441
8907443
8907978
8908005
8908006
8908007
8908008
975000
1620970
1643258
1770178
3008500
3532090
3757098
4008106
8733980
8733983
8737281
8777820
8777823
8777824
8801527
8812789
8816902
8890424
8895951
5822015
8606247
8628434
8691047
8696893
8708746
8724914
8774180
8774544
8774713
8775022
8775872
8775874
8783554
8791150
8794267
8794287
8797411
8816145
8821800
8828411
8828413
8831572
8835349
8838486
8841719
8841908
8841923
8842093
8843128
8844076
8846891
8848482
8855637
8858976
8860978
8860982
8865324
8868059
8869682
8877362
8881481
8881806
8883187
7449209
7701152
7703505
8297280
7500302
7500445
7549652
7591621
7592042
7615829
7635257
7658445
7658781
7727322
7754113
7861834
8195527
8231261
7893079
7947545
6557575
7496032
7672232
7865074
7091102
7320440
7487486
7580100
7584663
7674501
7711728
7809396
7844522
7909710
8572628
7377083
7499122
6904895
7116411
7423815
7437302
7567898
7594958
7630989
7767792
7893038
7910900
8172702
8813604
7257080
7527683
7835041
7913662
8821511
7358144
7364110
7407753
7502268
7532400
7559113
7579827
7589594
7648800
7966279
8376556
8397415
7642844
7748859
8713027
8850254
7580486
7646909
7961885
7607158
7630702
7666949
7680446
7735928
8850248
7367145
7392115
7417494
7625554
7658099
7658108
7695584
7746636
7857354
7901296
7931850
8262394
8525686
8598857
8685189
8813567
989148
2085640
2520764
4664801
8157108
8157729
8612632
8799143
8805627
8811289
8811339
8846309
8874325
1038880
2063333
4886173
6760936
8128091
8704096
8808554
8808623
8821803
8866442
8866650
8869686
8878943
8883870
8885543
7352811
7525284
7975984
8831198
7576569
7588027
7662272
7772851
7346682
7390788
7412978
7562648
7582940
7634156
7805741
7890273
8028093
8582327
7224701
7368112
7672709
8672414
7352790
7731947
8124890
8642617
6932035
6060156
7063664
7157131
8089578
8724417
7694212
7710456
7921144
7931949
8646366
6367269
6964358
6973091
7063634
7088963
7173921
7222228
8123705
8747247
6930441
6948316
6971979
8672801
8709673
8747248
6932035
6060156
7063664
7157131
8089578
8724417
7694212
7710456
7921144
7931949
8646366
6367269
6964358
6973091
7063634
7088963
7173921
7222228
8123705
8747247
6930441
6948316
6971979
8672801
8709673
8747248
6905943
6985429
7323276
8124890
8393226
7426446
7657219
7759247
7411527
8249795
8816693
8826853
3012592
3467034
6393994
8239051
8409286
8646705
8816815
8816852
8816920
8816925
8816932
8816977
8829891
8842962
8866844
8869555
8880926
8884737
8893939
8897259
7388142
7569863
7595314
7832072
7832295
8361162
8535676
8700382
8821517
8826354
7385624
7738181
8754944
8838413
7508034
7520286
7639809
7723824
7783148
7570187
7828820
8151814
8674189
8823566
8832663
7486626
7732956
7914610
8057599
8747351
8828989
7397227
7577757
7588750
7694432
7872398
7875717
8675692
8745945
8826718
7807296
7850471
7931995
8014767
8525072
8680269
8713390
8821498
8823550
8826514
7730118
8028443
8824859
7175478
7374124
7430835
7847722
8485263
7216313
7449278
7595814
7652374
7966858
8000618
8405790
8442598
8821503
8824890
8824898
8826318
8826320
7441008
7512300
7627380
7635890
7805499
7868488
7952742
8348768
8826321
8828200
7361493
7378769
7415426
7564826
7576544
7839133
7906991
7953612
8253306
8336895
8650207
8728236
8828169
8828176
8867460
7361130
7602550
7747457
7800634
7855496
7958095
8129717
8198838
8337447
8672935
8730957
8745947
8826604
8828978
8828979
8828983
8831185
8837667
7385888
8831033
8831076
8831144
7492851
7579318
7723714
7872481
8269436
8407679
8713451
8831081
8832661
7258004
7666174
7700756
7740648
7852680
7921617
7941735
8004022
8007417
8052606
8111882
8148692
8286351
8752430
8831161
8831178
8832265
7428669
7437264
7498141
7525698
7679226
7921565
8030403
8379370
8427504
8476392
8580088
8831181
8831186
8832249
8832270
8832275
7275230
7385820
7567037
7694385
7963606
8608269
8821543
8832675
7905571
8195895
8200374
8606467
8831164
8832269
7748092
7935186
8739795
8799428
8833868
7340266
8805241
8826127
8862417
8874085
8877554
8877559
8879339
7365621
7500352
7749868
7792124
8411485
8837515
8837516
8837528
8837703
7757255
7888079
7968024
7978636
8021802
8069935
8083056
8161464
8284220
8852886
8852887
8852889
8852894
8878538
7515526
7595740
7707878
7734475
7767028
7788983
8180899
8242767
8696381
8242233
8569407
8628455
8774703
8836554
8837830
8837847
8837855
8837859
8837869
8837874
8839840
8841042
8841050
8841060
8841065
8841078
8841079
8841081
8841084
8860966
8860969
8860971
8860972
8860973
8860974
8860975
8862710
8862714
8862732
8878926
