975000
989148
1038880
1148346
1620970
1643258
1770178
2063333
2085640
2203862
2284437
2520764
2636240
2827819
3008500
3012592
3467034
3504366
3532090
3646653
3757098
4008106
4366103
4607472
4664801
4870849
4886173
4910613
5694768
5804797
5809785
5822015
5846287
5858593
5859531
5921425
5956966
5983731
6060156
6089805
6098969
6132073
6132296
6147077
6158523
6180765
6186883
6192840
6194807
6205244
6206672
6207135
6209494
6234373
6256532
6271769
6277042
6277258
6289059
6296959
6298936
6299051
6306526
6309466
6310829
6330801
6335694
6367269
6371726
6384597
6393994
6400106
6400634
6412032
6413643
6413655
6416410
6423098
6426923
6437337
6442739
6445226
6446556
6460180
6460615
6475005
6484061
6488550
6499636
6502360
6509003
6511630
6514646
6518425
6521972
6527419
6532192
6536406
6537710
6540549
6550376
6550404
6551858
6557575
6558515
6558591
6559435
6560025
6560761
6564500
6564566
6568878
6570033
6570882
6573225
6575841
6576602
6582399
6590379
6590832
6594744
6596988
6606995
6607072
6609671
6610868
6614122
6614476
6615293
6616076
6623305
6625467
6627894
6628826
6628901
6629380
6630384
6631092
6632721
6635592
6636655
6637855
6638959
6641561
6645060
6646198
6647648
6650575
6651661
6652074
6654500
6657049
6657074
6659924
6663967
6665081
6667215
6669600
6669642
6669973
6669992
6671618
6672371
6672711
6672906
6673550
6678146
6679168
6679300
6682307
6682487
6682911
6683293
6684174
6687654
6687975
6689345
6691236
6693147
6693397
6693430
6696362
6697421
6698214
6699916
6702084
6702591
6704964
6705423
6706871
6708176
6709139
6713569
6717905
6718442
6718892
6720274
6720652
6721695
6723359
6723964
6724168
6724188
6724451
6724558
6725349
6727383
6728371
6733323
6733595
6733709
6734282
6735424
6735861
6737636
6738517
6740105
6740182
6740252
6741684
6743950
6748743
6751579
6753819
6754244
6756397
6757082
6760936
6761167
6764573
6764645
6765706
6767332
6767453
6769623
6771086
6780527
6784796
6784974
6787659
6790527
6791230
6792279
6793069
6793076
6794206
6795100
6795404
6795979
6796084
6796785
6796903
6796922
6797176
6800138
6800540
6800631
6800897
6803379
6803729
6803859
6805838
6809271
6809457
6812357
6812602
6812930
6815107
6818131
6819353
6820348
6822362
6823971
6824300
6824462
6825077
6825708
6825769
6826171
6826255
6830993
6833556
6833840
6833877
6834400
6835055
6836019
6836081
6836503
6839515
6841161
6843237
6844197
6844627
6844655
6845845
6847193
6847414
6849381
6852247
6852908
6853811
6854067
6854618
6854680
6854812
6854876
6854951
6856329
6856369
6856378
6856454
6856556
6857130
6857800
6858418
6858743
6859252
6859842
6860097
6860389
6860487
6860640
6861129
6861487
6862556
6862568
6863329
6863382
6863611
6863783
6863784
6863821
6864502
6864576
6866374
6867068
6867118
6867120
6867716
6867841
6867854
6868233
6869177
6870406
6870565
6871103
6871369
6871685
6872211
6872947
6873086
6873480
6875180
6875625
6875685
6876107
6876173
6876188
6876507
6876576
6876670
6877134
6877140
6877148
6877283
6877391
6877460
6877557
6877894
6878081
6878145
6878380
6878512
6878569
6878606
6878630
6878838
6878854
6878955
6880058
6880083
6880150
6880227
6880308
6880566
6880579
6881358
6881436
6881832
6881864
6881978
6882271
6882309
6882389
6882529
6882606
6882795
6882827
6882937
6883004
6883074
6883112
6883171
6883233
6883279
6883365
6883386
6883816
6883849
6883954
6883981
6884024
6884166
6884223
6884430
6884510
6884581
6884699
6884819
6884846
6885110
6885128
6885336
6885470
6885567
6885618
6885645
6886014
6886130
6886269
6886273
6886388
6886403
6886548
6886938
6887050
6887058
6887246
6887309
6887323
6887492
6887830
6887890
6887941
6889312
6889318
6889478
6889667
6889771
6889864
6890134
6890140
6890157
6890267
6890281
6890295
6890411
6891563
6891601
6891632
6891644
6891695
6891759
6892052
6892120
6892146
6892231
6892256
6892271
6892385
6892447
6892503
6892675
6892941
6893054
6893081
6893264
6893359
6893544
6893645
6893667
6893705
6893987
6894135
6894161
6894193
6894357
6894464
6894731
6894854
6894861
6895070
6895138
6895779
6895838
6895859
6896282
6896355
6897109
6897140
6897320
6897460
6897579
6897639
6897825
6898049
6898148
6898360
6898425
6898570
6898757
6898877
6898940
6898966
6899106
6899192
6899737
6899757
6899850
6899967
6900241
6900244
6900271
6901676
6902352
6902404
6902505
6902531
6902972
6903022
6903130
6903134
6903447
6904016
6904038
6904369
6904397
6904414
6904521
6904577
6904611
6904719
6904798
6904831
6904885
6904895
6905083
6905093
6905099
6905112
6905135
6905383
6905838
6905846
6905904
6905943
6906157
6906163
6906192
6906401
6906529
6906792
6906956
6906984
6907112
6907188
6907333
6907554
6907873
6908194
6908234
6908387
6908412
6908510
6908679
6908725
6908747
6908759
6908785
6908852
6908881
6908940
6909104
6909108
6909292
6909660
6909856
6909867
6910105
6910361
6910987
6911108
6911500
6911519
6911563
6911798
6912039
6912104
6912173
6912238
6912322
6912463
6912500
6912636
6912674
6912895
6912897
6912970
6913015
6913048
6913251
6913361
6913458
6913517
6913689
6913774
6914327
6914374
6914458
6914961
6915105
6915307
6915558
6915974
6916325
6916330
6916529
6917048
6917108
6917153
6917178
6917258
6917406
6917577
6918256
6918284
6918380
6918605
6918939
6919149
6919175
6919285
6919390
6919548
6919817
6920039
6920045
6920071
6920096
6920178
6920756
6921927
6921985
6922075
6922085
6922387
6922821
6922822
6923085
6923189
6923424
6923584
6924041
6924051
6924088
6924139
6924364
6924469
6924813
6924864
6924983
6925029
6925210
6925215
6925228
6925245
6925702
6925789
6925813
6925833
6925844
6926003
6926527
6926909
6927019
6927163
6927312
6927359
6927373
6927432
6927506
6927702
6927826
6928321
6928341
6928545
6928587
6928675
6928734
6928743
6928800
6928891
6928892
6929063
6929167
6929206
6929223
6929403
6929532
6929559
6929632
6929741
6929793
6929856
6929907
6930083
6930300
6930327
6930431
6930441
6930469
6930724
6930880
6930968
6930994
6931128
6931157
6931212
6931254
6931257
6931361
6931921
6932035
6932044
6932052
6932063
6932124
6932130
6932433
6932438
6932481
6932600
6932657
6932960
6933061
6933109
6933233
6933474
6933507
6933893
6933921
6933954
6934222
6934315
6934330
6934381
6934397
6934407
6934511
6934549
6934700
6934710
6934951
6935147
6935222
6935327
6935681
6935842
6936007
6936213
6936284
6936456
6936494
6936725
6936769
6936810
6937248
6937342
6937416
6937580
6937832
6937854
6937876
6938072
6938091
6938316
6938390
6938400
6938423
6938526
6938570
6938655
6938841
6938954
6939015
6939091
6939147
6939322
6939390
6939459
6939489
6939594
6939621
6939632
6939840
6939926
6940100
6940210
6940279
6940418
6940446
6940611
6940636
6940765
6940767
6940865
6941028
6941167
6941235
6941310
6941339
6941357
6941574
6941646
6941704
6941806
6941825
6941840
6941879
6942063
6942084
6942132
6942183
6942303
6942615
6942671
6942771
6942826
6942930
6943501
6943514
6943678
6943746
6943967
6943971
6944053
6944707
6944771
6944893
6944932
6944968
6944972
6945085
6945362
6945418
6945450
6945806
6945985
6946178
6946180
6946226
6946345
6946405
6946436
6946503
6946637
6946835
6946876
6946925
6947031
6947043
6947217
6947302
6947417
6947613
6947686
6947887
6947914
6947939
6948056
6948285
6948316
6948326
6948475
6948493
6948610
6948632
6948654
6948709
6948963
6949430
6949549
6949674
6949778
6949873
6950040
6950068
6950289
6950649
6950804
6951006
6951013
6951183
6951243
6951315
6951369
6951480
6951552
6951654
6951745
6951784
6951833
6951838
6951870
6951891
6952010
6952289
6952375
6952457
6952565
6952688
6952798
6953301
6953331
6953374
6953436
6953438
6953501
6953555
6953626
6953638
6953648
6953819
6953828
6953896
6953977
6953990
6954374
6954420
6954526
6954633
6954808
6954816
6954859
6955096
6956238
6956504
6956528
6956569
6956572
6956689
6956756
6956815
6956817
6956943
6956947
6957527
6957632
6957832
6957834
6957841
6957929
6957992
6958250
6958381
6958568
6958647
6958812
6959039
6959059
6959190
6959206
6959269
6959379
6959427
6959469
6959495
6959546
6959692
6959914
6959955
6960142
6960260
6960377
6960423
6960444
6960684
6961031
6961192
6961216
6961468
6961910
6962434
6962568
6962577
6962610
6962743
6962783
6962891
6962926
6962964
6962966
6963054
6963079
6963151
6963361
6963386
6963406
6963421
6963589
6963767
6963859
6963892
6963903
6963949
6964159
6964180
6964220
6964240
6964285
6964308
6964358
6964601
6964745
6964891
6964936
6964970
6964987
6965041
6965127
6965159
6965276
6965390
6965444
6965481
6965500
6965510
6965642
6965657
6965709
6965820
6965856
6965886
6966226
6966530
6966551
6966577
6966807
6966959
6966975
6966988
6966993
6967010
6967029
6967076
6967157
6967394
6967473
6967800
6967999
6968244
6968485
6968521
6968566
6968656
6968710
6968734
6968851
6968856
6969008
6969235
6969290
6969321
6969384
6969434
6969439
6969576
6969755
6969821
6970005
6970080
6970094
6970232
6970367
6970399
6970452
6970459
6970604
6970625
6970650
6970891
6970940
6970965
6971263
6971327
6971679
6971723
6971753
6971763
6971979
6972085
6972097
6972236
6972276
6972307
6972438
6972642
6972692
6972782
6972799
6973026
6973091
6973148
6973160
6973238
6973242
6973518
6973522
6973556
6973665
6973677
6973830
6973860
6973866
6973898
6973900
6973940
6974058
6974059
6974093
6974117
6974137
6974355
6974370
6974412
6974449
6974464
6974481
6974591
6974600
6974619
6974715
6974789
6974888
6975045
6975057
6975071
6975241
6975359
6975414
6975766
6975832
6975940
6976182
6976214
6976329
6976334
6976447
6976496
6976574
6976597
6976600
6976697
6976748
6977079
6977131
6977665
6977682
6977823
6977839
6977884
6977891
6977972
6977999
6978098
6978231
6978238
6978329
6978333
6978364
6978409
6978511
6978525
6978700
6978753
6978769
6978922
6978983
6979204
6979274
6979316
6979537
6979543
6979579
6979703
6979784
6979797
6979825
6979862
6980003
6980036
6980125
6980254
6980330
6980616
6980748
6980842
6980902
6981130
6981172
6981228
6981315
6981497
6981644
6981661
6981681
6981870
6981906
6981920
6982211
6982269
6982271
6982286
6982337
6982439
6982502
6982515
6982519
6982524
6982598
6982636
6982675
6982682
6982718
6982881
6982917
6982945
6982955
6983161
6983172
6983176
6983232
6983235
6983313
6983346
6983356
6983439
6983643
6983658
6983767
6983822
6983862
6983878
6983891
6984002
6984171
6984181
6984229
6984296
6984323
6984346
6984430
6984449
6984474
6984505
6984572
6984580
6984823
6985069
6985080
6985184
6985189
6985388
6985429
6985445
6985570
6985896
6985910
6986090
6986107
6986213
6986346
6986365
6986380
6986483
6986532
6986548
6986733
6986737
6986901
6987007
6987212
6987336
6987597
6987783
6987813
6987861
6987868
6987926
6987997
6988134
6988173
6988454
6988768
6989700
6989773
6989959
6989972
6990062
6990076
6990378
6990447
6990666
6990673
6990794
6990818
6990830
6990896
6991310
6991317
6991533
6991545
6991683
6991845
6991860
6991946
6992210
6992315
6992617
6992672
6992873
6993012
6993014
6993138
6993226
6993259
6993266
6993412
6993502
6993751
6993785
6993867
6993890
6993940
6994131
6994261
6994302
6994468
6994637
6994831
6994836
6994843
6994946
6995006
6995011
6995061
6995335
6995389
6995471
6995613
6995810
6995954
6996282
6996375
6996417
6996579
6996600
6996653
6996657
6996659
6997005
6997029
6997047
6997318
6997322
6997345
6997450
6997481
6997575
6997696
6998219
6998390
6998523
6998527
6998624
6998725
6999001
6999170
6999294
6999398
6999695
6999864
6999919
6999931
7000007
7000022
7000041
7000050
7000124
7000160
7000268
7000345
7000475
7000607
7000985
7001019
7001046
7001113
7001124
7001139
7001158
7001192
7001352
7001353
7001522
7001566
7001639
7001683
7001724
7001821
7001853
7001908
7001924
7001935
7002106
7002362
7002453
7002467
7002859
7003035
7003112
7003264
7003349
7003562
7003610
7003613
7003992
7004138
7004168
7004330
7004399
7004619
7004722
7004758
7004760
7004837
7004902
7005269
7005793
7005817
7005850
7005900
7005967
7005990
7006176
7006243
7006258
7006349
7006450
7006878
7007070
7007147
7007239
7007314
7007317
7007778
7008073
7008158
7008228
7008230
7008262
7008328
7008841
7009047
7009072
7009316
7009423
7009595
7010091
7010271
7010304
7010523
7010535
7010636
7010741
7010970
7011086
7011141
7011207
7011226
7011337
7011514
7011657
7011704
7011749
7011798
7011962
7012001
7012136
7012538
7012545
7012552
7013928
7013957
7014067
7014075
7014187
7014557
7014995
7015025
7015176
7015393
7015850
7016251
7016263
7016302
7016574
7016864
7016874
7016950
7017182
7017388
7017423
7017628
7017659
7017791
7017833
7017964
7018029
7018286
7018300
7018622
7018803
7018946
7019545
7019617
7019688
7019696
7019787
7020022
7020048
7020094
7020108
7020128
7020341
7020490
7020497
7020527
7020549
7020599
7020651
7020836
7021004
7021136
7021147
7021261
7021305
7021359
7021448
7021449
7021467
7021495
7021524
7021563
7021574
7021613
7021701
7021903
7021965
7021974
7022237
7022295
7022347
7022399
7022450
7022642
7022684
7022730
7022758
7022926
7022977
7023278
7023358
7023392
7023462
7023475
7023659
7023800
7024977
7025036
7025068
7025183
7025222
7025260
7025353
7025446
7025481
7025531
7025652
7025677
7025736
7026132
7026284
7026311
7026328
7026434
7026476
7026509
7026638
7026702
7026744
7026790
7026825
7026839
7027015
7027204
7027213
7027355
7027426
7027483
7027493
7027559
7027853
7027880
7027916
7027959
7027977
7028114
7028324
7028332
7028405
7028644
7028884
7028989
7029233
7029392
7029412
7029457
7029646
7029686
7029796
7029844
7029895
7029899
7029919
7029952
7030000
7030058
7030059
7030134
7030158
7030460
7030579
7030658
7030831
7030912
7030930
7030940
7031026
7031169
7031230
7031281
7031314
7031342
7031387
7031536
7031722
7031923
7031966
7032012
7032034
7032105
7032420
7032569
7032695
7032771
7032824
7032848
7032927
7033009
7033119
7033403
7033515
7033570
7033585
7033671
7033751
7033924
7034007
7034048
7034070
7034150
7034241
7034255
7034529
7034568
7034608
7035013
7035437
7035498
7035571
7035581
7035619
7035703
7035728
7035767
7035826
7035943
7035951
7036026
7036108
7036339
7036422
7036667
7036782
7036787
7036842
7036863
7036878
7037074
7037094
7037096
7037273
7037450
7037469
7037490
7037627
7037712
7037736
7037761
7037976
7038020
7038061
7038092
7038108
7038174
7038175
7038193
7038363
7038436
7038489
7038596
7038780
7038793
7039039
7039207
7039212
7039278
7039336
7039409
7039425
7039521
7039597
7039625
7039713
7039790
7039841
7039857
7039862
7039867
7040070
7040074
7040521
7040523
7040561
7040799
7040900
7040938
7040977
7041024
7041129
7041165
7041367
7041653
7041768
7041771
7041801
7041850
7042064
7042090
7042143
7042206
7042250
7042254
7042281
7042477
7042510
7042515
7042587
7042740
7042789
7042802
7042810
7042865
7042884
7042923
7043053
7043334
7043378
7043453
7043592
7043626
7043668
7043697
7043726
7044005
7044081
7044084
7044101
7044765
7044769
7044831
7044868
7044930
7045470
7045522
7045616
7045634
7045955
7046214
7046294
7046308
7046351
7046354
7046431
7046498
7046615
7046653
7046674
7046794
7046801
7046803
7047063
7047175
7047210
7047233
7047290
7047317
7047348
7047387
7047416
7048225
7048360
7048380
7048408
7048442
7048625
7048647
7048704
7048707
7048809
7048926
7048946
7048960
7049003
7049191
7049252
7049968
7049992
7050138
7050492
7050599
7050792
7050818
7050842
7050861
7050932
7051046
7051059
7051102
7051353
7051381
7051382
7051750
7051872
7052163
7052172
7052227
7052255
7052362
7052497
7052559
7052649
7052741
7053403
7053603
7053659
7053720
7053849
7053986
7055091
7055103
7055523
7055628
7055818
7055857
7056054
7056098
7056167
7056245
7056408
7056452
7056465
7056478
7056515
7056527
7056586
7056627
7056982
7057066
7057078
7057241
7057464
7057480
7057505
7057559
7057574
7057619
7057820
7057831
7057907
7057912
7057943
7057989
7057995
7058641
7058667
7058668
7058686
7058831
7058839
7058901
7058917
7059211
7059243
7059312
7059331
7059366
7059368
7059439
7059460
7059476
7059627
7059662
7059757
7059802
7059810
7059816
7061083
7061094
7061190
7061292
7061391
7061636
7061839
7061884
7061897
7061911
7062104
7062151
7062152
7062162
7062299
7062340
7062370
7062401
7062730
7062842
7062875
7062943
7063002
7063035
7063342
7063389
7063490
7063533
7063553
7063611
7063634
7063664
7063757
7064138
7064239
7064472
7064630
7064648
7064671
7064819
7064825
7064902
7065789
7065833
7065898
7065913
7065977
7065984
7066016
7066083
7066150
7066157
7066158
7066211
7066438
7066484
7066529
7066644
7066737
7067069
7067402
7067601
7067608
7067663
7067752
7067764
7067772
7067802
7068310
7068345
7068411
7068469
7068518
7068640
7068695
7068712
7068733
7068946
7069021
7069030
7069053
7069071
7069119
7069138
7069197
7069260
7069274
7069487
7070451
7070526
7070998
7071203
7071224
7071463
7071815
7071830
7071930
7072006
7072213
7072233
7072244
7072262
7072513
7072525
7072534
7072738
7072765
7072815
7072912
7072942
7073199
7073209
7073258
7073299
7073345
7073467
7073583
7073789
7073797
7073825
7073967
7074090
7074103
7074205
7074509
7074534
7074573
7074692
7074694
7074843
7074845
7074872
7074958
7075023
7075064
7075165
7075210
7075291
7075393
7075630
7076162
7076163
7076249
7076848
7076853
7076879
7076895
7077048
7077121
7077220
7077276
7077398
7077496
7077498
7077520
7077683
7077836
7077837
7077891
7078051
7078106
7078108
7078138
7078238
7078381
7078406
7078674
7078700
7078844
7079315
7079320
7079348
7079353
7079398
7079513
7079576
7079594
7079596
7079642
7079704
7079809
7079820
7079837
7080012
7080019
7080133
7080280
7080332
7080370
7080405
7080413
7080437
7080688
7080693
7080745
7080762
7080811
7080826
7081066
7081072
7081203
7081251
7081313
7081480
7081710
7081827
7081840
7081937
7082026
7082071
7082144
7082368
7082408
7082414
7082510
7082513
7082544
7082965
7083130
7083237
7083364
7083391
7083505
7083894
7084039
7084323
7084573
7084592
7084597
7084616
7084652
7084706
7084787
7084856
7084861
7084906
7084917
7085049
7085177
7085191
7085221
7085284
7085297
7085311
7085326
7085347
7085652
7085958
7086170
7086268
7086394
7086459
7086466
7086612
7086652
7086729
7086914
7087058
7087081
7087133
7087267
7087406
7087456
7087504
7087588
7087613
7087633
7087636
7087765
7087917
7087927
7087945
7087949
7088180
7088272
7088295
7088322
7088342
7088383
7088388
7088415
7088444
7088538
7088691
7088717
7088801
7088839
7088947
7088963
7089069
7089264
7089280
7089404
7089442
7089511
7089662
7089690
7089820
7090045
7090151
7090203
7090583
7090613
7090668
7090740
7090748
7090785
7090936
7091025
7091086
7091093
7091102
7091128
7091132
7091155
7091271
7091296
7091365
7091404
7091504
7091596
7091753
7091817
7091847
7091906
7091935
7092016
7092060
7092062
7092100
7092335
7092373
7092380
7092486
7092710
7092800
7092849
7092904
7092908
7092924
7093110
7093637
7093675
7093678
7093743
7093913
7094097
7094215
7094231
7094309
7094331
7094373
7094499
7094767
7094782
7094837
7094856
7094944
7094964
7095063
7095082
7095102
7095106
7095117
7095256
7095372
7095486
7095847
7095961
7095988
7096005
7096020
7096023
7096043
7096050
7096152
7096187
7096248
7096282
7096296
7096546
7096671
7096673
7096745
7096780
7096798
7096890
7097077
7097369
7097524
7097539
7097547
7097550
7097571
7097596
7097675
7097729
7097816
7097831
7097836
7097838
7097846
7097912
7097976
7098050
7098057
7098196
7098236
7098283
7098285
7098319
7098467
7098478
7098479
7098549
7098608
7098685
7098760
7098922
7098930
7099065
7099085
7099093
7100145
7100174
7100209
7100325
7100342
7100397
7100412
7100551
7100563
7100600
7100685
7101029
7101204
7101221
7101366
7101403
7101639
7101794
7101918
7102102
7102353
7103480
7103668
7103727
7103756
7103801
7103883
7103993
7104007
7104160
7104209
7104237
7104376
7104379
7104415
7104520
7104526
7104594
7104647
7104743
7105114
7105144
7105147
7105207
7105298
7105391
7105400
7105442
7105550
7105553
7105558
7105599
7105618
7105622
7105709
7105999
7106177
7106290
7106305
7106496
7106521
7106535
7106607
7106960
7106990
7107069
7107092
7107171
7107261
7107284
7107346
7107439
7107499
7107532
7107670
7107695
7107744
7108068
7108125
7108206
7108314
7108380
7108420
7108461
7108520
7108694
7109265
7109282
7109439
7109485
7109536
7109876
7109930
7110021
7110052
7110054
7110351
7110407
7110446
7110576
7110581
7110606
7110653
7110669
7110742
7110751
7110752
7110766
7110910
7110922
7110932
7111418
7111449
7111477
7111505
7111547
7111556
7111560
7111562
7111583
7111642
7111648
7111655
7111755
7111831
7111966
7112483
7112836
7112842
7113001
7113171
7113353
7113638
7113656
7113688
7113710
7113726
7113860
7114000
7114023
7114099
7114124
7114264
7114289
7114292
7114316
7114364
7114372
7114378
7114423
7114446
7114542
7114544
7114556
7114566
7114580
7114715
7114724
7114761
7114852
7114971
7115024
7115066
7115134
7115251
7115259
7115345
7115705
7115776
7115782
7115830
7115952
7116019
7116062
7116093
7116201
7116276
7116313
7116411
7116591
7116617
7116734
7116738
7116822
7116920
7117041
7117530
7117579
7117591
7117652
7117719
7117733
7117742
7117821
7117904
7118012
7118104
7118153
7118245
7118258
7118345
7118381
7118441
7118463
7118475
7118499
7118507
7118618
7118634
7118687
7118691
7118807
7118833
7119051
7119219
7119297
7119403
7119406
7119500
7119507
7119581
7119599
7119628
7119670
7119782
7119960
7120000
7120053
7120080
7120198
7120202
7120218
7120243
7120281
7120289
7120294
7120331
7120336
7120338
7120358
7120361
7120367
7120408
7120429
7120431
7120432
7120446
7120519
7120542
7120773
7120855
7120963
7121040
7121045
7121103
7121138
7121198
7121342
7121401
7121428
7121447
7121457
7121475
7121578
7121665
7121696
7121738
7121858
7121929
7121935
7122173
7122225
7122314
7122359
7122403
7122429
7122468
7122488
7122502
7122541
7122578
7122599
7122614
7122709
7122718
7122745
7122764
7122766
7122770
7122838
7122981
7123031
7123067
7123126
7123157
7123163
7123214
7123321
7123340
7123555
7123561
7123596
7123605
7123637
7123702
7123752
7123788
7123800
7124018
7124036
7124159
7124235
7124550
7124564
7124669
7124691
7124705
7124715
7124839
7124845
7124853
7124892
7124949
7124973
7125039
7125089
7125105
7125242
7125250
7125257
7125344
7125422
7125459
7125478
7125482
7125592
7125818
7125822
7125958
7125989
7126032
7126088
7126168
7126228
7126262
7126272
7126297
7126375
7126468
7126529
7126549
7126730
7126744
7126790
7126913
7127260
7127423
7127460
7127530
7127649
7127706
7127779
7127785
7127801
7127867
7127976
7128035
7128042
7128658
7128689
7128811
7128815
7128895
7128979
7129181
7129205
7129245
7129361
7129388
7129458
7129473
7129538
7129650
7129689
7129732
7129792
7129793
7129836
7129853
7129918
7129939
7129942
7130083
7130125
7130141
7130198
7130503
7130633
7130641
7130642
7130697
7130709
7130781
7130863
7130882
7130894
7131340
7131520
7131698
7131786
7131789
7131792
7131801
7131831
7131857
7131915
7131952
7131991
7132006
7132043
7132050
7132082
7132124
7133170
7133177
7133185
7133275
7133278
7133461
7133510
7133643
7133663
7133678
7133768
7133975
7134098
7134176
7134183
7134210
7134450
7134478
7134538
7134641
7134672
7134708
7134712
7134743
7134776
7134865
7134896
7134905
7135165
7135169
7135189
7135263
7135373
7135499
7135608
7135660
7135938
7135950
7136136
7136148
7136266
7136313
7136631
7136729
7136860
7136944
7136984
7137197
7137217
7137307
7137452
7137482
7137502
7137574
7137790
7137799
7137862
7138140
7138234
7138237
7138245
7138751
7138873
7138908
7139032
7139172
7139219
7139357
7139366
7139371
7139422
7139457
7139516
7139518
7139582
7139602
7139615
7139663
7139710
7139825
7140034
7140160
7140344
7140366
7140374
7140382
7140432
7140452
7140507
7140532
7140534
7140557
7140570
7140613
7140685
7140726
7140866
7140984
7141137
7141245
7141251
7141327
7141331
7141392
7141483
7141511
7141525
7141785
7141870
7141923
7141968
7142030
7142036
7142050
7142099
7142153
7142171
7142190
7142212
7142603
7142634
7142693
7142763
7142852
7142878
7142903
7142924
7142932
7142971
7142973
7143065
7143069
7143086
7143092
7143280
7143437
7143500
7143638
7143640
7143649
7143781
7143851
7143860
7143925
7143943
7143946
7143992
7144036
7144081
7144092
7144108
7144133
7144180
7144249
7144272
7144372
7144439
7144477
7144544
7144551
7144575
7144612
7144703
7144709
7144725
7144837
7144860
7144910
7145087
7145226
7145230
7145236
7145326
7145346
7145457
7145500
7145520
7145564
7145588
7145608
7145612
7145658
7145663
7145678
7145701
7145746
7145755
7145848
7146013
7146056
7146085
7146190
7146227
7146254
7146354
7146445
7146463
7146470
7146722
7146726
7146732
7146745
7146755
7146811
7146862
7146975
7146988
7146992
7147068
7147078
7147137
7147189
7147246
7147357
7147366
7147371
7147458
7147461
7147481
7147493
7147987
7147988
7148007
7148022
7148103
7148294
7148323
7148325
7148334
7148393
7148428
7148455
7148509
7148584
7148585
7148849
7148946
7148947
7149022
7149057
7149138
7149165
7149314
7149369
7149763
7149782
7149784
7149841
7149874
7149893
7149900
7149966
7149978
7150004
7150133
7150219
7150273
7150382
7150434
7150462
7150694
7150715
7150813
7150863
7150928
7150944
7151161
7151391
7151473
7151794
7151810
7151826
7151835
7151856
7151943
7152077
7152108
7152125
7152267
7152340
7152351
7152363
7152380
7152388
7152422
7152430
7152445
7152447
7152450
7152516
7152524
7152554
7152619
7152632
7152817
7152841
7152858
7152955
7152992
7153077
7153144
7153307
7153336
7153345
7153373
7153410
7153683
7153788
7153807
7153832
7153867
7154117
7154127
7154145
7154152
7154306
7154474
7154537
7154579
7154747
7154788
7154794
7154849
7154858
7154875
7154985
7155045
7155096
7155161
7155324
7155451
7155483
7155606
7155808
7155829
7155845
7155868
7155872
7155886
7155954
7156014
7156150
7156380
7156416
7156603
7156658
7156818
7156867
7156915
7156943
7156985
7156992
7156994
7157038
7157056
7157131
7157194
7157285
7157351
7157368
7157369
7157427
7157450
7157789
7157793
7157843
7157869
7157874
7157928
7157993
7158019
7158028
7158035
7158127
7158199
7158220
7158304
7158374
7158426
7158471
7158584
7158589
7158595
7158673
7158702
7158745
7158810
7158864
7158898
7158989
7159079
7159143
7159172
7159246
7159258
7159279
7159413
7159416
7159425
7159450
7159557
7159626
7159653
7159700
7159710
7159735
7159759
7159784
7159803
7159857
7159906
7159918
7159963
7159983
7159998
7160008
7160098
7160286
7160315
7160554
7160582
7160584
7160631
7160762
7160778
7160807
7160870
7160930
7160940
7161016
7161039
7161053
7161095
7161150
7161253
7161288
7161298
7161366
7161385
7161548
7161823
7161829
7161885
7162025
7162041
7162050
7162057
7162113
7162269
7162272
7162324
7162347
7162386
7162513
7162644
7162683
7162715
7162862
7162963
7162971
7163115
7163198
7163301
7163317
7163520
7163608
7163653
7163677
7163697
7164051
7164156
7164190
7164306
7164333
7164438
7164499
7164522
7164564
7164910
7164960
7165098
7165143
7165220
7165255
7165298
7165415
7165465
7165572
7165577
7165617
7165659
7165673
7165684
7165811
7165886
7166016
7166253
7166275
7166364
7166393
7166426
7166458
7166581
7166591
7166605
7166642
7166695
7166730
7166938
7166970
7167033
7167122
7167158
7167212
7167227
7167255
7167282
7167322
7167337
7167376
7167426
7167438
7167481
7167694
7167716
7167750
7167805
7167833
7167844
7167873
7167896
7167931
7168038
7168040
7168093
7168182
7168398
7168415
7168436
7168663
7168670
7168682
7168752
7168802
7168805
7168890
7168968
7169002
7169059
7169077
7169205
7169206
7169313
7169474
7169486
7169612
7169692
7169693
7170018
7170118
7170156
7170219
7170439
7170457
7170458
7170583
7170673
7170676
7170678
7170707
7170738
7170926
7171017
7171050
7171071
7171131
7171143
7171226
7171253
7171268
7171270
7171293
7171344
7171367
7171456
7171595
7171604
7171744
7171833
7171849
7171860
7172009
7172051
7172069
7172182
7172190
7172271
7172285
7172311
7172467
7172476
7172507
7172540
7172570
7172651
7172668
7172719
7172746
7172771
7172772
7172778
7172855
7172949
7172972
7172973
7172989
7173020
7173046
7173241
7173295
7173309
7173340
7173432
7173541
7173603
7173622
7173691
7173755
7173828
7173899
7173921
7173977
7174064
7174275
7174463
7174468
7174498
7174623
7174697
7174750
7174804
7174872
7174956
7175084
7175171
7175192
7175193
7175210
7175223
7175369
7175478
7175519
7175565
7175592
7175727
7175733
7175757
7175833
7175860
7175892
7175966
7176016
7176153
7176213
7176293
7176306
7176389
7176424
7176492
7176531
7176542
7176800
7176822
7176844
7176949
7177411
7177479
7177595
7177598
7177600
7177616
7177622
7177648
7177840
7177903
7177943
7177970
7178131
7178139
7178140
7178142
7178146
7178181
7178342
7178509
7178534
7178558
7178570
7178581
7178657
7178682
7178713
7178794
7178799
7178844
7178877
7178900
7178929
7178963
7178969
7179028
7179030
7179049
7179054
7179074
7179115
7179165
7179210
7179315
7179327
7179338
7179364
7179371
7179453
7179510
7179554
7179633
7179777
7179792
7179818
7180002
7180106
7180215
7180234
7180249
7180277
7180489
7180496
7180521
7180569
7180591
7180652
7180695
7180730
7180736
7180756
7180787
7180789
7180790
7180872
7180930
7181089
7181194
7181209
7181221
7181222
7181272
7181279
7181378
7181444
7181624
7181688
7181777
7181779
7181814
7181822
7181868
7181958
7182035
7182141
7182199
7182225
7182303
7182311
7182325
7182341
7182371
7182601
7182628
7182717
7182757
7182760
7182776
7182855
7182872
7182896
7182911
7182914
7182927
7183015
7183019
7183035
7183065
7183070
7183102
7183135
7183260
7183282
7183289
7183315
7183389
7183402
7183561
7183567
7183631
7183774
7183790
7183879
7183927
7184337
7184471
7184600
7184641
7184689
7184715
7184739
7184776
7184830
7184875
7184957
7185083
7185098
7185207
7185233
7185256
7185257
7185346
7185436
7185502
7185580
7185604
7185606
7185720
7185731
7185737
7185756
7185766
7185803
7185981
7185993
7186125
7186276
7186366
7186374
7186420
7186492
7186505
7186546
7186571
7186654
7186673
7186693
7186855
7186859
7186877
7187156
7187231
7187235
7187255
7187260
7187284
7187348
7187375
7187471
7187473
7187494
7187690
7187767
7187771
7187775
7187850
7187945
7188036
7188121
7188222
7188271
7188289
7188320
7188335
7188402
7188574
7188618
7188633
7188637
7188707
7188718
7188724
7188864
7188980
7189052
7189076
7189083
7189098
7189214
7189248
7189410
7189640
7189689
7189779
7189805
7189806
7189966
7190013
7190014
7190070
7190072
7190101
7190112
7190164
7190172
7190182
7190195
7190219
7190226
7190334
7190336
7190347
7190455
7190467
7190541
7190710
7190737
7190770
7190903
7190931
7190978
7191078
7191102
7191114
7191159
7191173
7191255
7191266
7191270
7191276
7191290
7191421
7191535
7191544
7191612
7191652
7191655
7191659
7191691
7191711
7191713
7191728
7191750
7191756
7191796
7191804
7191836
7191858
7191939
7192013
7192072
7192080
7192094
7192126
7192176
7192268
7192333
7192426
7192511
7192528
7192606
7192632
7192635
7192789
7192826
7192840
7192848
7192964
7192980
7192992
7192995
7193008
7193057
7193079
7193134
7193183
7193206
7193515
7193536
7193608
7193658
7193696
7193697
7193764
7193845
7193848
7193886
7193900
7193913
7193978
7194024
7194041
7194062
7194174
7194214
7194244
7194404
7194437
7194439
7194456
7194507
7194531
7194654
7194664
7194708
7194714
7194723
7194748
7194758
7194857
7194942
7194991
7195146
7195161
7195183
7195193
7195226
7195283
7195288
7195318
7195325
7195343
7195413
7195444
7195550
7195584
7195590
7195595
7195612
7195709
7195713
7195785
7195932
7196068
7196120
7196123
7196198
7196263
7196295
7196311
7196434
7196451
7196537
7196579
7196602
7196611
7196612
7196729
7196785
7196804
7196815
7196921
7196980
7196993
7196998
7197025
7197066
7197104
7197182
7197188
7197261
7197336
7197386
7197431
7197509
7197606
7197668
7197786
7197907
7197937
7197960
7198064
7198105
7198116
7198275
7198361
7198365
7198367
7198368
7198380
7198411
7198431
7198440
7198558
7198656
7198661
7198680
7198696
7198817
7198883
7198885
7198898
7198935
7198952
7199055
7199073
7199105
7199250
7199255
7199260
7199277
7199315
7199326
7199380
7199412
7199434
7199560
7199713
7199715
7200814
7200834
7200846
7200961
7200992
7202204
7202260
7202296
7202302
7202396
7202446
7202492
7202557
7202593
7202641
7202688
7202699
7202728
7202792
7202796
7202818
7202833
7202863
7203136
7203161
7203207
7203222
7203299
7203333
7203336
7203409
7203514
7203567
7203568
7203622
7203645
7203803
7203841
7203892
7203939
7203945
7203961
7204020
7204063
7204088
7204146
7204206
7204272
7204377
7204414
7204451
7204529
7204560
7204562
7204614
7204711
7204717
7204736
7204833
7204862
7204875
7204950
7205054
7205076
7205211
7205281
7205455
7205459
7205592
7205654
7205813
7205876
7205903
7205920
7206059
7206136
7206157
7206242
7206338
7206339
7206367
7206368
7206375
7206392
7206407
7206498
7206533
7206678
7206703
7206715
7206797
7206833
7206921
7206938
7206982
7206985
7207023
7207074
7207247
7207278
7207395
7207415
7207423
7207443
7207458
7207524
7207549
7207891
7207958
7207978
7207990
7208060
7208114
7208285
7208323
7208408
7208454
7208532
7208588
7208681
7208701
7208846
7208987
7209000
7209025
7209071
7209149
7209408
7209429
7209464
7209493
7209581
7209668
7209714
7209807
7209809
7209829
7209837
7209860
7209889
7209923
7209925
7209928
7209988
7210034
7210118
7210121
7210199
7210352
7210382
7210407
7210647
7210742
7210756
7210847
7210874
7210957
7210971
7210972
7210994
7211294
7211301
7211333
7211384
7211424
7211437
7211488
7211495
7211513
7211539
7211562
7211648
7211674
7211754
7211768
7211823
7211846
7211901
7212003
7212097
7212134
7212150
7212188
7212253
7212274
7212280
7212298
7212325
7213345
7213396
7213480
7213508
7213510
7213525
7213545
7213546
7213712
7213813
7213887
7213888
7213901
7213907
7213994
7214016
7214027
7214189
7214221
7214224
7214307
7214344
7214382
7214511
7214655
7214666
7214703
7214720
7214798
7214801
7214835
7214855
7214857
7214882
7214951
7214953
7214962
7214982
7214999
7215062
7215137
7215303
7215319
7215337
7215468
7215487
7215508
7215530
7215535
7215616
7215656
7215658
7215756
7215799
7215990
7216028
7216060
7216127
7216195
7216265
7216313
7216343
7216412
7216419
7216427
7216459
7216473
7216507
7216533
7216544
7216590
7216641
7216682
7216708
7216751
7216793
7216807
7216822
7216836
7216866
7216923
7216944
7216976
7216989
7217035
7217088
7217205
7217312
7217408
7217571
7217617
7217677
7217785
7217818
7217851
7217852
7217936
7217961
7217986
7218016
7218053
7218066
7218106
7218121
7218235
7218272
7218335
7218378
7218532
7218608
7218660
7218718
7219788
7219811
7219964
7219990
7220032
7220043
7220123
7220127
7220149
7220180
7220237
7220277
7220280
7220309
7220352
7220394
7220522
7220598
7220685
7220820
7220840
7220853
7220865
7221078
7221357
7221376
7221392
7221410
7221424
7221445
7221455
7221493
7221498
7221693
7221705
7221825
7221928
7221931
7222128
7222143
7222159
7222193
7222228
7222260
7222349
7222400
7222449
7222500
7222577
7222590
7222648
7222661
7222760
7222770
7222801
7222854
7222951
7223008
7223300
7223387
7223407
7223562
7223594
7223653
7223684
7223687
7223690
7223748
7223764
7223889
7223907
7224050
7224133
7224211
7224314
7224353
7224483
7224567
7224664
7224677
7224701
7224772
7224791
7224905
7224924
7224983
7225125
7225191
7225224
7225235
7225333
7225406
7225423
7225429
7225495
7225532
7225601
7225620
7225646
7225665
7225765
7225837
7225861
7225883
7225892
7225919
7225932
7225935
7225942
7225967
7226242
7226290
7226293
7226497
7226507
7226522
7226526
7226585
7226621
7226622
7226683
7226734
7226796
7226800
7226987
7227002
7227199
7227321
7227405
7227421
7227648
7227879
7228079
7228167
7228287
7228382
7228454
7228459
7228501
7228594
7228605
7228612
7228685
7228694
7228868
7228943
7228987
7229036
7229050
7229056
7229143
7229242
7229334
7229397
7229547
7229635
7229664
7229949
7230191
7230241
7230306
7230322
7230340
7230374
7230375
7230598
7230643
7231043
7231069
7231136
7231140
7231169
7231356
7231442
7231464
7231582
7231597
7231678
7231716
7231760
7231858
7232021
7232103
7232133
7232144
7232186
7232253
7232279
7232297
7232392
7232403
7232488
7232657
7232878
7232939
7232980
7232987
7233107
7233174
7233242
7233281
7233306
7233307
7233342
7233365
7233377
7233448
7233462
7233475
7233524
7233544
7233546
7233597
7233608
7233708
7233738
7233742
7233830
7233931
7234303
7234313
7234349
7234363
7234406
7234517
7234567
7234628
7234629
7234659
7234688
7234691
7234706
7234859
7234882
7234884
7234907
7234912
7234970
7235085
7235308
7235353
7235391
7235647
7235666
7235766
7235878
7235884
7235898
7236063
7236095
7236133
7236137
7236272
7236304
7236307
7236531
7236716
7236814
7236907
7236918
7236952
7236963
7236977
7237007
7237033
7237161
7237183
7237426
7237603
7237773
7238062
7238077
7238173
7238175
7238336
7238370
7238623
7238642
7238683
7238684
7238807
7238811
7238817
7238923
7239320
7239345
7239361
7239476
7239695
7240092
7240290
7240577
7240579
7240584
7240669
7240732
7240794
7240982
7241048
7241293
7241297
7241312
7241397
7241483
7241736
7241865
7241883
7241889
7241925
7241985
7242064
7242159
7242193
7242288
7242316
7242414
7242573
7242601
7242767
7242797
7242871
7242948
7243152
7243167
7243194
7243223
7243276
7243333
7243353
7243378
7243486
7243511
7243522
7243526
7243639
7243825
7243828
7243844
7243874
7243931
7244203
7244237
7244361
7244374
7244403
7244971
7245021
7245139
7245234
7245248
7245300
7245328
7245389
7245610
7245665
7245677
7245700
7245834
7245854
7245859
7245908
7245955
7246034
7246040
7246042
7246061
7246173
7246183
7246316
7246320
7246458
7246521
7246548
7246591
7246671
7246757
7246848
7246895
7246987
7246992
7246996
7247000
7247021
7247091
7247387
7247403
7247446
7247492
7247493
7247540
7247561
7247649
7247725
7247882
7248078
7248133
7248220
7248243
7248561
7248590
7248606
7248609
7248646
7248680
7248743
7248766
7248780
7248875
7248958
7249021
7249048
7249076
7249082
7249098
7249156
7249167
7249196
7249202
7249319
7249555
7251593
7251640
7251644
7251668
7251717
7251778
7251918
7251929
7251942
7252260
7252270
7252278
7252290
7252296
7252319
7252349
7252492
7252676
7252779
7252811
7252835
7252853
7252877
7253010
7253233
7253239
7253357
7253408
7253484
7253502
7253566
7253608
7253623
7253651
7253663
7253676
7253724
7253880
7253981
7253983
7254049
7254101
7254288
7254369
7254381
7254410
7254411
7254432
7254449
7254478
7254526
7254711
7254713
7254758
7254820
7254858
7254884
7254957
7254988
7254998
7255284
7255290
7255311
7255424
7255457
7255459
7255663
7255675
7255790
7255792
7255840
7255946
7256175
7256176
7256224
7256328
7256434
7256488
7256548
7256611
7256622
7256634
7256652
7256788
7256814
7256850
7256852
7256873
7256879
7256892
7256902
7256916
7257038
7257069
7257080
7257097
7257126
7257245
7257258
7257296
7257305
7257330
7257339
7257346
7257375
7257386
7257414
7257451
7257563
7257638
7257666
7257720
7257729
7257938
7258004
7258043
7258081
7258118
7258153
7258160
7258208
7258317
7258323
7258333
7258412
7258497
7258548
7258865
7258891
7258971
7259018
7259022
7259032
7259039
7259054
7259099
7259127
7259188
7259201
7259395
7259441
7259442
7259517
7259637
7259648
7259679
7259838
7259982
7259984
7260005
7260179
7260188
7260206
7260244
7260315
7260366
7260417
7260448
7260483
7260561
7260565
7260610
7260624
7260638
7260653
7260666
7260699
7260738
7260815
7260822
7260846
7260901
7260912
7260919
7260991
7261040
7261042
7261069
7261096
7261107
7261112
7261137
7261207
7261209
7261235
7261237
7261258
7261259
7261270
7261351
7261377
7261459
7261544
7261551
7261652
7261654
7261657
7261659
7261705
7261833
7262074
7262086
7262212
7262232
7262244
7262399
7262437
7262447
7262497
7262628
7262631
7262638
7262643
7262657
7262741
7262883
7262884
7262898
7262902
7262926
7263086
7263230
7263269
7263304
7263366
7263425
7263531
7263616
7263692
7263696
7263697
7263848
7263901
7263902
7263937
7263947
7263957
7264004
7264113
7264148
7264168
7264223
7264230
7264238
7264284
7264381
7264441
7264571
7265350
7265400
7265425
7265626
7265632
7265650
7265655
7265792
7265795
7265901
7266047
7266112
7266130
7266136
7266205
7266231
7266297
7266351
7266489
7266539
7266556
7266807
7266850
7266913
7266995
7267004
7267165
7267170
7267216
7267410
7267422
7267539
7267545
7267854
7268068
7268075
7268077
7268084
7268124
7268163
7268230
7268406
7268440
7268464
7268574
7268618
7268709
7268733
7268755
7268763
7268774
7268886
7268900
7268901
7268914
7268932
7268936
7268995
7269160
7269191
7269265
7269332
7269528
7269694
7269747
7269753
7269936
7270040
7270045
7270058
7270110
7270150
7270237
7270283
7270292
7270329
7270331
7270437
7270455
7270841
7270894
7271015
7271022
7271070
7271146
7271184
7271223
7271385
7271390
7271525
7271547
7271560
7271704
7271720
7271723
7271770
7271799
7271821
7271922
7271946
7271953
7271969
7272003
7272029
7272161
7272197
7272198
7272262
7272297
7272317
7272493
7272558
7272574
7272601
7272617
7272651
7272653
7272668
7272797
7272841
7272843
7272860
7272899
7272902
7272911
7272986
7272987
7273062
7273114
7273125
7273167
7273191
7273258
7273452
7273607
7273877
7273933
7273988
7274011
7274073
7274074
7274118
7274131
7274139
7274157
7274175
7274307
7274313
7274340
7274403
7274545
7274559
7274586
7274622
7274796
7274881
7274889
7274908
7274964
7275000
7275030
7275060
7275091
7275125
7275192
7275230
7275303
7275336
7275404
7275406
7275408
7275574
7275679
7275763
7275786
7275796
7275845
7275888
7275980
7275981
7276002
7276019
7276139
7276158
7276423
7276458
7276533
7276624
7276660
7276792
7276848
7276947
7277121
7277169
7277302
7277316
7277433
7277510
7277511
7277519
7277809
7277822
7277835
7277883
7277892
7277917
7277946
7278097
7278118
7278158
7278202
7278209
7278238
7278239
7278303
7278308
7278351
7278370
7278372
7278498
7278507
7278585
7278669
7278801
7278940
7278966
7279030
7279069
7279116
7279199
7279220
7279236
7279253
7279282
7279289
7279298
7279334
7279471
7279531
7279558
7279734
7279820
7279847
7279852
7279899
7279911
7279969
7279979
7280043
7280053
7280107
7280125
7280176
7280252
7280253
7280255
7280264
7280265
7280307
7280372
7280379
7280383
7280393
7280398
7280474
7280495
7280498
7280509
7280593
7280596
7280619
7280660
7280750
7280916
7281087
7281129
7281217
7281235
7281246
7281378
7281522
7281558
7281825
7281873
7281958
7281989
7282038
7282040
7282052
7282164
7282389
7282450
7282590
7283246
7283309
7283326
7283407
7283429
7283456
7283507
7283521
7283536
7283607
7283664
7283727
7283776
7283778
7283797
7283818
7283825
7283858
7283865
7283870
7283893
7283918
7284013
7284014
7284231
7284239
7284363
7284367
7284395
7284422
7284497
7284719
7284724
7284817
7284820
7284822
7284823
7284861
7284880
7284887
7285050
7285072
7285161
7285174
7285238
7285287
7285292
7285325
7285367
7285381
7285387
7285419
7285420
7285452
7285520
7285544
7285560
7285574
7285626
7285635
7285676
7285712
7285765
7285768
7285774
7285780
7285849
7285852
7285902
7285909
7285921
7285940
7285964
7285967
7286018
7286055
7286063
7286086
7286269
7286630
7286731
7287003
7287085
7287096
7287107
7287191
7287267
7287307
7287353
7287369
7287457
7287484
7287710
7287738
7287814
7287828
7287903
7287912
7287928
7288039
7288054
7288093
7288137
7288259
7288379
7288515
7288580
7288581
7288596
7288610
7288984
7288996
7289005
7289017
7289024
7289073
7289084
7289103
7289257
7289270
7289307
7289344
7289579
7289594
7289596
7289635
7289639
7289656
7289696
7289709
7289985
7290006
7290152
7291268
7291498
7291518
7291532
7291658
7291717
7291740
7291802
7291813
7291846
7291939
7291940
7292030
7292131
7292196
7292206
7292207
7292239
7292257
7292477
7292482
7292507
7292556
7292594
7292650
7292676
7292681
7292683
7292751
7292843
7292883
7292929
7293144
7293157
7293177
7293289
7293314
7293326
7293356
7293406
7293423
7293430
7293449
7293550
7293646
7293678
7293931
7293963
7293971
7294023
7294028
7294067
7294081
7294127
7294148
7294171
7294183
7294214
7294297
7294399
7294545
7294566
7294662
7294696
7294747
7294799
7294813
7295110
7295156
7295246
7295303
7295316
7295321
7295449
7295467
7295496
7295500
7295507
7295537
7295581
7295715
7295852
7295906
7295928
7295970
7296034
7296128
7296157
7296158
7296164
7296208
7296551
7296635
7296700
7296713
7296830
7296890
7296921
7296952
7297112
7297146
7297203
7297214
7297345
7297352
7297370
7297377
7297449
7297560
7297604
7297719
7297725
7297739
7297805
7297846
7297860
7297897
7297907
7298027
7298046
7298060
7298097
7298257
7298283
7298291
7298299
7298373
7298408
7298544
7298562
7298583
7299631
7299670
7299677
7300685
7300699
7300718
7300793
7300912
7301995
7302012
7302117
7302120
7302168
7302171
7302220
7302262
7302312
7302355
7302361
7302377
7302422
7302431
7302462
7302479
7302559
7302621
7302641
7302644
7302698
7302873
7303181
7303267
7303280
7303285
7303291
7303373
7303438
7303476
7303494
7303507
7303603
7303617
7303669
7303792
7303858
7303966
7304173
7304192
7304208
7304293
7304343
7304404
7304462
7304508
7304542
7304558
7304588
7304725
7304747
7304942
7304959
7304970
7304990
7305020
7305137
7305212
7305282
7305479
7305560
7305592
7305619
7305622
7305663
7305683
7305690
7305728
7305822
7305825
7305848
7305859
7305890
7305891
7305901
7305904
7305991
7306122
7306144
7306165
7306291
7306306
7306322
7306673
7306742
7306776
7306824
7306839
7306868
7306903
7307014
7307158
7307261
7307271
7307374
7307387
7307400
7307410
7307412
7307431
7307514
7307558
7307640
7307655
7307671
7307713
7307757
7307791
7307879
7307990
7308089
7308193
7308207
7308225
7308261
7308281
7308296
7308334
7308348
7308399
7308428
7308539
7308627
7308630
7308666
7308927
7308941
7308997
7309070
7309098
7309125
7309154
7309173
7309186
7309210
7309239
7309293
7309331
7309377
7309378
7309382
7309456
7309515
7309546
7309702
7309863
7309884
7309929
7309977
7310050
7310103
7310105
7310130
7310136
7310211
7310241
7310262
7310270
7310274
7310460
7310533
7310601
7310650
7310766
7310776
7310817
7310834
7310840
7310864
7310920
7310997
7311030
7311164
7311250
7311394
7311415
7311435
7311552
7311596
7311667
7311671
7311800
7311847
7311922
7311935
7311974
7311998
7312038
7312099
7312108
7312125
7312540
7312566
7312594
7312629
7312659
7312662
7312666
7312760
7312790
7312814
7312828
7312870
7312893
7312897
7312958
7313111
7313138
7313152
7313153
7313180
7313204
7313209
7313347
7313350
7313396
7313403
7313569
7313645
7313660
7313671
7313700
7313701
7313778
7313921
7314035
7314084
7314108
7314120
7314340
7314509
7314528
7314531
7314545
7314546
7314553
7314606
7314729
7314810
7314895
7315254
7315354
7315431
7315432
7315434
7315441
7315444
7315499
7315531
7315550
7315566
7315585
7315624
7315646
7315665
7315722
7315802
7315819
7315866
7315951
7315996
7316035
7316051
7316057
7316128
7316140
7316181
7316456
7316478
7316550
7316570
7316592
7316632
7316684
7316782
7316865
7316909
7316921
7316940
7317014
7317077
7317091
7317189
7317258
7317297
7317481
7317498
7317530
7317549
7317570
7317598
7317649
7317652
7317653
7317671
7317696
7317698
7317701
7317715
7317740
7317783
7317827
7317828
7317842
7317846
7317858
7317860
7317966
7318051
7318173
7318203
7318278
7318280
7318321
7318330
7318387
7318545
7318589
7318618
7318674
7318734
7318745
7318796
7318863
7318890
7318929
7318949
7318955
7318961
7319009
7319032
7319037
7319042
7319111
7319161
7319192
7319203
7319224
7319232
7319248
7319313
7319435
7319473
7319757
7319783
7319786
7319865
7319896
7319902
7319953
7319964
7319969
7320135
7320227
7320281
7320317
7320337
7320357
7320440
7320478
7320514
7320523
7320579
7320582
7320602
7320729
7320739
7320763
7320781
7320903
7320917
7320918
7321014
7321063
7321233
7321268
7321320
7321356
7321379
7321475
7321490
7321492
7321551
7321589
7321658
7321661
7321666
7321741
7321764
7321811
7321833
7321846
7321913
7322088
7322421
7322450
7322623
7322646
7322678
7322760
7322832
7322951
7322984
7323022
7323031
7323102
7323113
7323143
7323188
7323233
7323234
7323276
7323279
7323332
7323444
7323630
7323740
7323783
7323803
7323830
7323882
7323904
7323988
7324005
7324033
7324097
7324143
7324146
7324185
7325341
7325417
7325448
7325459
7325484
7325494
7325514
7325531
7325552
7325565
7325678
7325734
7325837
7325885
7326002
7326231
7326246
7326328
7326336
7326410
7326421
7326574
7326611
7326649
7326678
7326683
7326716
7326750
7326898
7326900
7326928
7327057
7327135
7327309
7327355
7327458
7327486
7327534
7327778
7327799
7327817
7327893
7327907
7327936
7328049
7328122
7328126
7328221
7328285
7328304
7328403
7328530
7328583
7328641
7328660
7328714
7328720
7328880
7328891
7328904
7328915
7328922
7329051
7329088
7329148
7329151
7329166
7329180
7329181
7329276
7329371
7329389
7329451
7329521
7329766
7329787
7329848
7329852
7329858
7329888
7329890
7329942
7329972
7330135
7330173
7330193
7330220
7330251
7330257
7330360
7330439
7332400
7332423
7332437
7332448
7332454
7332456
7332496
7332577
7332624
7332629
7332639
7332667
7332802
7332867
7332887
7332914
7333046
7333079
7333082
7333274
7333283
7333332
7333341
7333360
7333377
7333384
7333408
7333432
7333486
7333585
7333623
7333723
7333757
7333851
7333886
7333906
7333959
7334044
7334072
7334387
7334394
7334426
7334438
7334529
7334764
7334827
7334923
7334977
7334979
7334983
7335026
7335050
7335128
7335193
7335218
7335219
7335315
7335323
7335395
7335475
7335484
7335512
7335549
7335596
7335600
7335683
7335921
7335926
7335938
7335960
7335961
7335998
7336042
7336065
7336175
7336250
7336261
7336335
7336387
7336446
7336523
7336543
7336602
7336637
7336717
7336827
7336912
7337119
7337168
7337188
7337219
7337226
7337381
7337397
7337446
7337531
7337540
7337567
7337575
7337720
7337721
7337737
7337759
7337795
7337821
7337846
7337852
7337949
7337955
7338088
7338140
7338144
7338154
7338177
7338219
7338220
7338278
7338287
7338301
7338315
7338385
7338393
7338405
7338470
7338501
7338517
7338559
7338598
7338655
7338676
7338690
7338699
7338845
7338976
7339016
7339047
7339084
7339214
7339319
7339345
7339387
7339408
7339428
7339451
7339452
7339675
7339683
7339755
7339846
7339923
7339935
7339969
7340006
7340045
7340078
7340091
7340128
7340154
7340198
7340232
7340266
7340294
7340326
7340597
7340691
7340707
7340727
7340764
7340766
7340767
7340802
7340813
7340904
7340961
7340984
7340998
7341022
7341029
7341041
7341091
7341133
7341190
7341199
7341247
7341267
7341302
7341318
7341329
7341438
7341537
7341545
7341563
7341635
7341699
7341805
7341854
7341886
7341932
7341946
7342008
7342083
7342373
7342374
7342393
7342555
7342569
7342607
7342657
7342697
7342756
7342765
7342782
7342811
7342919
7342943
7342952
7343239
7343298
7343336
7343374
7343426
7343445
7343459
7343531
7343575
7343616
7343632
7343642
7343796
7343813
7343821
7343824
7343851
7343854
7343862
7343868
7343946
7343949
7344142
7344165
7344231
7344235
7344393
7344428
7344551
7344559
7344617
7344625
7344733
7344752
7344759
7344778
7344782
7344825
7344880
7344930
7345347
7345393
7345427
7345448
7345498
7345512
7345680
7345693
7345713
7345768
7345785
7345787
7345852
7345867
7345868
7345983
7346020
7346091
7346161
7346255
7346333
7346348
7346360
7346377
7346378
7346385
7346402
7346405
7346409
7346422
7346464
7346490
7346492
7346595
7346603
7346670
7346682
7346825
7346839
7346854
7346920
7346942
7346998
7347143
7347352
7347517
7347523
7347533
7347538
7347550
7347569
7347604
7347627
7347632
7347863
7347881
7347891
7347893
7347953
7347978
7348056
7348168
7348171
7348178
7348200
7348210
7348259
7348272
7348281
7348386
7348412
7348433
7348465
7348492
7348561
7348703
7348727
7348750
7348775
7348792
7348819
7348882
7348932
7348974
7348985
7349012
7349124
7349141
7349143
7349210
7349283
7349312
7349413
7349432
7349595
7349597
7349655
7349687
7349699
7349742
7349764
7349774
7349782
7349887
7349915
7349979
7350027
7350029
7350076
7350085
7350173
7350246
7350372
7350458
7350471
7350480
7350516
7350588
7350622
7350835
7350860
7350874
7350904
7351072
7351076
7351080
7351131
7351144
7351230
7351245
7351399
7351438
7351495
7351520
7351535
7351931
7351960
7351987
7352077
7352090
7352119
7352120
7352225
7352244
7352259
7352277
7352306
7352374
7352486
7352511
7352519
7352524
7352528
7352574
7352642
7352720
7352751
7352760
7352790
7352801
7352811
7352859
7352892
7352949
7352999
7353095
7353098
7353103
7353112
7353164
7353172
7353190
7353208
7353210
7353223
7353227
7353229
7353238
7353480
7353567
7353723
7353725
7353748
7354061
7354092
7354130
7354141
7354272
7354273
7354285
7354299
7354351
7354396
7354501
7354546
7354553
7354591
7354660
7354679
7354721
7354826
7354840
7354892
7354898
7354956
7354966
7355035
7355106
7355130
7355153
7355156
7355160
7355175
7355211
7355220
7357398
7357428
7357434
7357472
7357514
7357551
7357567
7357574
7357623
7357625
7357636
7357638
7357689
7357707
7357721
7357775
7357863
7357871
7357883
7357900
7357902
7357909
7357977
7357989
7358044
7358089
7358142
7358144
7358153
7358164
7358195
7358251
7358265
7358336
7358374
7358397
7358418
7358433
7358463
7358473
7359460
7359471
7359487
7359535
7359582
7359650
7359711
7359801
7359820
7359892
7359908
7359912
7359954
7360031
7360105
7360209
7360322
7360328
7360352
7360377
7360379
7360402
7360444
7360455
7360458
7360466
7360473
7360502
7360524
7360589
7360596
7360642
7360647
7360660
7360691
7360692
7360726
7360747
7360783
7360784
7360804
7360935
7360948
7361015
7361030
7361035
7361082
7361114
7361117
7361130
7361183
7361214
7361219
7361301
7361303
7361349
7361351
7361369
7361373
7361408
7361477
7361493
7361562
7361589
7361620
7361820
7361822
7361824
7361901
7361904
7361983
7361984
7361991
7362002
7362027
7362031
7362058
7362090
7362091
7362103
7362105
7362116
7362119
7362165
7362244
7362245
7363292
7363313
7363395
7363408
7363428
7363500
7363542
7363559
7363622
7363634
7363667
7363738
7363749
7363753
7363791
7363868
7363893
7363923
7363936
7363976
7364019
7364052
7364069
7364110
7364113
7364216
7364261
7364281
7364351
7364447
7364524
7364575
7364591
7364649
7364719
7364729
7364740
7364742
7364750
7364787
7364969
7364979
7364999
7365011
7365024
7365052
7365079
7365097
7365131
7365185
7365247
7365256
7365288
7365404
7365417
7365471
7365511
7365528
7365541
7365613
7365621
7365662
7365721
7365793
7365885
7365918
7365941
7365989
7365997
7366010
7367067
7367145
7367152
7367208
7367215
7367230
7367256
7367372
7367395
7367400
7367403
7367497
7367564
7367594
7367652
7367654
7367655
7367704
7367712
7367733
7367753
7367778
7367808
7367830
7367854
7367869
7367887
7367900
7367903
7367921
7367939
7368003
7368008
7368025
7368089
7368103
7368112
7368131
7368176
7368200
7368211
7368283
7368463
7368470
7368498
7368543
7368553
7368571
7368573
7368579
7368592
7369563
7369580
7369593
7369613
7369615
7369620
7369633
7369669
7369702
7369716
7369730
7369739
7369759
7369791
7369793
7369800
7369808
7369868
7369881
7369924
7369949
7369969
7371025
7371046
7371090
7371115
7371120
7371121
7371283
7371295
7371341
7371384
7371399
7372416
7372442
7372448
7372459
7372476
7372540
7372570
7372590
7372594
7372629
7372656
7372677
7372683
7372737
7372755
7372761
7372768
7372850
7372897
7372934
7372943
7373012
7373084
7373090
7373185
7373187
7373205
7373272
7373308
7373438
7373487
7373489
7373509
7373542
7373570
7373626
7373631
7373637
7373646
7373691
7373829
7373849
7373882
7373979
7373984
7374048
7374053
7374058
7374059
7374079
7374084
7374124
7374125
7374142
7374208
7374256
7374269
7374273
7374274
7374348
7374366
7374395
7374424
7374460
7374522
7374634
7374699
7374989
7375016
7375026
7375039
7375065
7375083
7375139
7375170
7375326
7375338
7375451
7375457
7375485
7375512
7375614
7375621
7375658
7375681
7375687
7375690
7375699
7375724
7375738
7375746
7375827
7375859
7375877
7375888
7375894
7375912
7375988
7377053
7377054
7377058
7377060
7377083
7377091
7377136
7377142
7377292
7377347
7377373
7377382
7377402
7377483
7377552
7377562
7377580
7377604
7377618
7377622
7377659
7377661
7377735
7377740
7377742
7377744
7377748
7377752
7377760
7377796
7377840
7377919
7377947
7377965
7377971
7377976
7377999
7378008
7378053
7378084
7378095
7378110
7378117
7378131
7378204
7378210
7378349
7378361
7378366
7378367
7378415
7378458
7378491
7378509
7378512
7378549
7378564
7378585
7378647
7378755
7378769
7378840
7378846
7378863
7378939
7378997
7379074
7379089
7379122
7379129
7379188
7379213
7379217
7379251
7379255
7379283
7379314
7379327
7379346
7379436
7379452
7379460
7379491
7379521
7379526
7379539
7379561
7380643
7380644
7380675
7380780
7380790
7380804
7380889
7380939
7380992
7380996
7381156
7381178
7381221
7381234
7381297
7381300
7381315
7381356
7381401
7381414
7381418
7381425
7381492
7381506
7381531
7381559
7381618
7381645
7381649
7381677
7381679
7381827
7381837
7381843
7381851
7381853
7381910
7381915
7381917
7381978
7382006
7382050
7382075
7382080
7382091
7382102
7382117
7382119
7382126
7382141
7382176
7382205
7382213
7382215
7382217
7382228
7382266
7382272
7382280
7382319
7382344
7382361
7382374
7382400
7382420
7382431
7382437
7382464
7382475
7382513
7382543
7382554
7382594
7382607
7382639
7382667
7382696
7382701
7382771
7382995
7383053
7383089
7383110
7383137
7383156
7383170
7383193
7383279
7383303
7383352
7383355
7383376
7383381
7383456
7383486
7383503
7383512
7383520
7383565
7383601
7383621
7383624
7383640
7383659
7383682
7383730
7383780
7383823
7383852
7383872
7383875
7383928
7383930
7383989
7384000
7384019
7384042
7384083
7384094
7384119
7384132
7384134
7384135
7384174
7384186
7384220
7384318
7384345
7384427
7384450
7384498
7384508
7384517
7384544
7384681
7384704
7384714
7384721
7384734
7384763
7384790
7384793
7384821
7384882
7385064
7385085
7385087
7385121
7385245
7385290
7385312
7385374
7385457
7385589
7385596
7385598
7385618
7385624
7385639
7385643
7385648
7385820
7385888
7385901
7385950
7385951
7386301
7386450
7386514
7386529
7386561
7386590
7386635
7386640
7386641
7386676
7386714
7386737
7386751
7386758
7386819
7386892
7386912
7386917
7386959
7386987
7387023
7387057
7387073
7387077
7387143
7387152
7387181
7387285
7387288
7387289
7387381
7387484
7387539
7387564
7387638
7387648
7387658
7387659
7387679
7387683
7387737
7387747
7387771
7387791
7387810
7387923
7388095
7388102
7388118
7388129
7388142
7388163
7388259
7388260
7388285
7388306
7388350
7388360
7388370
7388395
7388423
7388435
7388449
7388461
7388504
7388545
7388564
7388583
7388591
7388597
7388598
7388609
7388671
7388682
7388689
7388690
7388707
7388709
7388763
7388770
7388790
7388833
7388875
7388883
7388886
7388890
7388912
7388920
7388966
7388987
7388989
7389060
7389094
7389096
7389295
7389297
7389304
7389313
7389453
7389480
7389491
7389516
7389578
7389592
7389614
7389637
7389646
7389684
7389689
7389725
7389731
7389742
7389769
7389824
7389837
7389877
7389900
7389903
7389915
7389921
7389974
7389977
7390011
7390012
7390038
7390075
7390096
7390174
7390190
7390208
7390303
7390326
7390329
7390341
7390388
7390441
7390473
7390492
7390568
7390603
7390606
7390620
7390637
7390642
7390712
7390746
7390788
7390797
7390802
7390822
7390854
7390879
7390907
7390908
7390936
7390955
7391014
7391137
7391170
7391177
7391206
7391266
7391308
7391313
7391314
7391340
7391343
7391453
7391489
7391516
7391567
7391597
7391623
7391652
7391719
7391734
7391773
7391775
7391792
7391795
7391812
7391864
7391900
7391906
7391929
7391963
7391975
7391991
7391993
7392003
7392031
7392032
7392039
7392040
7392071
7392102
7392115
7392118
7392120
7392124
7392175
7392191
7392222
7392235
7392239
7392246
7392334
7392342
7392386
7392469
7392485
7392570
7392704
7392718
7392743
7392763
7392767
7392787
7392844
7393004
7393112
7393169
7393217
7393238
7393245
7393271
7393282
7393310
7393319
7393347
7393351
7393367
7393394
7393405
7393441
7393454
7393467
7393473
7393488
7393495
7393509
7393515
7393519
7393525
7393529
7393548
7393562
7393564
7393608
7393615
7393640
7393643
7393745
7393756
7393766
7393787
7393795
7393822
7393859
7393894
7393906
7393922
7393933
7393947
7393963
7393983
7394011
7394072
7394114
7394126
7394147
7394158
7394182
7394211
7394213
7394230
7394616
7394617
7394643
7394670
7394758
7394803
7394805
7394884
7394894
7394910
7394939
7394962
7394965
7394990
7395031
7395045
7395116
7395135
7395150
7395153
7395163
7395178
7395203
7395224
7395226
7395243
7395245
7395347
7395367
7395442
7395443
7395467
7395479
7395567
7395656
7395703
7395704
7395826
7395866
7395895
7395938
7395973
7395978
7395985
7396002
7396028
7396064
7396080
7396124
7396134
7396184
7396203
7396372
7396381
7396464
7396472
7396495
7396698
7396703
7396748
7396753
7396770
7396826
7396838
7396891
7396902
7396921
7396923
7396930
7396952
7396957
7396992
7397011
7397025
7397041
7397042
7397112
7397118
7397142
7397181
7397227
7397257
7397376
7397432
7397437
7397685
7397707
7397727
7397762
7397794
7397824
7397835
7397844
7397863
7397912
7397939
7397957
7397987
7397989
7398014
7398030
7398081
7398091
7398156
7398189
7398220
7398249
7398337
7398413
7398421
7398462
7398464
7398465
7398490
7398505
7398527
7398532
7398549
7398570
7398684
7398728
7398740
7398745
7398765
7398782
7398805
7398809
7398819
7398837
7398903
7398935
7398955
7399019
7399058
7399152
7399271
7399310
7399319
7399447
7399448
7399510
7399768
7399776
7399812
7399822
7399836
7399858
7399861
7399891
7399931
7400041
7400053
7400085
7400177
7400189
7400192
7400235
7400239
7400271
7400297
7400396
7400454
7400458
7400462
7400598
7400677
7400693
7400742
7400783
7400888
7400897
7400922
7400949
7400957
7401003
7401012
7401070
7401071
7401085
7401142
7401163
7401179
7401184
7401192
7401195
7401233
7401341
7401378
7401463
7401467
7401493
7401511
7401530
7401537
7401583
7403650
7403785
7403791
7403799
7403800
7403837
7403865
7403873
7403915
7403919
7403928
7403937
7403946
7403962
7404115
7404118
7404147
7404168
7404196
7404324
7404391
7404394
7404476
7404487
7404510
7404514
7404516
7404573
7404604
7404691
7404699
7404744
7404752
7404763
7404876
7404959
7404961
7404997
7405007
7405013
7405050
7405059
7405096
7405111
7405112
7405118
7405125
7405133
7405136
7405160
7405168
7405364
7405369
7405435
7405458
7405463
7405498
7405589
7405679
7405813
7405861
7405897
7406065
7406163
7406313
7406320
7406332
7406363
7406462
7406505
7406513
7406544
7406584
7406589
7406760
7407336
7407362
7407363
7407401
7407417
7407481
7407502
7407517
7407524
7407544
7407583
7407590
7407598
7407604
7407609
7407611
7407670
7407743
7407753
7407760
7407797
7407801
7407815
7407822
7407824
7407885
7407894
7407905
7407986
7407991
7407999
7408010
7408034
7408256
7408323
7408394
7408395
7408431
7408456
7408457
7408464
7408472
7408488
7408492
7408513
7408519
7408535
7408537
7408594
7408611
7408615
7408702
7408734
7408771
7408798
7408828
7408833
7408890
7408943
7408988
7409021
7409073
7409085
7409113
7409123
7409169
7409212
7409241
7409263
7409274
7409278
7409302
7409329
7409357
7409376
7409437
7409440
7409547
7409601
7409613
7409623
7409631
7409633
7409647
7409763
7409812
7409827
7409899
7409960
7409979
7409982
7409988
7410052
7410076
7410077
7410087
7410113
7410210
7410213
7410243
7410253
7410290
7410329
7410375
7410422
7410424
7410426
7410611
7410617
7410738
7410765
7410794
7410803
7410877
7410939
7410955
7410990
7410998
7411156
7411271
7411279
7411291
7411365
7411406
7411412
7411527
7411532
7411541
7411565
7411566
7411579
7411583
7411597
7411627
7411630
7411635
7411639
7411667
7411693
7411701
7411702
7411706
7411709
7411712
7411719
7411724
7411739
7411758
7411768
7411785
7411820
7411822
7411826
7411837
7411888
7411890
7411989
7412009
7412031
7412063
7412078
7412150
7412183
7412195
7412213
7412229
7412238
7412284
7412294
7412308
7412349
7412351
7412356
7412394
7412427
7412480
7412504
7412612
7412627
7412646
7412660
7412665
7412673
7412686
7412690
7412738
7412777
7412821
7412828
7412853
7412906
7412978
7413000
7413038
7413051
7413060
7413067
7413109
7413127
7413167
7413211
7413222
7413248
7413251
7413280
7413289
7413330
7413337
7415416
7415426
7415429
7415511
7415522
7415531
7415579
7415582
7415646
7415660
7415681
7415682
7415713
7415748
7415778
7415800
7415812
7415827
7415838
7415844
7415892
7415925
7415950
7416028
7416047
7416059
7416167
7416173
7416209
7416276
7416291
7416331
7416338
7416344
7416371
7416390
7416395
7416415
7416438
7416439
7416461
7416487
7416493
7416525
7416547
7416582
7416622
7416625
7416642
7416646
7416680
7416690
7416699
7416758
7416784
7416800
7416811
7416814
7416818
7416853
7416868
7416875
7416929
7416930
7416949
7416959
7416992
7417161
7417171
7417176
7417177
7417181
7417187
7417200
7417207
7417215
7417217
7417273
7417293
7417308
7417361
7417418
7417421
7417468
7417472
7417481
7417494
7417503
7417524
7417536
7417540
7417629
7417668
7417699
7417730
7417778
7417810
7417815
7417901
7418027
7418048
7418063
7418089
7418100
7418112
7418173
7418209
7418210
7418211
7418233
7418244
7418262
7418299
7418314
7418319
7418333
7418339
7418353
7418369
7418460
7418469
7418521
7418589
7418599
7418600
7418607
7418658
7418674
7418716
7418785
7418808
7418816
7418828
7418832
7418854
7418870
7418885
7418890
7418920
7418953
7418985
7418989
7419016
7419041
7419049
7419055
7419057
7419071
7419081
7419135
7419138
7419142
7419302
7419368
7419458
7419530
7419601
7419679
7419721
7419734
7419755
7419763
7419771
7419818
7419872
7419974
7419997
7420013
7420016
7420018
7420035
7420065
7420072
7420085
7420105
7420110
7420137
7420196
7420199
7420204
7420223
7420233
7420282
7420314
7420345
7420416
7420440
7420458
7420487
7420499
7420546
7420612
7420617
7420634
7420642
7420656
7420677
7420762
7420763
7420801
7420836
7420841
7420857
7420867
7420888
7420931
7420938
7421080
7421087
7421128
7421161
7421184
7421226
7421316
7421438
7421524
7421555
7421590
7421602
7421641
7421676
7421784
7421790
7421799
7421842
7421865
7421884
7421952
7422016
7422034
7422053
7422065
7422102
7422133
7422261
7422294
7422399
7422433
7422464
7422492
7422499
7422509
7422511
7422690
7422692
7422693
7422697
7422733
7422737
7422745
7422751
7422764
7422795
7422802
7422849
7422854
7422907
7422955
7422957
7423024
7423056
7423076
7423081
7423102
7423105
7423146
7423207
7423237
7423239
7423242
7423259
7423339
7423355
7423411
7423449
7423466
7423472
7423478
7423496
7423507
7423544
7423550
7423572
7423578
7423580
7423590
7423594
7423606
7423608
7423682
7423736
7423740
7423749
7423750
7423815
7423820
7423857
7423859
7423875
7423899
7423915
7423919
7423932
7423934
7423937
7423943
7423960
7423973
7423974
7423979
7423980
7423983
7424011
7424022
7424102
7424143
7424157
7424162
7424196
7424266
7424278
7424284
7424304
7424309
7424358
7424377
7424426
7424445
7424464
7424465
7424532
7424548
7424610
7424628
7424635
7424747
7424759
7424781
7424790
7424817
7424823
7424865
7424904
7425020
7425034
7425036
7425078
7425093
7425106
7425122
7425145
7425155
7425158
7425198
7425237
7425249
7425396
7425488
7425513
7425523
7425551
7425572
7425576
7425580
7425598
7425627
7425691
7425725
7425746
7425760
7425776
7425789
7425800
7425816
7425843
7425902
7425906
7425918
7425936
7426016
7426065
7426075
7426090
7426106
7426115
7426142
7426172
7426184
7426214
7426256
7426283
7426364
7426370
7426394
7426429
7426446
7426507
7426513
7426555
7426557
7426572
7426590
7426674
7426677
7426700
7426704
7426706
7426720
7426762
7426763
7426779
7426811
7426826
7426842
7426868
7426897
7426943
7426963
7426976
7427019
7427053
7427112
7427162
7427196
7427211
7427317
7427372
7427382
7427389
7427402
7427405
7427444
7427454
7427526
7427562
7427574
7427577
7427578
7427600
7427618
7427630
7427659
7427671
7427676
7427700
7427701
7427704
7427740
7427742
7427755
7427777
7427786
7427788
7427794
7427806
7427809
7427820
7427849
7427878
7427887
7427905
7427948
7427972
7427980
7428001
7428129
7428132
7428157
7428162
7428176
7428225
7428235
7428243
7428273
7428277
7428315
7428391
7428392
7428426
7428431
7428444
7428464
7428466
7428509
7428531
7428560
7428567
7428576
7428583
7428600
7428638
7428642
7428662
7428669
7428673
7428725
7428745
7428754
7428760
7428772
7428776
7428786
7428811
7428835
7428862
7428876
7428995
7429019
7429022
7429026
7429033
7429124
7429159
7429213
7429276
7429316
7429368
7429401
7429407
7429418
7429432
7429450
7429472
7429565
7429574
7429601
7429616
7429628
7429635
7429687
7429785
7429793
7429797
7429823
7429842
7429873
7429880
7429938
7429960
7429987
7429989
7430003
7430034
7430124
7430149
7430338
7430353
7430357
7430370
7430375
7430393
7430395
7430530
7430540
7430570
7430605
7430609
7430636
7430644
7430664
7430699
7430735
7430835
7430859
7430873
7430888
7430909
7430994
7431061
7431206
7431234
7431243
7431264
7431265
7431304
7431321
7431354
7431384
7431392
7431429
7431485
7431507
7431512
7431520
7431542
7431548
7431583
7431591
7431625
7431649
7431711
7431712
7431726
7431730
7431785
7431877
7431879
7431887
7431888
7431934
7431938
7431956
7431960
7431981
7431983
7432026
7432048
7432056
7432093
7432121
7432208
7432221
7432246
7432273
7432297
7432299
7432307
7432310
7432322
7432358
7432384
7432467
7432473
7432505
7432551
7432608
7432652
7432657
7432668
7432727
7432765
7432789
7432821
7432879
7432921
7432939
7432952
7432969
7432977
7433002
7433013
7433028
7433032
7433084
7433086
7433118
7433157
7433178
7433195
7433206
7433220
7433244
7433262
7433293
7433340
7433358
7433362
7433372
7433389
7433392
7433440
7433490
7433557
7433637
7433640
7433663
7433701
7433737
7433739
7433743
7433747
7433764
7433770
7433785
7433816
7433820
7433838
7433854
7433869
7433870
7433881
7433978
7433984
7434052
7434062
7434130
7434160
7434193
7434206
7434223
7434230
7434264
7434265
7434286
7434300
7434309
7434310
7434327
7434329
7434335
7434362
7434387
7434398
7434435
7434472
7434479
7434505
7434517
7434544
7434553
7434573
7434626
7434653
7434665
7434667
7434719
7434791
7434793
7434807
7434809
7434848
7434938
7434940
7434984
7434996
7435008
7435016
7435044
7435051
7435063
7435080
7435082
7435113
7435180
7436192
7436196
7436247
7436265
7436271
7436274
7436293
7436349
7436374
7436402
7436412
7436425
7436438
7436518
7436521
7436526
7436550
7436568
7436591
7436604
7436643
7436651
7436690
7436692
7436783
7436837
7436882
7436891
7436925
7436933
7436937
7436971
7436973
7436992
7436999
7437001
7437024
7437031
7437054
7437058
7437145
7437176
7437264
7437302
7437383
7437397
7437399
7437410
7437433
7437458
7437507
7437573
7437600
7437675
7437686
7437687
7437689
7437705
7437710
7437776
7437794
7437821
7437862
7437884
7437904
7437947
7437958
7437997
7438015
7438218
7438226
7438237
7438248
7438277
7438299
7438322
7438330
7438337
7438343
7438354
7438469
7438472
7438570
7438642
7438648
7438669
7438674
7438677
7438737
7438756
7438767
7438787
7438853
7438863
7438874
7438878
7438883
7438888
7438908
7438944
7439080
7439089
7439097
7439098
7439117
7439123
7439228
7439261
7439265
7439294
7439310
7439339
7439353
7439389
7439392
7439395
7439413
7439440
7439442
7439456
7439463
7439473
7439476
7439483
7439494
7439606
7439623
7439625
7439632
7439671
7439832
7439886
7439903
7439927
7439928
7439933
7439988
7440045
7440095
7440097
7440149
7440249
7440254
7440259
7440392
7440397
7440400
7440404
7440409
7440476
7440485
7440507
7440530
7440552
7440564
7440568
7440627
7440673
7440767
7440777
7440778
7440797
7440823
7440828
7440878
7440947
7440971
7440990
7441008
7441083
7441097
7441099
7441184
7441187
7441227
7441278
7441300
7441320
7441441
7441797
7441832
7441841
7441854
7441915
7441917
7441926
7441946
7441978
7442026
7442043
7442054
7442067
7442069
7442073
7442122
7442129
7442141
7442240
7442253
7442291
7442370
7442381
7442401
7442420
7442495
7442518
7442559
7442767
7442803
7442823
7442829
7442880
7442893
7442897
7442910
7442923
7442941
7442965
7442971
7442981
7442986
7443001
7443008
7443104
7443105
7443125
7443168
7443180
7443255
7443283
7443308
7443326
7443358
7443459
7443472
7443478
7443510
7443521
7443524
7443556
7443601
7443610
7443633
7443648
7443657
7443701
7443717
7443742
7443819
7443853
7443860
7443948
7443965
7444045
7444046
7444062
7444101
7444114
7444129
7444136
7444139
7444200
7444225
7444334
7444367
7444368
7444397
7444451
7444473
7444526
7444543
7444570
7444574
7444650
7444661
7444750
7444826
7444834
7444839
7444913
7444937
7444958
7444992
7444995
7445079
7445098
7445099
7445121
7445122
7445158
7445166
7445204
7445258
7445267
7445291
7445363
7445410
7445438
7445454
7445487
7445490
7446485
7446491
7446492
7446518
7446564
7446566
7446585
7446617
7446658
7446727
7446758
7446760
7446828
7446872
7446904
7446932
7446934
7446970
7446973
7446974
7446990
7447039
7447040
7447043
7447059
7447061
7447105
7447145
7447294
7447442
7447501
7447508
7447514
7447687
7447767
7447768
7447803
7447845
7447847
7447852
7447906
7447959
7448074
7448091
7448125
7448156
7448163
7448196
7448263
7448278
7448287
7448319
7448320
7448346
7448347
7448350
7448435
7448451
7448472
7448483
7448495
7448504
7448506
7448510
7448518
7448544
7448564
7448587
7448721
7448722
7448738
7448754
7448806
7448821
7448936
7449003
7449008
7449023
7449032
7449037
7449046
7449124
7449134
7449139
7449162
7449209
7449270
7449278
7449307
7449324
7449385
7449396
7449404
7449451
7449518
7449564
7449583
7449618
7449650
7449688
7449744
7449751
7449797
7449935
7449940
7450092
7450193
7450201
7450202
7450263
7450294
7450298
7450308
7450400
7450470
7450488
7450542
7450593
7450606
7450618
7450631
7450639
7450646
7450704
7450708
7450711
7450726
7450746
7450791
7450811
7450850
7450905
7450923
7450947
7451011
7451043
7451062
7451063
7451077
7451303
7451309
7451325
7451340
7451411
7451433
7451446
7451488
7451556
7451598
7451674
7451718
7451726
7451762
7451763
7451862
7452154
7452249
7452265
7452274
7452316
7452344
7452378
7452379
7452482
7452537
7452557
7452568
7452593
7452676
7452710
7452750
7452797
7452841
7452846
7452857
7452865
7452867
7452876
7452888
7452923
7452962
7452996
7453010
7453024
7453037
7453048
7453077
7453121
7453152
7454868
7456425
7456516
7456988
7459655
7474455
7475108
7475952
7477183
7481340
7483664
7484108
7484583
7484757
7485231
7485325
7485614
7485643
7485686
7485701
7485752
7485762
7485810
7485816
7485847
7485851
7485860
7485916
7485989
7485998
7486013
7486036
7486179
7486197
7486220
7486228
7486230
7486249
7486262
7486291
7486293
7486299
7486300
7486335
7486374
7486377
7486415
7486416
7486439
7486449
7486465
7486490
7486528
7486539
7486551
7486569
7486595
7486606
7486626
7486641
7486728
7486775
7486788
7486789
7486824
7486857
7486874
7486878
7486883
7486927
7486995
7487009
7487017
7487050
7487079
7487179
7487234
7487304
7487382
7487418
7487486
7487521
7487567
7487664
7487665
7487674
7487716
7487724
7487744
7487755
7487758
7487817
7487872
7487891
7487894
7487901
7487937
7487951
7487989
7488025
7488043
7488050
7488121
7488178
7488207
7488236
7488246
7488255
7488258
7488260
7488283
7488286
7488299
7488301
7488310
7488332
7488335
7488421
7488444
7488448
7488454
7488485
7488498
7488531
7488547
7488558
7488623
7488652
7488667
7488684
7488731
7488732
7488735
7488773
7488797
7488803
7488804
7488876
7488884
7488933
7488935
7488956
7488971
7489021
7489076
7489099
7489174
7489192
7489195
7489331
7489373
7489385
7489434
7489474
7489480
7489526
7489542
7489584
7489589
7489614
7489649
7489717
7489720
7489802
7489878
7489915
7489922
7489981
7490009
7490040
7490079
7490099
7490102
7490106
7490134
7490289
7490348
7490356
7490366
7490425
7490426
7490467
7490488
7490522
7490550
7490614
7490622
7490632
7490649
7490688
7490696
7490704
7490769
7490798
7490802
7490824
7490841
7490860
7490865
7491013
7491030
7491031
7491086
7491096
7491100
7491102
7491129
7491136
7491160
7491200
7491201
7491216
7491217
7491218
7491237
7491238
7491239
7491244
7491248
7491269
7491305
7491346
7491361
7491379
7491381
7491421
7491425
7491452
7491475
7491582
7491609
7491613
7491632
7491638
7491652
7491657
7491672
7491700
7491706
7491712
7491728
7491765
7491813
7491827
7491883
7491896
7491912
7491968
7491987
7492046
7492134
7492136
7492198
7492236
7492248
7492260
7492279
7492353
7492515
7492538
7492597
7492623
7492720
7492733
7492782
7492800
7492818
7492851
7492860
7492898
7492905
7492906
7492928
7492962
7493034
7493068
7493079
7493080
7493081
7493085
7493092
7493100
7493102
7493114
7493130
7493180
7493183
7493222
7493224
7493249
7493294
7493309
7493391
7493399
7493401
7493432
7493483
7493536
7493557
7493620
7493659
7493699
7493723
7493736
7493758
7493795
7493817
7493862
7493884
7493947
7493950
7493982
7494039
7494046
7494161
7494217
7494220
7494251
7494253
7494266
7494466
7494504
7494509
7494594
7494639
7494667
7494720
7494744
7494752
7494915
7494990
7495026
7495031
7495122
7495168
7495169
7495212
7495230
7495241
7495268
7495314
7495330
7495345
7495368
7495421
7495510
7495512
7495531
7495535
7495551
7495566
7495602
7495650
7495687
7495700
7495727
7495775
7495843
7495872
7495899
7495922
7495963
7496032
7496063
7496098
7496100
7496113
7496121
7496127
7496128
7496136
7496174
7496211
7496352
7496353
7496390
7496395
7496431
7496455
7496482
7496609
7496638
7496673
7496687
7496697
7496719
7496785
7496786
7496803
7496991
7497051
7497138
7497199
7497224
7497239
7497254
7497302
7497359
7497614
7497665
7497679
7497686
7497750
7497793
7497822
7497829
7497874
7497939
7497947
7497956
7497962
7497995
7498041
7498056
7498065
7498082
7498094
7498100
7498106
7498128
7498141
7498218
7498237
7498249
7498264
7498265
7498332
7498355
7498459
7498497
7498543
7498550
7498562
7498570
7498631
7498711
7498714
7498727
7498739
7498742
7498883
7498926
7498932
7499006
7499071
7499108
7499112
7499122
7499126
7499200
7499213
7499233
7499244
7499248
7499269
7499294
7499324
7499350
7499353
7499408
7499440
7499453
7499455
7499467
7499475
7499487
7499499
7499527
7499570
7499598
7499690
7499692
7499760
7499769
7499843
7499878
7499888
7499937
7499980
7500064
7500079
7500116
7500120
7500133
7500144
7500197
7500210
7500223
7500251
7500266
7500274
7500302
7500331
7500352
7500354
7500355
7500379
7500385
7500393
7500405
7500412
7500439
7500445
7500452
7500468
7500482
7500501
7500513
7500621
7500650
7500655
7500656
7500694
7500734
7500812
7500824
7500896
7500932
7500984
7501144
7501243
7501440
7501560
7501735
7501736
7501742
7501774
7501777
7501793
7501795
7501797
7501802
7501866
7501878
7501897
7501900
7501928
7501963
7502011
7502046
7502083
7502111
7502146
7502159
7502177
7502233
7502255
7502268
7502292
7502299
7502330
7502357
7502363
7502370
7502400
7502402
7502445
7502777
7503313
7503373
7503377
7503388
7503436
7503438
7503473
7503477
7503485
7503502
7503551
7503554
7503573
7503620
7503636
7503659
7503661
7503674
7503707
7503750
7503752
7503781
7503806
7503813
7503844
7503878
7503915
7503926
7503943
7504010
7504039
7504086
7504138
7504143
7504164
7504194
7504195
7504198
7504296
7504403
7504422
7504433
7504468
7504496
7504516
7504543
7504551
7504571
7504572
7504615
7504645
7504667
7504684
7504708
7504731
7504758
7504777
7504782
7504812
7504829
7504832
7504879
7504931
7504987
7504993
7505026
7505065
7505144
7505167
7505184
7505213
7505216
7505219
7505228
7505264
7505282
7505283
7505300
7505322
7505374
7505400
7505501
7505503
7505573
7505584
7505623
7505634
7505665
7505704
7505722
7505744
7505764
7505814
7505862
7505875
7505882
7505886
7505918
7505958
7505976
7505985
7506023
7506062
7506065
7506104
7506190
7506387
7506441
7506443
7506474
7506601
7506621
7506641
7506653
7506658
7506716
7506756
7506783
7506925
7506964
7507020
7507026
7507046
7507149
7507164
7507189
7507292
7507325
7507360
7507365
7507387
7507423
7507496
7507522
7507530
7507546
7507581
7507636
7507676
7507707
7507716
7507721
7507734
7507742
7507771
7507777
7507784
7507798
7507853
7507856
7507867
7507882
7507909
7508034
7508048
7508064
7508099
7508105
7508136
7508209
7508413
7508425
7508472
7508520
7508595
7508600
7508638
7508659
7508703
7508711
7508731
7508762
7508820
7508928
7508936
7508957
7508965
7509975
7510033
7510046
7510049
7510074
7510116
7510146
7510155
7510173
7510231
7510252
7510256
7510365
7510378
7510428
7510465
7510503
7510520
7510562
7510565
7510587
7510612
7510683
7510714
7510734
7510761
7510780
7510869
7510899
7510967
7510976
7511118
7511129
7511166
7511215
7511229
7511325
7511327
7511352
7511516
7511527
7511531
7511599
7511658
7511670
7511685
7511721
7511740
7511741
7511810
7511825
7511836
7511838
7511851
7511864
7511882
7511902
7511940
7511954
7512015
7512044
7512058
7512103
7512110
7512129
7512171
7512213
7512242
7512245
7512288
7512300
7512306
7512319
7512356
7512360
7512401
7512424
7512554
7512561
7512693
7512715
7512755
7512805
7512813
7512921
7512935
7512936
7512944
7513000
7513011
7513099
7513189
7513233
7513244
7513255
7513257
7513310
7513312
7513343
7513348
7513364
7513401
7513414
7513431
7513460
7513487
7513527
7513537
7513543
7513579
7513605
7513613
7513662
7513696
7513716
7513717
7513724
7513791
7513812
7513839
7513840
7513852
7513859
7513871
7513940
7513944
7514096
7514123
7514164
7514168
7514209
7514216
7514247
7514278
7514318
7514357
7514397
7514418
7514433
7514481
7514489
7514511
7514579
7514599
7514617
7514636
7514650
7514652
7514661
7514687
7514690
7514702
7514722
7514747
7514749
7514774
7514790
7514890
7514903
7514906
7514948
7514949
7514955
7514974
7515038
7515058
7515092
7515144
7515183
7515194
7515220
7515230
7515251
7515254
7515272
7515290
7515301
7515302
7515357
7515368
7515401
7515407
7515414
7515425
7515466
7515506
7515521
7515526
7515531
7515638
7515660
7515685
7515727
7515785
7515790
7515842
7515859
7515902
7515940
7515971
7516005
7516032
7516037
7516042
7516106
7516127
7516160
7516187
7516403
7516435
7516439
7516446
7516479
7516485
7516491
7516499
7516565
7516575
7516578
7516593
7516609
7516629
7516642
7516670
7516679
7516745
7516779
7516788
7516797
7516826
7516855
7516857
7516879
7516889
7516915
7516918
7516928
7516956
7516967
7516996
7517004
7517018
7517028
7517035
7517048
7517095
7517110
7517147
7517217
7517225
7517268
7517273
7517372
7517413
7517414
7517540
7517559
7517591
7517597
7517661
7517666
7517703
7517716
7517807
7517829
7517849
7517858
7518082
7518128
7518186
7518279
7518348
7518466
7518472
7518484
7518489
7518517
7518594
7518601
7518644
7518658
7518714
7518731
7518750
7518791
7518803
7518892
7518907
7518951
7518956
7519023
7519050
7519073
7519092
7519113
7519128
7519192
7519194
7519204
7519296
7519319
7519342
7519350
7519357
7519430
7519501
7519541
7519549
7519560
7519686
7519706
7519707
7519823
7519860
7519865
7519907
7519923
7519936
7519971
7519972
7519980
7520019
7520070
7520071
7520088
7520152
7520193
7520205
7520214
7520272
7520286
7520317
7520361
7520382
7520443
7520467
7520623
7520632
7520679
7520690
7520803
7520813
7520856
7520896
7520910
7520917
7520932
7520941
7520996
7521059
7521065
7521127
7521242
7521261
7521268
7521306
7521385
7521410
7521450
7521455
7521488
7521500
7521592
7521630
7521719
7521738
7521749
7521753
7521791
7521898
7522048
7522062
7522076
7522114
7522230
7522253
7522256
7522323
7522328
7522347
7522455
7522474
7522490
7522583
7522607
7522622
7522630
7522648
7522653
7522740
7522741
7522765
7522803
7522828
7522836
7522864
7522869
7522874
7522883
7523047
7523052
7523120
7523137
7523201
7523232
7523335
7523418
7523496
7523521
7523549
7523659
7523670
7523674
7523741
7523788
7523803
7523809
7523819
7523820
7523825
7523888
7523897
7523911
7523930
7523998
7524015
7524016
7524074
7524092
7524101
7524157
7524232
7524289
7524292
7524320
7524321
7524337
7524351
7524355
7524356
7524359
7524386
7524390
7524400
7524485
7524523
7524535
7524597
7524600
7524605
7524691
7524788
7524828
7524860
7524872
7524929
7525031
7525079
7525093
7525201
7525220
7525227
7525258
7525268
7525280
7525284
7525510
7525533
7525539
7525558
7525560
7525623
7525624
7525668
7525698
7525706
7525720
7525747
7525779
7525822
7525834
7525935
7525985
7525987
7525998
7526021
7526033
7526046
7526057
7526115
7526161
7526195
7526228
7526269
7526275
7526310
7526326
7526331
7526368
7526384
7526415
7526419
7526428
7526438
7526448
7526454
7526455
7526495
7526575
7526625
7526642
7526742
7526760
7526799
7526823
7526833
7526837
7527038
7527060
7527094
7527100
7527127
7527128
7527207
7527208
7527221
7527223
7527225
7527243
7527309
7527370
7527384
7527415
7527430
7527516
7527557
7527683
7527686
7527694
7527709
7527714
7527735
7527777
7527794
7527796
7527815
7527999
7528064
7528087
7528235
7528288
7528295
7528304
7528306
7528338
7528347
7528401
7528413
7528554
7528556
7528580
7528589
7528612
7528635
7528643
7528700
7528717
7528720
7528755
7528764
7528936
7529002
7529004
7529016
7529035
7529933
7529981
7529986
7529987
7529993
7529996
7529997
7530004
7530034
7530075
7530088
7530090
7530112
7530139
7530157
7530254
7530266
7530292
7530306
7530379
7530459
7530527
7530530
7530574
7530577
7530597
7530640
7530653
7530682
7530691
7530701
7530704
7530712
7530729
7530739
7530749
7530764
7530829
7530864
7531046
7531086
7531096
7531107
7531119
7531149
7531156
7531239
7531272
7532249
7532276
7532344
7532361
7532363
7532379
7532395
7532396
7532400
7532434
7532438
7532446
7532543
7532567
7532607
7532629
7532636
7532682
7532696
7532738
7532812
7532832
7532875
7532888
7532906
7532948
7532986
7532987
7532994
7533021
7533055
7533096
7533233
7533251
7533253
7533308
7533332
7533419
7533448
7533468
7533536
7533543
7533635
7533640
7533642
7533650
7533673
7533692
7533705
7533780
7533888
7533901
7533930
7533938
7533952
7533979
7533994
7534047
7534067
7534098
7534136
7534184
7534195
7534239
7534594
7534609
7534666
7534705
7534731
7534737
7534754
7534769
7534790
7534897
7534901
7534945
7534991
7535003
7535009
7535028
7535056
7535059
7535118
7535214
7535352
7535364
7535372
7535389
7535402
7535434
7535439
7535476
7535565
7535583
7535590
7535667
7535694
7535796
7535868
7535872
7535910
7535923
7535980
7535981
7536018
7536062
7536107
7536209
7536244
7536271
7536292
7536327
7536352
7536409
7536513
7536536
7536554
7536559
7536567
7536609
7536712
7536713
7536715
7536803
7536825
7536856
7536899
7536905
7536921
7536943
7536946
7536978
7536980
7537068
7537131
7537132
7537185
7537213
7537230
7537263
7537270
7537271
7537291
7537305
7537311
7537367
7537377
7537431
7537474
7537482
7537629
7537642
7537744
7537793
7537858
7537862
7537873
7537886
7537969
7538016
7538021
7538035
7538056
7538078
7538125
7538137
7538156
7538160
7538201
7538218
7538231
7538268
7538272
7538388
7538484
7538532
7538539
7538558
7538563
7538585
7538597
7538628
7538707
7538725
7538754
7538764
7538768
7538848
7538856
7538910
7538916
7538944
7538953
7539122
7539232
7539249
7539291
7539307
7539333
7539341
7539375
7539392
7539419
7539436
7539540
7539547
7539570
7539592
7539618
7539656
7539658
7539670
7539677
7539703
7539716
7539811
7539823
7539835
7539877
7539930
7539959
7539986
7540050
7540057
7540125
7540134
7540200
7540220
7541233
7541234
7541318
7541416
7541448
7541523
7541560
7541623
7541634
7541963
7541969
7542044
7542085
7542089
7542106
7542122
7542136
7542143
7542173
7542189
7542211
7542329
7542386
7542428
7542447
7542491
7542528
7542596
7542627
7542651
7542759
7542777
7542781
7542801
7542826
7542833
7542839
7542844
7542849
7542851
7542874
7542901
7542973
7542991
7543000
7543008
7543037
7543050
7543089
7543105
7543127
7543198
7543227
7543273
7543387
7543426
7543489
7543516
7543546
7543551
7543565
7543573
7543595
7543610
7543670
7543678
7543797
7543798
7543878
7543913
7543924
7543971
7543973
7544010
7544024
7544075
7544078
7544114
7544125
7544142
7544194
7544230
7544237
7544240
7544253
7544258
7544312
7544347
7544381
7544451
7544477
7544481
7544576
7544582
7544618
7544630
7544633
7544646
7544647
7544653
7544678
7544692
7544709
7544718
7544727
7544761
7544773
7544866
7544893
7544900
7545000
7545009
7545024
7545056
7545089
7545149
7545187
7545200
7545222
7545267
7545325
7545326
7545328
7545363
7545418
7545513
7545521
7545524
7545546
7545580
7545589
7545623
7545625
7545706
7545742
7545762
7545781
7545816
7545912
7545933
7546461
7546497
7546533
7546588
7546620
7546632
7546648
7546669
7546670
7546726
7546731
7546756
7546771
7546803
7546872
7546887
7546980
7546991
7547023
7547032
7547036
7547045
7547072
7547141
7547160
7547237
7547275
7547354
7547495
7547520
7547545
7547644
7547670
7547675
7547735
7547744
7547769
7547806
7547871
7547877
7547894
7547917
7547943
7547973
7548005
7548024
7548038
7548081
7548114
7548153
7548162
7548200
7548275
7548285
7548296
7548306
7548360
7548385
7548435
7548470
7548593
7548609
7548647
7548654
7548679
7548746
7548779
7548843
7548880
7548893
7548902
7548972
7548996
7549061
7549062
7549066
7549113
7549124
7549148
7549169
7549175
7549180
7549182
7549213
7549226
7549231
7549249
7549257
7549260
7549262
7549279
7549287
7549313
7549350
7549426
7549436
7549445
7549457
7549481
7549490
7549500
7549507
7549560
7549567
7549617
7549618
7549633
7549652
7549681
7549694
7549741
7549761
7549826
7549886
7549890
7549895
7549955
7549983
7550015
7550052
7550059
7550163
7550311
7550322
7550354
7550386
7550419
7550424
7550428
7550433
7550460
7550540
7550554
7550566
7550581
7550588
7550606
7550613
7550656
7550716
7550725
7550786
7550802
7550863
7550897
7550918
7550970
7551016
7551024
7551032
7551085
7551089
7551100
7551137
7551141
7551151
7551164
7551254
7551281
7551340
7551361
7551390
7551393
7551411
7551434
7551518
7551525
7551532
7551533
7551569
7551587
7551643
7551655
7551666
7551721
7551734
7551742
7551767
7551768
7551791
7551807
7551956
7551993
7552092
7552132
7552155
7552160
7552163
7552215
7552225
7552227
7552236
7552254
7552279
7552288
7552331
7552354
7552363
7552423
7552424
7552462
7552463
7552473
7552483
7552498
7552503
7552508
7552509
7552513
7552518
7552522
7552540
7552548
7552584
7552620
7552623
7552626
7552641
7552649
7552712
7552718
7552729
7552751
7552820
7552834
7552861
7552867
7552870
7552879
7552893
7552942
7552954
7552955
7552978
7553005
7553067
7553073
7553126
7554153
7554272
7554319
7554348
7554363
7554427
7554459
7554552
7554588
7554743
7554772
7554786
7554819
7554821
7554856
7554870
7554880
7554903
7554928
7554961
7554963
7554999
7555075
7555076
7555117
7555119
7555132
7555146
7555156
7555159
7555185
7555205
7555227
7555261
7555325
7555349
7555363
7555385
7555399
7555424
7555426
7555434
7555451
7555456
7555468
7555502
7555510
7555511
7555539
7555565
7555566
7555573
7555593
7555650
7555684
7555705
7555714
7555724
7555745
7555806
7555807
7555822
7555824
7555831
7555857
7555900
7555953
7555959
7555998
7556008
7556021
7556101
7556154
7556194
7556287
7556289
7556304
7556312
7556333
7556437
7556445
7556448
7556504
7556506
7556541
7556563
7556610
7556618
7556650
7556705
7556756
7556764
7556782
7556785
7556797
7556815
7556839
7556868
7556919
7556923
7557010
7557020
7557040
7557178
7557636
7557741
7557773
7557832
7557862
7557902
7557904
7557909
7557972
7557988
7558023
7558039
7558049
7558061
7558080
7558174
7558192
7558213
7558265
7558275
7558292
7558326
7558377
7558401
7558410
7558470
7558496
7558507
7558531
7558575
7558594
7558637
7558691
7558784
7558828
7558842
7558843
7558863
7558871
7558917
7558929
7558940
7558945
7558967
7558976
7558981
7559005
7559008
7559099
7559113
7559114
7559130
7559198
7559224
7559225
7559303
7559312
7559318
7559334
7559385
7559433
7559458
7559479
7559541
7559563
7559602
7559671
7559706
7559770
7559780
7559843
7559851
7559911
7559942
7559943
7559951
7560040
7560061
7560129
7560160
7560165
7560171
7560206
7560218
7560258
7560265
7560293
7560298
7560303
7560310
7560336
7560348
7560387
7560411
7560432
7560451
7560467
7560512
7560526
7560539
7560540
7560542
7560543
7560602
7560612
7560676
7560686
7560691
7560760
7560761
7560870
7560899
7560988
7560989
7560995
7561044
7561083
7561113
7561157
7561171
7561202
7561208
7561212
7561231
7561250
7561251
7561253
7561264
7561270
7561293
7561404
7561405
7561436
7561525
7561540
7561547
7561595
7561602
7561605
7561620
7561669
7561676
7561677
7561709
7561719
7561722
7561728
7561742
7561756
7561760
7561763
7561814
7561833
7561847
7561864
7561883
7561884
7561931
7561945
7561957
7562552
7562561
7562569
7562612
7562619
7562648
7562692
7562704
7562714
7562730
7562761
7562769
7562772
7562779
7562806
7562830
7562886
7562938
7562941
7562950
7562996
7563012
7563013
7563022
7563145
7563154
7563162
7563165
7563177
7563181
7563194
7563262
7563284
7563322
7563353
7563456
7563474
7563487
7563503
7563522
7563564
7563606
7563611
7563644
7563656
7563675
7563724
7563726
7563741
7563765
7563801
7563842
7563857
7563908
7563941
7563968
7564003
7564118
7564145
7564189
7564210
7564221
7564228
7564230
7564234
7564236
7564284
7564290
7564293
7564306
7564363
7564377
7564378
7564388
7564390
7564400
7564425
7564427
7564469
7564475
7564508
7564551
7564582
7564589
7564596
7564685
7564733
7564759
7564764
7564789
7564826
7564846
7564859
7564903
7564923
7564930
7564935
7564947
7564983
7565008
7565030
7565040
7565050
7565083
7565135
7565138
7565146
7565189
7565191
7565205
7565212
7565216
7565218
7565231
7565239
7565269
7565283
7565307
7565328
7565426
7565456
7565462
7565469
7565476
7565478
7565488
7565566
7565567
7565589
7565635
7565701
7565709
7565718
7565781
7565808
7565829
7565836
7565852
7565888
7565894
7565908
7565927
7566015
7566024
7566044
7566210
7566244
7566252
7566266
7566290
7566302
7566304
7566336
7566380
7566392
7566420
7566453
7566472
7566476
7566486
7566488
7566496
7566503
7566529
7566572
7566614
7566646
7566664
7566716
7566734
7566751
7566753
7566779
7566787
7566809
7566811
7566861
7566873
7566878
7566908
7566924
7566930
7566931
7566933
7566936
7566970
7566971
7567010
7567035
7567037
7567046
7567084
7567087
7567110
7567121
7567266
7567277
7567278
7567333
7567368
7567373
7567394
7567417
7567434
7567437
7567459
7567520
7567560
7567636
7567664
7567689
7567727
7567731
7567782
7567829
7567832
7567879
7567898
7567923
7568021
7568108
7568125
7568148
7568173
7568205
7568235
7568253
7568284
7568296
7568320
7568362
7568390
7568450
7568458
7568473
7568493
7568502
7568516
7568716
7568972
7568976
7569013
7569017
7569023
7569030
7569133
7569171
7569189
7569202
7569220
7569318
7569340
7569346
7569404
7569408
7569434
7569460
7569476
7569481
7569482
7569487
7569504
7569542
7569548
7569578
7569608
7569632
7569705
7569752
7569774
7569814
7569817
7569844
7569863
7569885
7569966
7569967
7569968
7569977
7569995
7569996
7570016
7570179
7570187
7570253
7570310
7570351
7570354
7570374
7570386
7570389
7570413
7570444
7570496
7570512
7570521
7570538
7570577
7570607
7570637
7570639
7570660
7570682
7570696
7570737
7570766
7570772
7570778
7570781
7570785
7570786
7570828
7570900
7570931
7570974
7570976
7570977
7570978
7570981
7570984
7570988
7571031
7571067
7571074
7571084
7571167
7571188
7571189
7571202
7571208
7571220
7571229
7571233
7571245
7571305
7571332
7571333
7571351
7571364
7571462
7571463
7571472
7571480
7571498
7571535
7571598
7571625
7571626
7571653
7571655
7571658
7571666
7571717
7571735
7571747
7571750
7571779
7571781
7571844
7571860
7571906
7571961
7571974
7571998
7572038
7572141
7572159
7572161
7572189
7572196
7572229
7572275
7572289
7572335
7572356
7572360
7572391
7572468
7572469
7572474
7572481
7572634
7572658
7572712
7572745
7572814
7572818
7572862
7572867
7572881
7572907
7573106
7573169
7573223
7573283
7573306
7573326
7573345
7573355
7573378
7573397
7573427
7573452
7573455
7573465
7573487
7573532
7573539
7573555
7573592
7573593
7573621
7573637
7573681
7573685
7573688
7573739
7573741
7573743
7573786
7573803
7573827
7573885
7573888
7573903
7573905
7573913
7573929
7573937
7573948
7574020
7574057
7574087
7574107
7574108
7574124
7574157
7574176
7574235
7574236
7574278
7574287
7574289
7574369
7574394
7574429
7574438
7574448
7574462
7574497
7574533
7574608
7574694
7574722
7574761
7574764
7574849
7574862
7574864
7574888
7574920
7574922
7574942
7574960
7574970
7574972
7575001
7575019
7575039
7575042
7575059
7575067
7575126
7575138
7575173
7575174
7575233
7575239
7575242
7575244
7575267
7575287
7575308
7575323
7575324
7575354
7575361
7575378
7575413
7575422
7575517
7575544
7575602
7575612
7575617
7575638
7575698
7575747
7575792
7575845
7575943
7575959
7575980
7576030
7576035
7576073
7576084
7576098
7576120
7576145
7576170
7576173
7576180
7576188
7576214
7576245
7576254
7576265
7576273
7576314
7576367
7576374
7576415
7576455
7576459
7576544
7576569
7576593
7576644
7576698
7576765
7576774
7576786
7576795
7576798
7576842
7576887
7576908
7576930
7576943
7576956
7576966
7576973
7576989
7577001
7577009
7577024
7577033
7577043
7577125
7577143
7577144
7577182
7577215
7577259
7577299
7577317
7577322
7577449
7577527
7577553
7577571
7577600
7577606
7577608
7577624
7577635
7577638
7577661
7577678
7577690
7577713
7577745
7577757
7577763
7577770
7577771
7577772
7577819
7577975
7577993
7578003
7578017
7578051
7578094
7578100
7578208
7578385
7578386
7578504
7578831
7578836
7578937
7578948
7578953
7578957
7578964
7578971
7578991
7578998
7579006
7579090
7579145
7579176
7579187
7579234
7579238
7579247
7579298
7579318
7579337
7579389
7579530
7579569
7579587
7579598
7579612
7579651
7579661
7579710
7579727
7579735
7579739
7579768
7579778
7579784
7579816
7579819
7579827
7579832
7579839
7579848
7579850
7579853
7579895
7579974
7580034
7580086
7580099
7580100
7580111
7580248
7580269
7580271
7580275
7580278
7580284
7580292
7580300
7580338
7580372
7580388
7580405
7580411
7580471
7580484
7580486
7580495
7580505
7580542
7580562
7580565
7580594
7580596
7580714
7580749
7580784
7580926
7581001
7581036
7581051
7581076
7581096
7581110
7581122
7581160
7581259
7581283
7581479
7581482
7581503
7581516
7581521
7581557
7581558
7581614
7581659
7581699
7581700
7581733
7581762
7581770
7581792
7581832
7581845
7581895
7581953
7581992
7581994
7582091
7582167
7582211
7582216
7582236
7582248
7582284
7582289
7582300
7582312
7582331
7582337
7582343
7582352
7582389
7582404
7582407
7582437
7582443
7582511
7582578
7582624
7582653
7582699
7582708
7582711
7582734
7582749
7582752
7582777
7582792
7582837
7582863
7582872
7582877
7582878
7582935
7582940
7582961
7582998
7583007
7583042
7583044
7583053
7583061
7583105
7583106
7583112
7583156
7583185
7583192
7583237
7583289
7583323
7583324
7583343
7583370
7583373
7583407
7583467
7583535
7583600
7583632
7583634
7583637
7583697
7583700
7583705
7583715
7583719
7583749
7583760
7583796
7583836
7583854
7583871
7583879
7583919
7583923
7584013
7584085
7584111
7584123
7584125
7584127
7584157
7584206
7584242
7584276
7584409
7584423
7584481
7584509
7584524
7584552
7584559
7584576
7584579
7584591
7584614
7584617
7584623
7584632
7584657
7584663
7584692
7584705
7584709
7584844
7584897
7584910
7584934
7584937
7585097
7585104
7585165
7585172
7585181
7585249
7585261
7585262
7585340
7585378
7585442
7585509
7585514
7585540
7585659
7585702
7585703
7585706
7585724
7585734
7585736
7585737
7585746
7585774
7585775
7585795
7585803
7585921
7585944
7585956
7585979
7586008
7586026
7586027
7586045
7586047
7586049
7586080
7586105
7586113
7586117
7586118
7586157
7586341
7586342
7586345
7586350
7586387
7586416
7586428
7586457
7586459
7586461
7586465
7586491
7586493
7586504
7586541
7586580
7586597
7586599
7586615
7586642
7586672
7586695
7586745
7586755
7586892
7586916
7587030
7587062
7587064
7587093
7587096
7587099
7587142
7587168
7587179
7587238
7587244
7587264
7587268
7587276
7587283
7587288
7587331
7587350
7587355
7587391
7587436
7587444
7587459
7587469
7587505
7587509
7587631
7587669
7587670
7587684
7587692
7587721
7587731
7587742
7587753
7587841
7587849
7587903
7587936
7587948
7588003
7588023
7588027
7588048
7588065
7588122
7588161
7588179
7588188
7588232
7588308
7588318
7588325
7588332
7588393
7588396
7588439
7588459
7588462
7588463
7588500
7588510
7588608
7588615
7588661
7588750
7588758
7588770
7588777
7588796
7588830
7588837
7588856
7588906
7588955
7588961
7589015
7589154
7589235
7589280
7589315
7589323
7589345
7589369
7589388
7589400
7589401
7589406
7589410
7589422
7589449
7589500
7589546
7589561
7589564
7589567
7589570
7589572
7589580
7589594
7589726
7589804
7589876
7589887
7589896
7589897
7589905
7589921
7589969
7589976
7589977
7589982
7590018
7590029
7590131
7590136
7590153
7590165
7590193
7590196
7590233
7590253
7590277
7590278
7590306
7590383
7590391
7590398
7590423
7590424
7590514
7590517
7590566
7590574
7590605
7590610
7590622
7590647
7590682
7590691
7590712
7590713
7590722
7590853
7591013
7591019
7591091
7591094
7591105
7591127
7591129
7591159
7591186
7591217
7591244
7591253
7591267
7591345
7591367
7591384
7591413
7591416
7591484
7591491
7591507
7591522
7591557
7591578
7591586
7591591
7591598
7591606
7591621
7591641
7591741
7591755
7591760
7591780
7591781
7591811
7591833
7591858
7591867
7591868
7591872
7591882
7591898
7591912
7591938
7592018
7592025
7592042
7592046
7592073
7592090
7592123
7592131
7592147
7592150
7592166
7592189
7592210
7592223
7592275
7592309
7592334
7592369
7592371
7592406
7592422
7592424
7592478
7592479
7592487
7592510
7592523
7592536
7592662
7592663
7592688
7592703
7592712
7592775
7592826
7592845
7592885
7592921
7593130
7593143
7593144
7593155
7593164
7593172
7593189
7593201
7593212
7593239
7593247
7593261
7593267
7593272
7593326
7593384
7593388
7593406
7593411
7593422
7593423
7593425
7593456
7593458
7593479
7593537
7593555
7593556
7593576
7593637
7593704
7593710
7593770
7593773
7593788
7593805
7593823
7593824
7593856
7594015
7594040
7594058
7594081
7594187
7594194
7594232
7594288
7594310
7594324
7594400
7594411
7594416
7594439
7594460
7594490
7594500
7594620
7594641
7594660
7594669
7594681
7594691
7594760
7594795
7594799
7594825
7594837
7594887
7594896
7594907
7594931
7594958
7594991
7595201
7595275
7595314
7595321
7595365
7595393
7595394
7595402
7595424
7595517
7595521
7595597
7595736
7595740
7595742
7595767
7595793
7595801
7595814
7595982
7595991
7596003
7596020
7596073
7596076
7596087
7596089
7596135
7596183
7596196
7596207
7596211
7596218
7596261
7596298
7596307
7596459
7596499
7596549
7596639
7596650
7596658
7596678
7596681
7596689
7596709
7596710
7596713
7596736
7596747
7596804
7596861
7596863
7596873
7596890
7596891
7596923
7596948
7596979
7597057
7597068
7597081
7597101
7597106
7597121
7597122
7597176
7597209
7597271
7597300
7597362
7597402
7597406
7597412
7597417
7597422
7597494
7597562
7598816
7598928
7599159
7599160
7599392
7599483
7599526
7599699
7599942
7600043
7600083
7600114
7600127
7600188
7600190
7600198
7600200
7600262
7600287
7600301
7600310
7600342
7600376
7600385
7600472
7600481
7600563
7600567
7600586
7600590
7600610
7600627
7600633
7600635
7600640
7600652
7600736
7600961
7601053
7601066
7601172
7601179
7601207
7601227
7602371
7602406
7602415
7602435
7602451
7602547
7602550
7602618
7602630
7602638
7602657
7602699
7602717
7603959
7604026
7604198
7604231
7604334
7604362
7604365
7604373
7604375
7604418
7604421
7604621
7604672
7604708
7604735
7604788
7604875
7605259
7605399
7605407
7605572
7605794
7605943
7605944
7605946
7605949
7606314
7606386
7606388
7606526
7606574
7606598
7606623
7606626
7606642
7606648
7606806
7606835
7606841
7606890
7606997
7607010
7607093
7607137
7607158
7607164
7607177
7607186
7607213
7607223
7607297
7607344
7607525
7607563
7607801
7607810
7608195
7608199
7608231
7608371
7608417
7608442
7608466
7608469
7608522
7608728
7608818
7608986
7608989
7608990
7609097
7609203
7609224
7609267
7609292
7609350
7609480
7609634
7609648
7609686
7609708
7609730
7609802
7609834
7609860
7609866
7609898
7609910
7609912
7610004
7610078
7610088
7610095
7610147
7610152
7610192
7610196
7610237
7610299
7610312
7610359
7610369
7610413
7610432
7610447
7610523
7610592
7610619
7610638
7610689
7610705
7610738
7610756
7610757
7610758
7610764
7610818
7610833
7610874
7610902
7610904
7610922
7610951
7610980
7611030
7611067
7611073
7611101
7611130
7611162
7611167
7611212
7611262
7611280
7611289
7611337
7611365
7611387
7611402
7611443
7611458
7611477
7611554
7611571
7611642
7611676
7611705
7611707
7611714
7611732
7611760
7611775
7611864
7611880
7611888
7611891
7612001
7612024
7612059
7612067
7612107
7612129
7612140
7612144
7612147
7612198
7612207
7612277
7612286
7612338
7612352
7612358
7612363
7612366
7612376
7612419
7612420
7612480
7612505
7612506
7612514
7612515
7612530
7612615
7612618
7612648
7612691
7612735
7612785
7612823
7612869
7612905
7612944
7612959
7612981
7613043
7613048
7613106
7613121
7613142
7613147
7613266
7613308
7613325
7613344
7613416
7613450
7613510
7613621
7613624
7613647
7613678
7613721
7613736
7613834
7613864
7613894
7613901
7613907
7613948
7613978
7614161
7614163
7614210
7614236
7614256
7614270
7614333
7614337
7614349
7614391
7614394
7614479
7614488
7614548
7614553
7614559
7614571
7614587
7614588
7614624
7614629
7614650
7614664
7614672
7614742
7614790
7614995
7614997
7615019
7615071
7615079
7615103
7615140
7615144
7615306
7615375
7615570
7615598
7615639
7615658
7615682
7615738
7615796
7615829
7615840
7615916
7615926
7615944
7616003
7616010
7616022
7616040
7616060
7616104
7616124
7616128
7616150
7616191
7616222
7616269
7616278
7616497
7616505
7616535
7616540
7616611
7616626
7616651
7616662
7616684
7616736
7616826
7616833
7616846
7616909
7616934
7616941
7616956
7616993
7617012
7617020
7617103
7617117
7617212
7617266
7617299
7617314
7617320
7617338
7617366
7617466
7617478
7617518
7617580
7617641
7617660
7617693
7617818
7617886
7617986
7618033
7618039
7618066
7618146
7618161
7618198
7618246
7618258
7618272
7618279
7618282
7618315
7618346
7618362
7618461
7618469
7618494
7618632
7618648
7618707
7618711
7618712
7618722
7618731
7618765
7618780
7618798
7618817
7618832
7618850
7618889
7618991
7619092
7619103
7619132
7619163
7619193
7619308
7619322
7619351
7619389
7619392
7619486
7619495
7619541
7619543
7619546
7619559
7619578
7619605
7619666
7619702
7619703
7619705
7620840
7620951
7621002
7621024
7621068
7621079
7621094
7621100
7621110
7621165
7621183
7621209
7621245
7621261
7621340
7621353
7621368
7621492
7621551
7621609
7621650
7621728
7621744
7621808
7621834
7621901
7621981
7622048
7622227
7622240
7622428
7622441
7622442
7622458
7622497
7622498
7622538
7622559
7622632
7622755
7622783
7622792
7622808
7622855
7623010
7623033
7623053
7623208
7623242
7623341
7623393
7623480
7623526
7623546
7623604
7623629
7623632
7623633
7623638
7623641
7623653
7623665
7623705
7623728
7623778
7623785
7623792
7623831
7623836
7623842
7623843
7623864
7623896
7624070
7624257
7624354
7624403
7624654
7624737
7624901
7624957
7625017
7625019
7625032
7625108
7625290
7625363
7625396
7625522
7625534
7625535
7625552
7625554
7625573
7625583
7625614
7625641
7625646
7625656
7625665
7625670
7625728
7625768
7625870
7625998
7626106
7626118
7626186
7626307
7626324
7626336
7626416
7626435
7626477
7626496
7626501
7626533
7626541
7626580
7626666
7626714
7626750
7626757
7626763
7626823
7626903
7626912
7627023
7627056
7627137
7627290
7627325
7627334
7627356
7627380
7627399
7627442
7627463
7627485
7627489
7627505
7627643
7627688
7627798
7627853
7627858
7627896
7627939
7627944
7628065
7628130
7628164
7628214
7628216
7628233
7628278
7628327
7628442
7628506
7628515
7628543
7628552
7628606
7628607
7628652
7628697
7628724
7628754
7628776
7628827
7628850
7628874
7628887
7628945
7628947
7629067
7629101
7629148
7629253
7629259
7629264
7629273
7629282
7629298
7629345
7629375
7629384
7629436
7629475
7629541
7629642
7629664
7629669
7629763
7629803
7629833
7629867
7629872
7629954
7630067
7630075
7630105
7630180
7630214
7630324
7630349
7630407
7630434
7630459
7630465
7630529
7630612
7630689
7630702
7630716
7630912
7630917
7630929
7630931
7630963
7630980
7630989
7631031
7631081
7631138
7631143
7631151
7631162
7631211
7631222
7631275
7631357
7631409
7631415
7631418
7631420
7631422
7631424
7631428
7631485
7631501
7631649
7631672
7631718
7631726
7631751
7631759
7631763
7631817
7631885
7631935
7632009
7632067
7632095
7632145
7632158
7632181
7632190
7632206
7632243
7632254
7632271
7632378
7632382
7632435
7632440
7632442
7632446
7632473
7632480
7632486
7632528
7632534
7632605
7632632
7632637
7632671
7632676
7632703
7632718
7632813
7632820
7632911
7632914
7632916
7633058
7633114
7633116
7633135
7633163
7633185
7633276
7633326
7633348
7633364
7633392
7633546
7633589
7633609
7633638
7633654
7633663
7633892
7633925
7633952
7633960
7633972
7634017
7634156
7634192
7634230
7634236
7634310
7634311
7634355
7634358
7634395
7634547
7634618
7634722
7634723
7634892
7634893
7634999
7635059
7635077
7635084
7635102
7635113
7635129
7635140
7635162
7635172
7635257
7635333
7635462
7635497
7635505
7635540
7635601
7635640
7635677
7635678
7635756
7635828
7635866
7635869
7635872
7635889
7635890
7635944
7635945
7636014
7636029
7636075
7636104
7636144
7636168
7636179
7636191
7636212
7636214
7636218
7636272
7636295
7636337
7636350
7636416
7636427
7636458
7636499
7636519
7636547
7636582
7636589
7636603
7636606
7636609
7636648
7636690
7636697
7636714
7636768
7636783
7636786
7636795
7636896
7636898
7636973
7636974
7636992
7637015
7637092
7637197
7637236
7637268
7637414
7637425
7637493
7637507
7637536
7637559
7637589
7637637
7637641
7637646
7637704
7637710
7637737
7637782
7637783
7637856
7637871
7637882
7637885
7637918
7637928
7637940
7637959
7637962
7638035
7638084
7638197
7638295
7638312
7638413
7638444
7638454
7638547
7638573
7638655
7638687
7638743
7638773
7638855
7638878
7638925
7639033
7639106
7639122
7639132
7639180
7639213
7639316
7639323
7639423
7639504
7639550
7639582
7639651
7639758
7639809
7639862
7639907
7639914
7639928
7639965
7639967
7639981
7640044
7640067
7640070
7640118
7640302
7640322
7640337
7640368
7640442
7640507
7640519
7640553
7640572
7640573
7640585
7640594
7640660
7640682
7640734
7640753
7640947
7641019
7641049
7641086
7641148
7641155
7641187
7641256
7641279
7641303
7641348
7641353
7641363
7641444
7641474
7641514
7641621
7641630
7641681
7641693
7641745
7641793
7641883
7641946
7642006
7642012
7642013
7642022
7642040
7642061
7642084
7642103
7642110
7642118
7642137
7642140
7642154
7642245
7642322
7642323
7642335
7642400
7642442
7642453
7642470
7642500
7642511
7642547
7642561
7642602
7642749
7642780
7642783
7642844
7642847
7642893
7642899
7642969
7643055
7643060
7643072
7643078
7643127
7643152
7643199
7643201
7643206
7643275
7643286
7643289
7643335
7643350
7643386
7643390
7643444
7643554
7643564
7643565
7643598
7643650
7643656
7643671
7643693
7643701
7643762
7643790
7643816
7643841
7643850
7643876
7643897
7643939
7644034
7644079
7644155
7644227
7644233
7644281
7644294
7644298
7644315
7644401
7644409
7644412
7644419
7644421
7644431
7644503
7644560
7644588
7644601
7644704
7644709
7644758
7644804
7644815
7644838
7644885
7644910
7644914
7644944
7644959
7644967
7644971
7644992
7644993
7645005
7645059
7645086
7645124
7645141
7645181
7645201
7645239
7645266
7645268
7645331
7645347
7645409
7645536
7645568
7645613
7645651
7645673
7645674
7645710
7645716
7645729
7645745
7645755
7645802
7645803
7645825
7645865
7645869
7645919
7645946
7645991
7646007
7646020
7646057
7646058
7646107
7646120
7646129
7646134
7646151
7646165
7646166
7646222
7646230
7646243
7646283
7646287
7646299
7646306
7646310
7646311
7646314
7646325
7646349
7646356
7646415
7646431
7646434
7646472
7646586
7646635
7646671
7646697
7646703
7646734
7646753
7646792
7646829
7646860
7646909
7646912
7646913
7646956
7647007
7647013
7647019
7647088
7647110
7647221
7647251
7647258
7647259
7647272
7647300
7647352
7647355
7647358
7647380
7647397
7647463
7647467
7647475
7647489
7647544
7647549
7647558
7647568
7647653
7647675
7647689
7647696
7647700
7647732
7647739
7647756
7647772
7647778
7647804
7647824
7647831
7647863
7647956
7647969
7648019
7648031
7648041
7648093
7648094
7648101
7648119
7648162
7648195
7648196
7648205
7648227
7648250
7648284
7648389
7648443
7648453
7648469
7648488
7648503
7648506
7648511
7648578
7648609
7648687
7648694
7648713
7648718
7648743
7648749
7648760
7648773
7648797
7648800
7648810
7648885
7649021
7649044
7649063
7649091
7649145
7649225
7649320
7649322
7649342
7649381
7649406
7649407
7649415
7649447
7649475
7649512
7649542
7649571
7649704
7650039
7650111
7650112
7650115
7650154
7650197
7650203
7650248
7650276
7650306
7650323
7650341
7650354
7650385
7650411
7650416
7650482
7650508
7650568
7650576
7650594
7650627
7650659
7650666
7650676
7650725
7650726
7650774
7650781
7650875
7650907
7650908
7650916
7650925
7650928
7650930
7650962
7651093
7651197
7651210
7651229
7651286
7651374
7651388
7651389
7651395
7651450
7651460
7651541
7651548
7651585
7651624
7651711
7651743
7651744
7651851
7651871
7651896
7651897
7651901
7651950
7651977
7652007
7652016
7652046
7652049
7652052
7652053
7652054
7652068
7652089
7652097
7652115
7652220
7652226
7652285
7652308
7652309
7652324
7652326
7652334
7652352
7652373
7652374
7652394
7652423
7652431
7652458
7653512
7653517
7653522
7654550
7654594
7654685
7654697
7654698
7654713
7654725
7654734
7654763
7654803
7654849
7654874
7654881
7654909
7654910
7654912
7654953
7654971
7654978
7654980
7655036
7655074
7655134
7655148
7655159
7655271
7655312
7655338
7655341
7655366
7655477
7655497
7655551
7655557
7655579
7655622
7655629
7655661
7655670
7655671
7655693
7655772
7655781
7655790
7655862
7656008
7656016
7656068
7656079
7656115
7656149
7656160
7656162
7656195
7656202
7656248
7656358
7656369
7656467
7656503
7656506
7656515
7656560
7656564
7656565
7656596
7656623
7656675
7656690
7656730
7656734
7656844
7656929
7656950
7656960
7657000
7657016
7657024
7657069
7657139
7657158
7657219
7657226
7657298
7657318
7657332
7657356
7657434
7657467
7657473
7657598
7657599
7657612
7657625
7657644
7657653
7657654
7657669
7657683
7657692
7657775
7657778
7657825
7657853
7657869
7657907
7657920
7657968
7658052
7658064
7658099
7658108
7658166
7658168
7658180
7658185
7658202
7658215
7658246
7658298
7658436
7658445
7658471
7658473
7658496
7658526
7658571
7658687
7658694
7658759
7658781
7658811
7658973
7658998
7659006
7659042
7659129
7659151
7659163
7659259
7659309
7659343
7659350
7659393
7659437
7659439
7659446
7659534
7659550
7659622
7659633
7659721
7659735
7659743
7659863
7659864
7659909
7659985
7659992
7660003
7660007
7660209
7660233
7660247
7660248
7660269
7660270
7660298
7660300
7660339
7660378
7660398
7660411
7660444
7660578
7660613
7660641
7660656
7660739
7660741
7660795
7660984
7661042
7661061
7661167
7661177
7661185
7661571
7661630
7661713
7661834
7661964
7661972
7662056
7662066
7662106
7662165
7662271
7662272
7662284
7662314
7662315
7662324
7662340
7662376
7662493
7662518
7662520
7662523
7662587
7662597
7662728
7662733
7662763
7662800
7662807
7662809
7662820
7662825
7662847
7662861
7662865
7662931
7663088
7663093
7663160
7663168
7663234
7663277
7663284
7663297
7663313
7663375
7663394
7663458
7663506
7663581
7663590
7663591
7663597
7663620
7663621
7663669
7663690
7663691
7663721
7663770
7663798
7663813
7663889
7663894
7664011
7664084
7664093
7664260
7664263
7664272
7664325
7664403
7664462
7664481
7664520
7664543
7664551
7664581
7664619
7664635
7664671
7664731
7664745
7664770
7664779
7664845
7664848
7664853
7664867
7664909
7664923
7664929
7664945
7665007
7665025
7665062
7665079
7665085
7665107
7665108
7665120
7665175
7665249
7665273
7665384
7665392
7665439
7665481
7665550
7665554
7665709
7665725
7665745
7665751
7665754
7665777
7665868
7665903
7665905
7665925
7665932
7665963
7665967
7666008
7666018
7666132
7666174
7666210
7666215
7666218
7666239
7666269
7666282
7666288
7666319
7666330
7666352
7666499
7666526
7666552
7666611
7666630
7666665
7666692
7666695
7666705
7666714
7666820
7666823
7666891
7666913
7666926
7666949
7666953
7667043
7667137
7667149
7667168
7667226
7667227
7667255
7667272
7667338
7667425
7667448
7667458
7667510
7667535
7667590
7667600
7667610
7667622
7667633
7667642
7667662
7667691
7667697
7667716
7667729
7667753
7667764
7667801
7667946
7668010
7668109
7668111
7668112
7668268
7668321
7668323
7668338
7668352
7668439
7668460
7668463
7668491
7668538
7668545
7668577
7668609
7668654
7668684
7668703
7668782
7668811
7668874
7668934
7668978
7669006
7669061
7669085
7669103
7669153
7669238
7669259
7669334
7669357
7669362
7669419
7669450
7669468
7669473
7669509
7669557
7669600
7669620
7669629
7669690
7669713
7669733
7669735
7669751
7669753
7669785
7669853
7669864
7669946
7669954
7670048
7670059
7670123
7670203
7670286
7670299
7670332
7670355
7670374
7670417
7670501
7670504
7670507
7670516
7670546
7670616
7670638
7670643
7670664
7670692
7670693
7670750
7670753
7670783
7670811
7671011
7671127
7671174
7671182
7671193
7671195
7671199
7671263
7671280
7671335
7671391
7671461
7671582
7671584
7671591
7671705
7671722
7672028
7672087
7672096
7672120
7672161
7672193
7672232
7672273
7672305
7672308
7672313
7672324
7672332
7672340
7672386
7672416
7672514
7672554
7672558
7672604
7672680
7672701
7672709
7672727
7672749
7672761
7672771
7672772
7672775
7672782
7672795
7672812
7672817
7672844
7672878
7672913
7672921
7673023
7673050
7673058
7673113
7673137
7673138
7673149
7673297
7673357
7673385
7673399
7673423
7673449
7673454
7673474
7673485
7673521
7673532
7673581
7673597
7673642
7673674
7673717
7673737
7673773
7673841
7673848
7673873
7673881
7673930
7673955
7673959
7673986
7673997
7674012
7674020
7674103
7674104
7674139
7674161
7674166
7674198
7674200
7674214
7674233
7674245
7674246
7674293
7674301
7674364
7674390
7674446
7674452
7674474
7674501
7674657
7674659
7674679
7674751
7674755
7674777
7674808
7674826
7674830
7674837
7674913
7674956
7674974
7675007
7675081
7675122
7675141
7675144
7675162
7675172
7675209
7675303
7675363
7675364
7675376
7675399
7675443
7675496
7675500
7675567
7675570
7675592
7675596
7675649
7675675
7675794
7675931
7675943
7675957
7676003
7676031
7676067
7676089
7676130
7676207
7676440
7676485
7676546
7676548
7676553
7676565
7676630
7676786
7676803
7676820
7676831
7676868
7676903
7676939
7676966
7677047
7677060
7677064
7677094
7677097
7677116
7677162
7677174
7677177
7677279
7677282
7677285
7677368
7677386
7677409
7677413
7677498
7677516
7677548
7677665
7677682
7677711
7677767
7677772
7677776
7677835
7677912
7677956
7677993
7678022
7678066
7678068
7678084
7678092
7678094
7678096
7678284
7678308
7678373
7678592
7678687
7678695
7678709
7678878
7678918
7678945
7678966
7678970
7679093
7679104
7679130
7679141
7679145
7679170
7679226
7679230
7679254
7679308
7679313
7679324
7679350
7679425
7679433
7679521
7679529
7679629
7679666
7679711
7679717
7679733
7679789
7679971
7679985
7680005
7680010
7680102
7680111
7680127
7680254
7680270
7680299
7680316
7680328
7680446
7680503
7680524
7680544
7680603
7680643
7680709
7680714
7680750
7680806
7680857
7680872
7680935
7680943
7681134
7681457
7681513
7681532
7681550
7681562
7681564
7681598
7681619
7681686
7681689
7681752
7681771
7681848
7681851
7681910
7681934
7681953
7682028
7682069
7682080
7682083
7682152
7682199
7682223
7682243
7682271
7682313
7682375
7682394
7682413
7682421
7682434
7682474
7682502
7682554
7682558
7682596
7682597
7682602
7682608
7682645
7682659
7682668
7682722
7682788
7682802
7682823
7682835
7682853
7682856
7682869
7682881
7682975
7682993
7683031
7683053
7683133
7683278
7683293
7683312
7683419
7683461
7683467
7683468
7683492
7683540
7683572
7683619
7683764
7683776
7683782
7683900
7683913
7683929
7683997
7684039
7684047
7684056
7684153
7684164
7684215
7684241
7684301
7684319
7684325
7684349
7684420
7684439
7684468
7684484
7684519
7684565
7684574
7684595
7684632
7684641
7684642
7684653
7684668
7684770
7684806
7684830
7684851
7684890
7684891
7684894
7684914
7684932
7684956
7684988
7685005
7685022
7685028
7685088
7685139
7685205
7685217
7685225
7685258
7685349
7685359
7685389
7685450
7685466
7685473
7685494
7685537
7685587
7685634
7685640
7685642
7685661
7685742
7685773
7685800
7685932
7685944
7685951
7685959
7685994
7686387
7686872
7687267
7687298
7687338
7687423
7687455
7687540
7687571
7687587
7687604
7687608
7687666
7687797
7687819
7687823
7687842
7687921
7687953
7687997
7688041
7688059
7688130
7688213
7688246
7688253
7688263
7688269
7688282
7688324
7688333
7688337
7688349
7688357
7688370
7688378
7688465
7688469
7688499
7688503
7688530
7688665
7688679
7688794
7688872
7689007
7689030
7689079
7689080
7689084
7689162
7689203
7689234
7689262
7689265
7689339
7689347
7689380
7689398
7689445
7689521
7689522
7689548
7689582
7689597
7689639
7689661
7689680
7689755
7689786
7689789
7689875
7689884
7689902
7689917
7689924
7689939
7689974
7689979
7690069
7690139
7690189
7690237
7690312
7690315
7690479
7690529
7690531
7690555
7690566
7690609
7690613
7690642
7690646
7690711
7690743
7690789
7690791
7690820
7690825
7690843
7690847
7690894
7690898
7690902
7690936
7690984
7691113
7691621
7691658
7691721
7691747
7691798
7691807
7691826
7691849
7691891
7691961
7691991
7692013
7692098
7692112
7692166
7692195
7692209
7692256
7692272
7692282
7692283
7692285
7692323
7692348
7692450
7692457
7692542
7692544
7692585
7692596
7692652
7692655
7692690
7692709
7692725
7692737
7692739
7692761
7692795
7692910
7692923
7692950
7692974
7693031
7693035
7693113
7693199
7693242
7693367
7693368
7693398
7693427
7693452
7693457
7693513
7693668
7693767
7693775
7693789
7693802
7693835
7693906
7693914
7693929
7693989
7693998
7694004
7694080
7694087
7694149
7694190
7694212
7694214
7694226
7694228
7694230
7694244
7694307
7694318
7694332
7694355
7694362
7694385
7694428
7694432
7694489
7694507
7694530
7694531
7694592
7694663
7694708
7694744
7694759
7694792
7694837
7694866
7694869
7694889
7694930
7694964
7694980
7695166
7695264
7695289
7695305
7695314
7695366
7695413
7695443
7695448
7695477
7695563
7695564
7695571
7695584
7695630
7695639
7695647
7695674
7695687
7695688
7695689
7695713
7695753
7695768
7695772
7695828
7695842
7695847
7695854
7695894
7695910
7695972
7695973
7696049
7696063
7696080
7696081
7696105
7696130
7696191
7696204
7696209
7696230
7696269
7696287
7696339
7696357
7696382
7696393
7696408
7696529
7696537
7696546
7696646
7696707
7696710
7696750
7696788
7696807
7696875
7696883
7696896
7696913
7696927
7696931
7696966
7696978
7696980
7697025
7697114
7697132
7697137
7697162
7697169
7697183
7697205
7697264
7697268
7697388
7697438
7697561
7697562
7697627
7697632
7697650
7697697
7697708
7697715
7697730
7697770
7697837
7697847
7697895
7697928
7697981
7697997
7697999
7698005
7698045
7698057
7698115
7698143
7698155
7698159
7698215
7698234
7698788
7698906
7698916
7698997
7699009
7699011
7699024
7699052
7699064
7699078
7699085
7699182
7699201
7699218
7699255
7699264
7699304
7699312
7699348
7699426
7699451
7699461
7699474
7699475
7699617
7699694
7699700
7699726
7699774
7699869
7699993
7700078
7700079
7700117
7700128
7700171
7700188
7700238
7700266
7700303
7700350
7700353
7700369
7700382
7700413
7700437
7700470
7700481
7700490
7700500
7700584
7700662
7700756
7700761
7700802
7700823
7700874
7700885
7700932
7700939
7700954
7700978
7701082
7701085
7701100
7701119
7701126
7701143
7701152
7701160
7701229
7701306
7701340
7701366
7701380
7701393
7701403
7701468
7701588
7701596
7701614
7701696
7701717
7701725
7701807
7701907
7701917
7701941
7701983
7701999
7702005
7702038
7702057
7702062
7702089
7702100
7702186
7702191
7702193
7702199
7702258
7702323
7702377
7702449
7702490
7702492
7702505
7702522
7702623
7702682
7702694
7702717
7702755
7702759
7702852
7702919
7702962
7703013
7703014
7703021
7703024
7703038
7703073
7703113
7703119
7703121
7703150
7703204
7703299
7703373
7703430
7703505
7703542
7703630
7703774
7703833
7703850
7703858
7703881
7703888
7703958
7704088
7704095
7704156
7704211
7704250
7704258
7704330
7704436
7704572
7704628
7704694
7704719
7704733
7704762
7704816
7704822
7704943
7704956
7705143
7705217
7705321
7705322
7705341
7705393
7705417
7705860
7705912
7706155
7706173
7706181
7706211
7706271
7706275
7706342
7706496
7706552
7706609
7706614
7706627
7706638
7706670
7706688
7706732
7706791
7706821
7706822
7706853
7706953
7706957
7706979
7706984
7707009
7707031
7707061
7707071
7707078
7707175
7707188
7707266
7707299
7707315
7707342
7707379
7707399
7707403
7707421
7707519
7707521
7707556
7707564
7707568
7707622
7707629
7707644
7707693
7707737
7707771
7707799
7707829
7707839
7707878
7707891
7707893
7707914
7707926
7707931
7708090
7708098
7708106
7708125
7708141
7708188
7708316
7708324
7708353
7708477
7708500
7708516
7708535
7708577
7708607
7708695
7708707
7708722
7708742
7708812
7708829
7708913
7708933
7708939
7708986
7709030
7709116
7709126
7709266
7709280
7709301
7709312
7709314
7709369
7710087
7710172
7710203
7710219
7710309
7710402
7710456
7710476
7710496
7710525
7710642
7710668
7710680
7710691
7710711
7710715
7710793
7710838
7710904
7710915
7710917
7711070
7711101
7711171
7711214
7711281
7711299
7711367
7711399
7711486
7711516
7711527
7711530
7711534
7711544
7711626
7711659
7711728
7711733
7711738
7711757
7711832
7711844
7711874
7711935
7711942
7711952
7711962
7712021
7712098
7712192
7712204
7712212
7712234
7712259
7712297
7712332
7712378
7712385
7712398
7712593
7712619
7712666
7712711
7712809
7712902
7712932
7713011
7713141
7713205
7713213
7713242
7713287
7713410
7713590
7713706
7713843
7713903
7714998
7717242
7717761
7717815
7717858
7717910
7717915
7717918
7717953
7718055
7718127
7718135
7718171
7718229
7718308
7718398
7718491
7718519
7718530
7718559
7718599
7718605
7718622
7718657
7718780
7718796
7718838
7718846
7718894
7718937
7718943
7718967
7718987
7719005
7719012
7719014
7719132
7719138
7719159
7719195
7719222
7719296
7719430
7719511
7719524
7719537
7719539
7719542
7719638
7719659
7719671
7719798
7719821
7719835
7719842
7719855
7720091
7720123
7720128
7720144
7720206
7720226
7720295
7720319
7720320
7720342
7720367
7720396
7720428
7720436
7720515
7720528
7720543
7720556
7720596
7720597
7720647
7720649
7720733
7720738
7720781
7720913
7720941
7720949
7720975
7721037
7721046
7721050
7721166
7721193
7721199
7721218
7721225
7721331
7721346
7721434
7721550
7721625
7722260
7722280
7722282
7722301
7722311
7722329
7722393
7722428
7722438
7722471
7722478
7722505
7722525
7722651
7722655
7722735
7722765
7722773
7722776
7722848
7722852
7722906
7722920
7722999
7723008
7723058
7723081
7723096
7723132
7723139
7723231
7723409
7723430
7723449
7723452
7723489
7723515
7723529
7723585
7723597
7723604
7723608
7723617
7723627
7723635
7723653
7723669
7723714
7723752
7723758
7723770
7723822
7723824
7723855
7723904
7723923
7723985
7723997
7724039
7724045
7724068
7724080
7724107
7724153
7724154
7724166
7724212
7724270
7724287
7724312
7724324
7724374
7724382
7724389
7724398
7724427
7724446
7724448
7724856
7724877
7724894
7725124
7725183
7725210
7725218
7725232
7725249
7725262
7725349
7725377
7725456
7725459
7725520
7725526
7725568
7725603
7725614
7725616
7725680
7725711
7725724
7725729
7725763
7725805
7725825
7725827
7725860
7725894
7725922
7725931
7725967
7726043
7726054
7726076
7726096
7726112
7726213
7726256
7726298
7726401
7726438
7726539
7726658
7726663
7726715
7726729
7726740
7726746
7726798
7726833
7726860
7726945
7726967
7727006
7727021
7727028
7727139
7727176
7727186
7727246
7727270
7727304
7727322
7727368
7727418
7727469
7727509
7727524
7727585
7727593
7727637
7727692
7727712
7727721
7727724
7727763
7727788
7727803
7727848
7727903
7727921
7727950
7727957
7728004
7728009
7728046
7728081
7728113
7728165
7728181
7728183
7728218
7728240
7728256
7728264
7728285
7728287
7728301
7728303
7728445
7728510
7728523
7728604
7728608
7728658
7728715
7728728
7728733
7728738
7728747
7728819
7728865
7728915
7728978
7728986
7728992
7729004
7729013
7729158
7729168
7729562
7729599
7729645
7729677
7729682
7729708
7729781
7729891
7729920
7729946
7729963
7729966
7729987
7730013
7730035
7730065
7730115
7730118
7730129
7730213
7730219
7730230
7730232
7730256
7730258
7730337
7730340
7730367
7730405
7730437
7730472
7730483
7730592
7730661
7730665
7730716
7730850
7730919
7730931
7730938
7730965
7731029
7731085
7731144
7731148
7731256
7731271
7731277
7731282
7731302
7731336
7731368
7731375
7731428
7731515
7731525
7731544
7731549
7731717
7731730
7731747
7731748
7731752
7731800
7731814
7731842
7731851
7731868
7731927
7731947
7731978
7732040
7732052
7732065
7732176
7732213
7732228
7732396
7732407
7732441
7732487
7732519
7732537
7732581
7732599
7732606
7732633
7732730
7732746
7732768
7732776
7732795
7732822
7732841
7732843
7732883
7732895
7732956
7733076
7733250
7733251
7733318
7733330
7733352
7733397
7733413
7733538
7733869
7733870
7733890
7733904
7733940
7733948
7733961
7733970
7733972
7733977
7733996
7733998
7734020
7734063
7734090
7734108
7734184
7734266
7734401
7734427
7734440
7734475
7734555
7734572
7734585
7734662
7734664
7734816
7734931
7735042
7735050
7735065
7735088
7735127
7735146
7735153
7735154
7735204
7735217
7735240
7735248
7735251
7735362
7735541
7735599
7735608
7735621
7735707
7735746
7735876
7735928
7735935
7736037
7736048
7736077
7736130
7736162
7736198
7736218
7736302
7736356
7736387
7736415
7736465
7736527
7736575
7736667
7736673
7736714
7736721
7736730
7736751
7736793
7736804
7736818
7736838
7736854
7736898
7736936
7736950
7737002
7737056
7737394
7737414
7737441
7737456
7737508
7737511
7737536
7737585
7737608
7737616
7737618
7737628
7737697
7737706
7737721
7737784
7737795
7737820
7737910
7737947
7737971
7738080
7738140
7738181
7738183
7738200
7738228
7738267
7738320
7738321
7738338
7738384
7738480
7738553
7738688
7738922
7739034
7739072
7739081
7739401
7739403
7739442
7739480
7739499
7739549
7739594
7739609
7739731
7739745
7739817
7740017
7740045
7740062
7740105
7740134
7740272
7740292
7740339
7740476
7740488
7740567
7740588
7740648
7740680
7740731
7740743
7740826
7740871
7740921
7741071
7741111
7741155
7741197
7741210
7741291
7741427
7741456
7741473
7741508
7741510
7741555
7741582
7741591
7741639
7741676
7741707
7741716
7742005
7742030
7742124
7742181
7742245
7742277
7742313
7742328
7742333
7742389
7742406
7742435
7742450
7742494
7742726
7742837
7743003
7743076
7743091
7743174
7743314
7743376
7743398
7743497
7743541
7743628
7743774
7743850
7743861
7743939
7743941
7743949
7744054
7744164
7744166
7744186
7744234
7744277
7744286
7744333
7744672
7744675
7744730
7744748
7744776
7744837
7744912
7745254
7745298
7745325
7745434
7745479
7745635
7745646
7745756
7745769
7745892
7745903
7745940
7745956
7745975
7745996
7746002
7746095
7746126
7746129
7746136
7746141
7746213
7746222
7746333
7746391
7746495
7746505
7746521
7746636
7746745
7746854
7746891
7747120
7747124
7747143
7747147
7747319
7747411
7747457
7747478
7747490
7747809
7747837
7747876
7748070
7748092
7748237
7748257
7748491
7748583
7748697
7748720
7748764
7748783
7748802
7748859
7748868
7748893
7748950
7749012
7749047
7749216
7749256
7749423
7749464
7749474
7749497
7749679
7749714
7749732
7749764
7749772
7749868
7750015
7750051
7750117
7750252
7750255
7750256
7750278
7750304
7750428
7750435
7750544
7750565
7750569
7750584
7750609
7750709
7750715
7750782
7750911
7750937
7751025
7751141
7751144
7751217
7751254
7751255
7751289
7751382
7751395
7751431
7751495
7751504
7751535
7751634
7751669
7751708
7751759
7751790
7751966
7752002
7752040
7752231
7752243
7753318
7753451
7753461
7753525
7753542
7753822
7753836
7753880
7753888
7753968
7754040
7754088
7754113
7754165
7754174
7754228
7754233
7754410
7754420
7754443
7754469
7754484
7754545
7754568
7754577
7754582
7755707
7755731
7755767
7755796
7755863
7755896
7755913
7755931
7755939
7756001
7756093
7756097
7756138
7756149
7756263
7756294
7756464
7756550
7756684
7756713
7756720
7756804
7756869
7756900
7756936
7756975
7757130
7757155
7757200
7757255
7757264
7757301
7757313
7757414
7757474
7757498
7757659
7757674
7757677
7757690
7757784
7757907
7757937
7757984
7757989
7758100
7758203
7758245
7758313
7758346
7758390
7758407
7758451
7758481
7758503
7758507
7758537
7758557
7758581
7758626
7758657
7758719
7758722
7758764
7758826
7758831
7758833
7758869
7759158
7759196
7759247
7759306
7759354
7759418
7759488
7759503
7759576
7759660
7759663
7759677
7759808
7759814
7759815
7759846
7759873
7759907
7759953
7759964
7760103
7760138
7760154
7760196
7760227
7760251
7760308
7760383
7760388
7760598
7760612
7760672
7760677
7760679
7760687
7760973
7761000
7761200
7761204
7761224
7761237
7761331
7761345
7761351
7761355
7761377
7761398
7761420
7761496
7761590
7761619
7761906
7761910
7761911
7761954
7762012
7762038
7762050
7762171
7762213
7762281
7762354
7762536
7762709
7762893
7762928
7763003
7763007
7763092
7763104
7763240
7763258
7763283
7763298
7763300
7763314
7763443
7763699
7763807
7763808
7763818
7763838
7763859
7763897
7763911
7763973
7764001
7764066
7764082
7764125
7764127
7764254
7764333
7764439
7764455
7764574
7764589
7764612
7764753
7764800
7764846
7764850
7764887
7764983
7765043
7765127
7765260
7765480
7765516
7765532
7765539
7765677
7765683
7765778
7765824
7765856
7765891
7765933
7766113
7766131
7766163
7766200
7766216
7766247
7766442
7766458
7766524
7766532
7766678
7766728
7766887
7766911
7766920
7766957
7766988
7766992
7767028
7767037
7767043
7767120
7767165
7767183
7767270
7767427
7767562
7767606
7767654
7767705
7767737
7767755
7767792
7767837
7767907
7767912
7767976
7768060
7768110
7768171
7768202
7768314
7768357
7768375
7768405
7768459
7768583
7768724
7768801
7768865
7768892
7768937
7769019
7769141
7769242
7769391
7769400
7769790
7769795
7769975
7769999
7770003
7770036
7770168
7770210
7770261
7770262
7770307
7770321
7770379
7770419
7770427
7770441
7770450
7770468
7770553
7770577
7770584
7770587
7770659
7770697
7770703
7770875
7770936
7770970
7771023
7771087
7771106
7771376
7771514
7771542
7771618
7771712
7771726
7771740
7771746
7771840
7771845
7771849
7771873
7772387
7772419
7772440
7772489
7772527
7772540
7772544
7772565
7772581
7772788
7772801
7772817
7772851
7772928
7772972
7772978
7773066
7773142
7773175
7773195
7773254
7773361
7773377
7773438
7773467
7773505
7773565
7773575
7773590
7773653
7773786
7773804
7773911
7773912
7773968
7774102
7774397
7774402
7774416
7774500
7774522
7774580
7774641
7774674
7774827
7774904
7774939
7774950
7775106
7775143
7775268
7775416
7775696
7775739
7775792
7775885
7775911
7775940
7775990
7776036
7776078
7776102
7776287
7776330
7776386
7776686
7776700
7776721
7776759
7776797
7776824
7776950
7776960
7776990
7777005
7777127
7777329
7777350
7777375
7777460
7777560
7777640
7777665
7777680
7777719
7777722
7777781
7777817
7777832
7777870
7778021
7778034
7778054
7778075
7778151
7778167
7778268
7778297
7778305
7778489
7778731
7778756
7778822
7779034
7779142
7779150
7779185
7779314
7779322
7779527
7779547
7779677
7779698
7779940
7779942
7780210
7780235
7780268
7780318
7780322
7780398
7780519
7780557
7780714
7780728
7780735
7780749
7780752
7780814
7781036
7781083
7781096
7781225
7781231
7781249
7781270
7781307
7781338
7781367
7782456
7782554
7782583
7782601
7782704
7782756
7782821
7782837
7782839
7782903
7782946
7782972
7783103
7783148
7783248
7783287
7783296
7783362
7783416
7783451
7783492
7783510
7783511
7783691
7783808
7783812
7783981
7784014
7784227
7784359
7784366
7784469
7784498
7784514
7784521
7784530
7784624
7784680
7784713
7784793
7784810
7784834
7784846
7784959
7785037
7785092
7785109
7785230
7785372
7785399
7785455
7785496
7785576
7785594
7785648
7785654
7785731
7785742
7785744
7785781
7785799
7785801
7785814
7785884
7785975
7786051
7786070
7786082
7786134
7786142
7786156
7786354
7786367
7786415
7786417
7786446
7786448
7786518
7786530
7786557
7786613
7786616
7786732
7786736
7786776
7786781
7786806
7786832
7786881
7786910
7786940
7787250
7787257
7787278
7787288
7787294
7787300
7787315
7787322
7787351
7787395
7787432
7787464
7787538
7787584
7787677
7787685
7787713
7787826
7787911
7787954
7788078
7788189
7788200
7788206
7788209
7788240
7788256
7788263
7788303
7788354
7788358
7788451
7788472
7788533
7788666
7788750
7788752
7788756
7788800
7788806
7788851
7788868
7788904
7788983
7789072
7789114
7789137
7789314
7789351
7789401
7789410
7789416
7789443
7789513
7789516
7789561
7789612
7789743
7789766
7789796
7789807
7789949
7790003
7790017
7790022
7790054
7790060
7790205
7790354
7790410
7790434
7790666
7790889
7790931
7791014
7791048
7791062
7791129
7791153
7791156
7791204
7791243
7791264
7791283
7791292
7791393
7791482
7791513
7791564
7791629
7791656
7791665
7791682
7791769
7791827
7791939
7791992
7792022
7792064
7792124
7792136
7792312
7792347
7792376
7792385
7792439
7792474
7792553
7792666
7792716
7792858
7792922
7792950
7793093
7793108
7793207
7793426
7793544
7793555
7793581
7793595
7793597
7793624
7793697
7793746
7793777
7793798
7793801
7793830
7793836
7794077
7794087
7794089
7794107
7794129
7794180
7794237
7794280
7794358
7794412
7794479
7794596
7794600
7794694
7794695
7794711
7794785
7794797
7794864
7794943
7795018
7795104
7795105
7795126
7795153
7795159
7795170
7795207
7795218
7795241
7795295
7795339
7795385
7795459
7795496
7795516
7795602
7795634
7795747
7795753
7795755
7795762
7795917
7795941
7795952
7796009
7796176
7796213
7796224
7796229
7796259
7796296
7796303
7796317
7796411
7796412
7796571
7796621
7796659
7796669
7796687
7796724
7796768
7796802
7796942
7796964
7797011
7797020
7797125
7797181
7797186
7797191
7797202
7797471
7797493
7797698
7797701
7797763
7797784
7797785
7797791
7797882
7797936
7797943
7797960
7797966
7798086
7798092
7798115
7798151
7798239
7798299
7798336
7798499
7798536
7798547
7798548
7798612
7798644
7798680
7798765
7798796
7798834
7798851
7798858
7799086
7800238
7800294
7800510
7800562
7800575
7800634
7800697
7800723
7800791
7800881
7800888
7800892
7800967
7801016
7801028
7801040
7801142
7801220
7801263
7801384
7801392
7801443
7801495
7802581
7802645
7802760
7802786
7802826
7802833
7803183
7803203
7803332
7803434
7803468
7803525
7803538
7803673
7803836
7803868
7803892
7803920
7803978
7803998
7804106
7804114
7804190
7804192
7804240
7804271
7804310
7804541
7804571
7804691
7804804
7804909
7804957
7804984
7805243
7805287
7805319
7805440
7805471
7805499
7805501
7805555
7805562
7805576
7805580
7805583
7805592
7805624
7805640
7805655
7805659
7805669
7805679
7805741
7805867
7805978
7805980
7805993
7806074
7806189
7806300
7806389
7806555
7806708
7806709
7806725
7806779
7806858
7806865
7806880
7806893
7807023
7807059
7807164
7807296
7807347
7807455
7807464
7807478
7807512
7807553
7807687
7807770
7807842
7807951
7807965
7808006
7808036
7808070
7808160
7808250
7808406
7808429
7808467
7808495
7808518
7808552
7808627
7808641
7808656
7808668
7808703
7808758
7808883
7808924
7809207
7809248
7809263
7809273
7809288
7809341
7809380
7809396
7809424
7809512
7809557
7809586
7809608
7809715
7809719
7809763
7809886
7809905
7810162
7810166
7810220
7810251
7810270
7810389
7810585
7810593
7810700
7810736
7810744
7810840
7810864
7810889
7810898
7810927
7810955
7810972
7811003
7811107
7811116
7811190
7811233
7811294
7811368
7811412
7811436
7811473
7811486
7811634
7811659
7811699
7811723
7811775
7811805
7811817
7811842
7811844
7811873
7811910
7811926
7812051
7812104
7812122
7812135
7812184
7812197
7812245
7812394
7812402
7812427
7812507
7812511
7812646
7812690
7812692
7812926
7812930
7813024
7813079
7813223
7813226
7813240
7813248
7813316
7813350
7813360
7813423
7813503
7813506
7813710
7813714
7813749
7813866
7814067
7814074
7814124
7814163
7814207
7814265
7814348
7814421
7814434
7814438
7814453
7814491
7814558
7814690
7814754
7814811
7814972
7815120
7815224
7815600
7815657
7815759
7815845
7816041
7816064
7816111
7816151
7816178
7816312
7816358
7816389
7816399
7816420
7816429
7816442
7816502
7816520
7816563
7816614
7816808
7817022
7817059
7817065
7817077
7817089
7817097
7817165
7817391
7817424
7817426
7817489
7817532
7817602
7817651
7817714
7817733
7817762
7817818
7818174
7818223
7818408
7818424
7818428
7818505
7818536
7818575
7818597
7818695
7818749
7818765
7818784
7818799
7818821
7818950
7818957
7819043
7819178
7819214
7819243
7819326
7819356
7819400
7819415
7819592
7819718
7819808
7819822
7819851
7819936
7819975
7820029
7820114
7820164
7820195
7820241
7820245
7820312
7820460
7820471
7820690
7820702
7820708
7820784
7820924
7821025
7821053
7821082
7821084
7821099
7821165
7821218
7821242
7821265
7821276
7821296
7821297
7821441
7821454
7821477
7821590
7821721
7821854
7821892
7821938
7821977
7822032
7822078
7822087
7822135
7822186
7822191
7822203
7822226
7822246
7822252
7822271
7822374
7822419
7822445
7822538
7822651
7822720
7822793
7822827
7823039
7823068
7823131
7823147
7823290
7823358
7823384
7823435
7823681
7823740
7823756
7823820
7823856
7823875
7823960
7824056
7824086
7824100
7824215
7824233
7824268
7824343
7824358
7824360
7824560
7824721
7824788
7824792
7824832
7824937
7824956
7824970
7825047
7825052
7825236
7825300
7825305
7825319
7825324
7825563
7825595
7825635
7825652
7825653
7825664
7825772
7825774
7825799
7825802
7825900
7825910
7825919
7826002
7826025
7826060
7826062
7826123
7826131
7826259
7826268
7826274
7826297
7826326
7826360
7826361
7826388
7826417
7826567
7826586
7826642
7826682
7826762
7826795
7826838
7826847
7826937
7826963
7827173
7827282
7827285
7827362
7827372
7827382
7827407
7827415
7827570
7827689
7827816
7827818
7827922
7827927
7827968
7828056
7828069
7828270
7828271
7828403
7828617
7828661
7828688
7828699
7828762
7828820
7829067
7829112
7829216
7829233
7829245
7829266
7829315
7829363
7829533
7829564
7829591
7829614
7829777
7829794
7829832
7829857
7829878
7829915
7829974
7830004
7830047
7830078
7830122
7830144
7830163
7830165
7830171
7830172
7830299
7830533
7830536
7830583
7830672
7830698
7830706
7830789
7830831
7830927
7830961
7830997
7831001
7831094
7831161
7831279
7831409
7831596
7831634
7831655
7831656
7831685
7831715
7831787
7831824
7832049
7832053
7832072
7832085
7832099
7832111
7832113
7832165
7832183
7832197
7832230
7832295
7832343
7832515
7832570
7832627
7832639
7832674
7832680
7832698
7832812
7832906
7832909
7833008
7833083
7833213
7833342
7833447
7833663
7833738
7833746
7833830
7833914
7833965
7834038
7834202
7834312
7834318
7834375
7834447
7834452
7834525
7834742
7834785
7834881
7834983
7835006
7835039
7835041
7835050
7835056
7835138
7835225
7835232
7835238
7835240
7835249
7835311
7835341
7835420
7835439
7835445
7835597
7835605
7835856
7835862
7835918
7835924
7835947
7835949
7836025
7836048
7836061
7836085
7836224
7836251
7836301
7836331
7836455
7836572
7836631
7836716
7836749
7836772
7836919
7837037
7837095
7837207
7837336
7837362
7837371
7837404
7837435
7837443
7837539
7837558
7837571
7837635
7837827
7837841
7837858
7837889
7837909
7837927
7837988
7838179
7838321
7838439
7838445
7838471
7838532
7838635
7838654
7838660
7838677
7838701
7838741
7838848
7838873
7838907
7838967
7839133
7839210
7839242
7839248
7839304
7839322
7839406
7839512
7839669
7839713
7839900
7839992
7839999
7840003
7840042
7840109
7840245
7840263
7840342
7840390
7840397
7840456
7841587
7842691
7842818
7842821
7842830
7842837
7842879
7842906
7842949
7842959
7842990
7843029
7843080
7843251
7843259
7843305
7843333
7843378
7843398
7843504
7843552
7843613
7843639
7843688
7843866
7843884
7843990
7844138
7844263
7844376
7844411
7844522
7844554
7844600
7844601
7844698
7844817
7844969
7845018
7845202
7845228
7845230
7845262
7845314
7845468
7845472
7845611
7845642
7845747
7845759
7845780
7845781
7845837
7845868
7845869
7845919
7845952
7845994
7846029
7846101
7846190
7846248
7846287
7846299
7846500
7846519
7846596
7846622
7846636
7846668
7846696
7846712
7846727
7846733
7846772
7846787
7846790
7846808
7846885
7847081
7847090
7847278
7847388
7847398
7847403
7847423
7847511
7847587
7847590
7847629
7847642
7847693
7847722
7847818
7847837
7847842
7847929
7847934
7847944
7847963
7847979
7848167
7848435
7848474
7848525
7848621
7848687
7848699
7848705
7848852
7849024
7849060
7849110
7849112
7849123
7849176
7849314
7849319
7849328
7849386
7849526
7849552
7849572
7849641
7849672
7849697
7849730
7849732
7849778
7849798
7849829
7849870
7850059
7850060
7850297
7850312
7850380
7850471
7850503
7850618
7850628
7850656
7850657
7850760
7850800
7850875
7850968
7851312
7851380
7851387
7851602
7851637
7851691
7851695
7851936
7851952
7852023
7852074
7852152
7852160
7852169
7852362
7852387
7852390
7852413
7852427
7852490
7852529
7852587
7852675
7852680
7852824
7852877
7852893
7852931
7852967
7853129
7853182
7853193
7853213
7853297
7853365
7853375
7853464
7853477
7853608
7853654
7853723
7853762
7853769
7853813
7853823
7853922
7853965
7853978
7854026
7854136
7854143
7854149
7854208
7854238
7854319
7854385
7854414
7854446
7854482
7854514
7854565
7854585
7854612
7854688
7854702
7854853
7854879
7854950
7855093
7855226
7855259
7855307
7855345
7855453
7855496
7855588
7855610
7855617
7855846
7855864
7855934
7855950
7855973
7856125
7856176
7856180
7856284
7856295
7856368
7856372
7856398
7856461
7856469
7856493
7856589
7856607
7856633
7856651
7856769
7857130
7857196
7857231
7857273
7857298
7857312
7857330
7857354
7857362
7857376
7857482
7857556
7857564
7857736
7857797
7857857
7857890
7857896
7857902
7857918
7857962
7858010
7858079
7858153
7858167
7858299
7858333
7858460
7858716
7858734
7858872
7858955
7859058
7859075
7859076
7859114
7859150
7859346
7859360
7859428
7859455
7859480
7859558
7859578
7859594
7859607
7859650
7859654
7859665
7859754
7859854
7860204
7860208
7860406
7860438
7860485
7860565
7860602
7860660
7860663
7860664
7860750
7860818
7860903
7860968
7860969
7860996
7861143
7861193
7861757
7861777
7861834
7861836
7861855
7862055
7862162
7862274
7862293
7862342
7862458
7862495
7862499
7862649
7862707
7862798
7862834
7862879
7862999
7863083
7863118
7863140
7863188
7863200
7863315
7863372
7863389
7863456
7863518
7863540
7863562
7863587
7863588
7863684
7863725
7863956
7864209
7864211
7864282
7864307
7864332
7864364
7864407
7864416
7864471
7864547
7864776
7864875
7864925
7864933
7864939
7864940
7865002
7865051
7865074
7866156
7866165
7866243
7866322
7866338
7866342
7866357
7866431
7866601
7866602
7866619
7866625
7866633
7866729
7866736
7866790
7867106
7867151
7867167
7867173
7867368
7867471
7867595
7867700
7867774
7867966
7868017
7868204
7868332
7868411
7868421
7868488
7868570
7868575
7868602
7868624
7868635
7868734
7868759
7868928
7869083
7869098
7869134
7869149
7869157
7869234
7869336
7869437
7869599
7869779
7869814
7869994
7870006
7870013
7870019
7870102
7870109
7870114
7870172
7870231
7870389
7870539
7870641
7870653
7870678
7870718
7870734
7870751
7870772
7870889
7870902
7870911
7870912
7870972
7871005
7871147
7871218
7871236
7871394
7871522
7871623
7871632
7871670
7871722
7871723
7871880
7871965
7872009
7872360
7872398
7872481
7872486
7872523
7872560
7872655
7872701
7872755
7872847
7872895
7872966
7872980
7873000
7873027
7873176
7873191
7873318
7873337
7873400
7873448
7873454
7873679
7873713
7873769
7873793
7874074
7874153
7874202
7874420
7874545
7874575
7874596
7874694
7874700
7874819
7874900
7874930
7874950
7874991
7875071
7875117
7875307
7875379
7875458
7875477
7875496
7875522
7875625
7875665
7875682
7875717
7875732
7875825
7875837
7875844
7875872
7875924
7875947
7875970
7875999
7876068
7876189
7876246
7876258
7876260
7876271
7876328
7876422
7876616
7876760
7876762
7876776
7876950
7876971
7877045
7877106
7877261
7877271
7877330
7877364
7877388
7877587
7877639
7877650
7877713
7877803
7877847
7877981
7878048
7878119
7878171
7878240
7878371
7878402
7878444
7878652
7879010
7879015
7879256
7879303
7879429
7879502
7879523
7879524
7879562
7879621
7879909
7879940
7879960
7879972
7880157
7880274
7880313
7880410
7880437
7881559
7881565
7881645
7881907
7881962
7881970
7882011
7882025
7882037
7882051
7882149
7882159
7882205
7882210
7882282
7882301
7882394
7882497
7882526
7882555
7882572
7882587
7882597
7882712
7882720
7882731
7882751
7882790
7882794
7882945
7882994
7882996
7883011
7883083
7883114
7883175
7883262
7883263
7883350
7883443
7883456
7883458
7883488
7883502
7883547
7883689
7883777
7883898
7883956
7884106
7884136
7884179
7884230
7884269
7884352
7884369
7884374
7884405
7884419
7884484
7884495
7884505
7884550
7884567
7884660
7884793
7884859
7885051
7885306
7885339
7885418
7885430
7885493
7885615
7885634
7885644
7885672
7885752
7885803
7885979
7886061
7886092
7886098
7886119
7886140
7886161
7886310
7886483
7886511
7886583
7886638
7886649
7886661
7886684
7886838
7886858
7886950
7886973
7886977
7886994
7887049
7887054
7887165
7887176
7887177
7887233
7887335
7887370
7887541
7887578
7887617
7887631
7887786
7887817
7887862
7887900
7887921
7888011
7888079
7888080
7888306
7888315
7888328
7888434
7888459
7888483
7888519
7888546
7888681
7888700
7888710
7888757
7888903
7888916
7888944
7888980
7889050
7889059
7889096
7889151
7889174
7889241
7889318
7889347
7889554
7889920
7889968
7889997
7890020
7890033
7890058
7890060
7890225
7890251
7890273
7890278
7890317
7890422
7890494
7890512
7890627
7890794
7890826
7890844
7890902
7890921
7891118
7891136
7891171
7891244
7891264
7891324
7891341
7891546
7891671
7891682
7891741
7891793
7891848
7891859
7891905
7891943
7892016
7892031
7892138
7892179
7892187
7892207
7892259
7892358
7892391
7892468
7892561
7892665
7892760
7892772
7892789
7892915
7893006
7893038
7893079
7893141
7893148
7893160
7893238
7893339
7893470
7893565
7893572
7893677
7893841
7893960
7893967
7894006
7894009
7894018
7894106
7894207
7894284
7894366
7894386
7894543
7894593
7894633
7894730
7894835
7894878
7894909
7894931
7894961
7895016
7895214
7895369
7895477
7895481
7895504
7895541
7895777
7895782
7895906
7895910
7895957
7895965
7896170
7896255
7896435
7896516
7896588
7896639
7896683
7896730
7896826
7897156
7897163
7897259
7897292
7897307
7897575
7897874
7897901
7897972
7898017
7898344
7898615
7898623
7898663
7898760
7898853
7898877
7898915
7898935
7898957
7898980
7899034
7899099
7899121
7899203
7899225
7899232
7899241
7899263
7899325
7899379
7899415
7899425
7899439
7899530
7899603
7899711
7899746
7900108
7900137
7900177
7900198
7900221
7900235
7900291
7900490
7900513
7900559
7900665
7900669
7900706
7900731
7900777
7901136
7901268
7901296
7901361
7901399
7901400
7901430
7901467
7901556
7901605
7901857
7901931
7902023
7902046
7902061
7902078
7902118
7902144
7902156
7902271
7902341
7902478
7902520
7902527
7902540
7902647
7902685
7902707
7902728
7902737
7902862
7902901
7902961
7903061
7903081
7903182
7903246
7903263
7903277
7903305
7903314
7903617
7903621
7903652
7903664
7903671
7903679
7903714
7903787
7903804
7903838
7903866
7903959
7903997
7904043
7904113
7904164
7904205
7904213
7904496
7904523
7904552
7904565
7904571
7904594
7904629
7904630
7904655
7904671
7904735
7904762
7904832
7904926
7904927
7905217
7905244
7905378
7905432
7905455
7905492
7905571
7905574
7905615
7905672
7905846
7905891
7905898
7905935
7905989
7906017
7906026
7906053
7906395
7906498
7906991
7906994
7907047
7907413
7907444
7907637
7907638
7907672
7907852
7907980
7908118
7908198
7908269
7908382
7908474
7908495
7908681
7908691
7908732
7909024
7909111
7909207
7909233
7909274
7909317
7909338
7909639
7909671
7909678
7909685
7909710
7909878
7910049
7910098
7910111
7910179
7910334
7910344
7910384
7910437
7910514
7910592
7910639
7910804
7910862
7910900
7910934
7910962
7910980
7911003
7911009
7911197
7911220
7911319
7911443
7911455
7911526
7911574
7911618
7911811
7911889
7911952
7911988
7912001
7912157
7912342
7912345
7912348
7912431
7912438
7912440
7912574
7912624
7912631
7912706
7912935
7913120
7913178
7913316
7913341
7913475
7913479
7913518
7913573
7913637
7913662
7913687
7913816
7913982
7913991
7914003
7914225
7914261
7914298
7914307
7914322
7914377
7914386
7914424
7914610
7914671
7914701
7914726
7914747
7914825
7914896
7914925
7914967
7915071
7915123
7915155
7915178
7915310
7915334
7915399
7915402
7915539
7915624
7915636
7915646
7915742
7915848
7915849
7915910
7916019
7916044
7916076
7916239
7916263
7916335
7916388
7916428
7916430
7916542
7916610
7916884
7916957
7917023
7917140
7917157
7917581
7917943
7918028
7918067
7918099
7918143
7918531
7918623
7918643
7918683
7918779
7918799
7918814
7918980
7919000
7919144
7919149
7919400
7919494
7919498
7919582
7919603
7919622
7919662
7919675
7919775
7919805
7919851
7919918
7919943
7920217
7920299
7920365
7920396
7920403
7920463
7920487
7920574
7920637
7920645
7920652
7920767
7920909
7920962
7921045
7921077
7921103
7921144
7921231
7921247
7921386
7921447
7921484
7921510
7921565
7921600
7921617
7921661
7921809
7922015
7922056
7922140
7922178
7922218
7922230
7922260
7922517
7922533
7922581
7922641
7922644
7922855
7922893
7922894
7923038
7923118
7923171
7923253
7923280
7923347
7923386
7923429
7923473
7923527
7923597
7923615
7923665
7923686
7923700
7923826
7923914
7923918
7923956
7923959
7923984
7924063
7924065
7924070
7924172
7924224
7924310
7924371
7924382
7924387
7924438
7924548
7924550
7924675
7924717
7924799
7924843
7924868
7924963
7925311
7925792
7925862
7925881
7925885
7925928
7926137
7926212
7926222
7926256
7926273
7926295
7926316
7926383
7926412
7926501
7926526
7926562
7926575
7926649
7926689
7926795
7926815
7926864
7926866
7927123
7927164
7927191
7927237
7927287
7927352
7927563
7927697
7927705
7927794
7927829
7927848
7927857
7927929
7928074
7928223
7928245
7928431
7928465
7928504
7928727
7928728
7928775
7928810
7928833
7928852
7928856
7928889
7928981
7928988
7929009
7929103
7929256
7929269
7929312
7929328
7929413
7929442
7929447
7929449
7929452
7929496
7929588
7929627
7929710
7929712
7929725
7929766
7929838
7929884
7930821
7930873
7931003
7931058
7931144
7931156
7931158
7931161
7931203
7931256
7931328
7931353
7931363
7931370
7931552
7931608
7931698
7931739
7931850
7931949
7931957
7931995
7932046
7932349
7932467
7932597
7932607
7932632
7932675
7932681
7932694
7932883
7933091
7933106
7933107
7933170
7933261
7933269
7933410
7933411
7933469
7933479
7933484
7933486
7933497
7933581
7933675
7933768
7933803
7933980
7933998
7934031
7934067
7934132
7934169
7934200
7934227
7934271
7934424
7934425
7934479
7934514
7934527
7934572
7934671
7934674
7934684
7934771
7934868
7935019
7935105
7935186
7935209
7935229
7935261
7935284
7935295
7935369
7935384
7935438
7935491
7935555
7935590
7935624
7935668
7935691
7935745
7935841
7935923
7936037
7936041
7936046
7936112
7936115
7936128
7936372
7936406
7936474
7936538
7936545
7936610
7936636
7936652
7936787
7936950
7936952
7936990
7937004
7937020
7937027
7937113
7937170
7937269
7937288
7937381
7937436
7937527
7937647
7937677
7937696
7937730
7937790
7937836
7937989
7938046
7938124
7938226
7938231
7938255
7938431
7938493
7938534
7938653
7938663
7938738
7938867
7938993
7939007
7939055
7939146
7939371
7939541
7939573
7939606
7939642
7939685
7939809
7939819
7939861
7939914
7939960
7939968
7940009
7940037
7940077
7940104
7940383
7940447
7940450
7940457
7940523
7940524
7940560
7940625
7940636
7940642
7940646
7940836
7940868
7940936
7941100
7941389
7941446
7941540
7941735
7941759
7941763
7941814
7941834
7941851
7941924
7941945
7941981
7942026
7942082
7942172
7942222
7942240
7942392
7942430
7942542
7942656
7942744
7942812
7942872
7942943
7942992
7943058
7943074
7943076
7943099
7943214
7943283
7943374
7943566
7943612
7943769
7943780
7943793
7943826
7943854
7944130
7944184
7944192
7944230
7944297
7944390
7944444
7944551
7944650
7944660
7944671
7944703
7944725
7944744
7944745
7944814
7944893
7944931
7944973
7945101
7945122
7945125
7945157
7945182
7945197
7945218
7945281
7945282
7945291
7945348
7945375
7945428
7945539
7945566
7945576
7945603
7945667
7945668
7945719
7945803
7945844
7946007
7946041
7946070
7946143
7946148
7946216
7946270
7946362
7946406
7946416
7946947
7946958
7947094
7947106
7947166
7947229
7947275
7947301
7947333
7947334
7947374
7947477
7947545
7947554
7947623
7947734
7947744
7948032
7948419
7948436
7948451
7948461
7948482
7948520
7948528
7948577
7948610
7948703
7948803
7948980
7949014
7949022
7949064
7949097
7949102
7949167
7949241
7949259
7949310
7949333
7949377
7949618
7949788
7950005
7950014
7950359
7950370
7950439
7950460
7950504
7950630
7950678
7950734
7950756
7950826
7950832
7950913
7950938
7951514
7951690
7951722
7951724
7951749
7951764
7951842
7951896
7952123
7952183
7952306
7952360
7952372
7952438
7952477
7952482
7952495
7952624
7952638
7952708
7952734
7952742
7952884
7953030
7953363
7953555
7953586
7953612
7953722
7953780
7953785
7953789
7954124
7954285
7954544
7954591
7954651
7954719
7954828
7954900
7955324
7955357
7955459
7955507
7955508
7955555
7955622
7955662
7955703
7955724
7955872
7955879
7955881
7955904
7955905
7955908
7955913
7956056
7956255
7956291
7956303
7956314
7956474
7956496
7956663
7956688
7956763
7956871
7956921
7956954
7956978
7957007
7957217
7957220
7957625
7957633
7957727
7957761
7957830
7957864
7957903
7958032
7958048
7958095
7958107
7958245
7958278
7958376
7958500
7958580
7958597
7958606
7958792
7958806
7959244
7959749
7959803
7959874
7959956
7960017
7960069
7960080
7960085
7960112
7960138
7960181
7960265
7960298
7960389
7960418
7960511
7960589
7960669
7960843
7960853
7960867
7961032
7961127
7961144
7961303
7961329
7961384
7961575
7961581
7961689
7961726
7961735
7961784
7961867
7961871
7961885
7961941
7961987
7962031
7962137
7962169
7962426
7962479
7962497
7962531
7962702
7962732
7962885
7962961
7963164
7963173
7963243
7963282
7963336
7963368
7963478
7963602
7963606
7963782
7964210
7964240
7964343
7964428
7964429
7964529
7964553
7964689
7964711
7964734
7964869
7966097
7966151
7966158
7966162
7966167
7966274
7966279
7966304
7966334
7966343
7966375
7966427
7966462
7966527
7966530
7966628
7966650
7966654
7966742
7966858
7966937
7966983
7967140
7967185
7967237
7967265
7967339
7967452
7967598
7967674
7967822
7967882
7967909
7968024
7968059
7968139
7968597
7968858
7968886
7968964
7968965
7968966
7969066
7969179
7969373
7969384
7969500
7969616
7969685
7969900
7969976
7970184
7970213
7970406
7970515
7970527
7970630
7970663
7970697
7970860
7970879
7970881
7970967
7970991
7971339
7971424
7971576
7971599
7971640
7971995
7972253
7972420
7972508
7972696
7972716
7973101
7973129
7973141
7973284
7973296
7973416
7973574
7973578
7973598
7973607
7973621
7973678
7973793
7973854
7973996
7974203
7974212
7974219
7974281
7974453
7974475
7974486
7974517
7974581
7974642
7974786
7974790
7974835
7975189
7975313
7975348
7975753
7975755
7975772
7975860
7975881
7975927
7975984
7976017
7976163
7976219
7976414
7976496
7976516
7976551
7976747
7976915
7976924
7976965
7977020
7977209
7977221
7977357
7977425
7977524
7977608
7977685
7977866
7977896
7977927
7978138
7978222
7978410
7978472
7978557
7978565
7978570
7978584
7978636
7978769
7978780
7978802
7978990
7979044
7979079
7979209
7979294
7979332
7979393
7979398
7979452
7979547
7979778
7979960
7980028
7980220
7980463
7980534
7980629
7980678
7980900
7981167
7981232
7981450
7981464
7981715
7981767
7981886
7981896
7982000
7982005
7982013
7982132
7982193
7982232
7982672
7982774
7982785
7982925
7983016
7983077
7983188
7983381
7983805
7983831
7983882
7984045
7984134
7984363
7984410
7984461
7984504
7984772
7984800
7984855
7984895
7984923
7984958
7985189
7985200
7985357
7985484
7985861
7985979
7986057
7986182
7986235
7986315
7986346
7986565
7986810
7986863
7987122
7987173
7987194
7987195
7987346
7987411
7987438
7987474
7987494
7987501
7987659
7987665
7987698
7987706
7987993
7988066
7988210
7988310
7988347
7988363
7988426
7988594
7988629
7988716
7989075
7989093
7989179
7989231
7989422
7989590
7989597
7989624
7989631
7989635
7989661
7989694
7990101
7990119
7990143
7990329
7991066
7991322
7991354
7991384
7991440
7991482
7991519
7991522
7991536
7991629
7991674
7991773
7991861
7991863
7991879
7992288
7992292
7992303
7992385
7992420
7992436
7992579
7992618
7992635
7992657
7992855
7992917
7993006
7993111
7993199
7993699
7993764
7993791
7993938
7993974
7993993
7994010
7994036
7994100
7994178
7994275
7994447
7994535
7994919
7994947
7995006
7995052
7995136
7995143
7995222
7995521
7995566
7995675
7996015
7996069
7996082
7996329
7996454
7996491
7996585
7996635
7996643
7996823
7996903
7996956
7997001
7997026
7997037
7997202
7997225
7997502
7997530
7997681
7997732
7997781
8000182
8000218
8000229
8000292
8000336
8000566
8000587
8000618
8000740
8000798
8000892
8001037
8001110
8001207
8001224
8002288
8002640
8002684
8002883
8003053
8003226
8003296
8003325
8003509
8003590
8003767
8003796
8003904
8003922
8004022
8004270
8004336
8004340
8004388
8004494
8004582
8004715
8004992
8005190
8005231
8005510
8005661
8005717
8005793
8005990
8006001
8006134
8006154
8006411
8006587
8006658
8006680
8006742
8006775
8006781
8007240
8007417
8007431
8007493
8007563
8007666
8007737
8007743
8007792
8007910
8007970
8007979
8008026
8008144
8008184
8008202
8008689
8008727
8008807
8009196
8009228
8009322
8009325
8009440
8009443
8009462
8009465
8009484
8009498
8009507
8009725
8009808
8009928
8010070
8010107
8010202
8010246
8010290
8010566
8010608
8010959
8010980
8011129
8011232
8011363
8011810
8012119
8012279
8012500
8012876
8012953
8012997
8013128
8013362
8013363
8013547
8013560
8013619
8013718
8013968
8014167
8014182
8014226
8014335
8014458
8014530
8014582
8014678
8014767
8014772
8014863
8015019
8015108
8015199
8015247
8015470
8015481
8015531
8015999
8016026
8016146
8016194
8016357
8016476
8016574
8016587
8016606
8016702
8016896
8016969
8016990
8017402
8017418
8017447
8017561
8017651
8017902
8017924
8018070
8018390
8018536
8018691
8018725
8018951
8019220
8019282
8019321
8019348
8019396
8019401
8019455
8019558
8019614
8019622
8019723
8019789
8019828
8019908
8020304
8020321
8020409
8021030
8021075
8021146
8021802
8021980
8022025
8023114
8023170
8023252
8023327
8023456
8023573
8024029
8024388
8024464
8024915
8024983
8025012
8025139
8025320
8025817
8025898
8026443
8026457
8026472
8026489
8026716
8026753
8026919
8026993
8027170
8027189
8027344
8027353
8027409
8027989
8028013
8028090
8028093
8028103
8028143
8028288
8028443
8028491
8028494
8028587
8028915
8028995
8029133
8029149
8029191
8029316
8029589
8029735
8030113
8030168
8030403
8030534
8030545
8030635
8030649
8030768
8031104
8031120
8031177
8031327
8031335
8031664
8031707
8031857
8032208
8032232
8032244
8032427
8032785
8033029
8033193
8033224
8033263
8033359
8033671
8033751
8033761
8033821
8034018
8034080
8034206
8034567
8034632
8034664
8034699
8034727
8034967
8034984
8035105
8035213
8035652
8036078
8036112
8036210
8036214
8036361
8036405
8036483
8036652
8036851
8036885
8036901
8036944
8036975
8037177
8037229
8037363
8037391
8037574
8037615
8037745
8037746
8037749
8037898
8037929
8037961
8037988
8038001
8038158
8038273
8038276
8038313
8038394
8038425
8038491
8038499
8038502
8038504
8038749
8038773
8038795
8038868
8039048
8039400
8039436
8039527
8039564
8039666
8039724
8039821
8039969
8040030
8040044
8040220
8040511
8041068
8041498
8041542
8041804
8041939
8042095
8042145
8042148
8042192
8042241
8042571
8042846
8043173
8043211
8043337
8043429
8043432
8043455
8043463
8044174
8044353
8044409
8044445
8044512
8044970
8045044
8045298
8045337
8045366
8045371
8045419
8045440
8045494
8045937
8046063
8046072
8046075
8046114
8046186
8046342
8046631
8046726
8046896
8046983
8047010
8047079
8047093
8047133
8047210
8047274
8047434
8047451
8047457
8047509
8047578
8047700
8047831
8047880
8047909
8048078
8048345
8048347
8048731
8048876
8049004
8049031
8049113
8049324
8049438
8049510
8049522
8049523
8049862
8049866
8049947
8049951
8049952
8050047
8050098
8050119
8050317
8050388
8050477
8050574
8050603
8050624
8050878
8051020
8051024
8051517
8051627
8051685
8051871
8051879
8052019
8052043
8052217
8052293
8052324
8052475
8052606
8052669
8052769
8052784
8052879
8052916
8052963
8052984
8052995
8052997
8053027
8053069
8053379
8053635
8053647
8053766
8053786
8053832
8053997
8054159
8054268
8054374
8054421
8054455
8054457
8054579
8055102
8055131
8055156
8055162
8055171
8055211
8055309
8055332
8055473
8055494
8055496
8055505
8055595
8056032
8056061
8056239
8056263
8056320
8056462
8056693
8056807
8056820
8056950
8057362
8057384
8057500
8057579
8057582
8057591
8057599
8057657
8057707
8057750
8057930
8057951
8057990
8058345
8058351
8058477
8058561
8058713
8058890
8058898
8059001
8059031
8059074
8059524
8059674
8059986
8060022
8060258
8060264
8060265
8060272
8060274
8060406
8060499
8060778
8060851
8060881
8061012
8061037
8061050
8061188
8061220
8061269
8061398
8061793
8061850
8061941
8062115
8062247
8062411
8062510
8062817
8063312
8063425
8063428
8063442
8063462
8063578
8063962
8063977
8064116
8064119
8064184
8064221
8064358
8064813
8065179
8065273
8065305
8065336
8065568
8065906
8066004
8066122
8066137
8066139
8066153
8066874
8067698
8067796
8067809
8068136
8068357
8068386
8068438
8068618
8068692
8069145
8069354
8069362
8069484
8069631
8069777
8069780
8069821
8069935
8070190
8070415
8070495
8071733
8071749
8071757
8071783
8071892
8072074
8072385
8072555
8072656
8072664
8072796
8073225
8073310
8073316
8073462
8073501
8073713
8073751
8073821
8074053
8074268
8074482
8074655
8074846
8074956
8074959
8074963
8075083
8075187
8075352
8075748
8075765
8075829
8075879
8075927
8076016
8076275
8076336
8076382
8076475
8076516
8076664
8076720
8076800
8077101
8077366
8077417
8077507
8077543
8077651
8077987
8078245
8078253
8078289
8078611
8078656
8078715
8079190
8079282
8079479
8079524
8079776
8080204
8080258
8080514
8080855
8081185
8081230
8081308
8081332
8081461
8081576
8081583
8081610
8081786
8081847
8081957
8082009
8082203
8082303
8082321
8083056
8083169
8083208
8083422
8083509
8083758
8083780
8083801
8084078
8084118
8084160
8084315
8084449
8084500
8084700
8084849
8084913
8085058
8085319
8085384
8085496
8085864
8085987
8086171
8086229
8086621
8086712
8086885
8087044
8087075
8087280
8087370
8087475
8087521
8087594
8087616
8087658
8087713
8088046
8088102
8088347
8088481
8088672
8088720
8088844
8088880
8088930
8088935
8089154
8089256
8089272
8089363
8089578
8089805
8089856
8090493
8090715
8091329
8091353
8091727
8091882
8092140
8092152
8092653
8092783
8093115
8093168
8093249
8093463
8093559
8094002
8094025
8094056
8094165
8094436
8094449
8094854
8094887
8094927
8094935
8095021
8095342
8095515
8095534
8095574
8096039
8097413
8097489
8097824
8097890
8098153
8098319
8098948
8098951
8099293
8099297
8099371
8099426
8099436
8099441
8099445
8099695
8099749
8099780
8099912
8099975
8100092
8100197
8100615
8100864
8100881
8101472
8101624
8101748
8102092
8102244
8102597
8102732
8103209
8103262
8103416
8103473
8103705
8103758
8103890
8103903
8103931
8103957
8104002
8104258
8104364
8104474
8104478
8104531
8104727
8104860
8104887
8105362
8105383
8106231
8106577
8106674
8106912
8106931
8106939
8107029
8107253
8107277
8107517
8107585
8107741
8108042
8108101
8108275
8108421
8108541
8108595
8108677
8108883
8108918
8108980
8109151
8109206
8109396
8109674
8111876
8111882
8112258
8112483
8112641
8112736
8112750
8112751
8113056
8113224
8113546
8113728
8113903
8114228
8114666
8114720
8114891
8114961
8115096
8115285
8115618
8115666
8115936
8115952
8116005
8116155
8116234
8116345
8116449
8116646
8116669
8116724
8116991
8117046
8117159
8117364
8117455
8117565
8117734
8117770
8117780
8118592
8119023
8119637
8119654
8119812
8120731
8120733
8120818
8120952
8120988
8120991
8121031
8121136
8121179
8121296
8121298
8121363
8121548
8121710
8121779
8122854
8122885
8122895
8122971
8123050
8123055
8123248
8123305
8123402
8123527
8123580
8123599
8123601
8123639
8123705
8123716
8123738
8123941
8124024
8124201
8124216
8124270
8124349
8124467
8124774
8124823
8124890
8124920
8124926
8125052
8125611
8125652
8125768
8126008
8126276
8126279
8126321
8126378
8126406
8126517
8126567
8126596
8126602
8127248
8127250
8127352
8127379
8127395
8127466
8127509
8127539
8127544
8127553
8127567
8127807
8127816
8127958
8128091
8128259
8128448
8128463
8128544
8128582
8128602
8128688
8128774
8128821
8129416
8129484
8129499
8129571
8129717
8129730
8129794
8129957
8130309
8130892
8131133
8131302
8131564
8131805
8131863
8131868
8131950
8131975
8132010
8132016
8132063
8132118
8132141
8132151
8132168
8132479
8132568
8132626
8132764
8132781
8132784
8132914
8132928
8132979
8133011
8133027
8133063
8133111
8133118
8133137
8133578
8133756
8133882
8133890
8133901
8134045
8134236
8134252
8134256
8134309
8134423
8134690
8134758
8134761
8134814
8134887
8134889
8135169
8135261
8135271
8135282
8135296
8135355
8135359
8135394
8135710
8135763
8135848
8135857
8135880
8135883
8135896
8135930
8136269
8136313
8136398
8136461
8136640
8136875
8136956
8136963
8137436
8137831
8138194
8138237
8138272
8138278
8138380
8138405
8138549
8138575
8138581
8138695
8138726
8139000
8139229
8139245
8139321
8139337
8139587
8139592
8139637
8139677
8139818
8139977
8140010
8140098
8140154
8140305
8140330
8140371
8140849
8140863
8140932
8141161
8141194
8141196
8141370
8141473
8141529
8141556
8141577
8141626
8141633
8141887
8141893
8141913
8142071
8142088
8142183
8142415
8142513
8142557
8142693
8142803
8142878
8142968
8145077
8145110
8145533
8145626
8145830
8145887
8145948
8145977
8146003
8146155
8146173
8146185
8146194
8146235
8146313
8146316
8146334
8146443
8146508
8146610
8146733
8146830
8146854
8146886
8146893
8146904
8147106
8147178
8147391
8147481
8147775
8147848
8147876
8148430
8148457
8148468
8148475
8148496
8148692
8148719
8148885
8148889
8149012
8149139
8149190
8149253
8149319
8149404
8149406
8149668
8149802
8149855
8149988
8149991
8150138
8150244
8150494
8150589
8150929
8151035
8151059
8151554
8151729
8151766
8151814
8151834
8151939
8152158
8152277
8152606
8152952
8153014
8153029
8153188
8153207
8153282
8153545
8153621
8153643
8153694
8153970
8154051
8154136
8154164
8154246
8154291
8154322
8154356
8154409
8154452
8154695
8154738
8154873
8154916
8154952
8154991
8155572
8155774
8155868
8155940
8155969
8156567
8156623
8156934
8157026
8157066
8157108
8157150
8157208
8157217
8157729
8158052
8158077
8158101
8158148
8158151
8158290
8158407
8158630
8159675
8159723
8159726
8159774
8160056
8160291
8160787
8161054
8161464
8161780
8161842
8161869
8161972
8162395
8162484
8162558
8162563
8162602
8162651
8162689
8162897
8162899
8163009
8163081
8163220
8163380
8163508
8163589
8164189
8164312
8164390
8164581
8164608
8164783
8165129
8165246
8165336
8165560
8165628
8165641
8165661
8165746
8165887
8165975
8166191
8166326
8166332
8166348
8166536
8166778
8166888
8167082
8167115
8167213
8167294
8167382
8167414
8167417
8167580
8167604
8167642
8167659
8167724
8167757
8167761
8167777
8167878
8167958
8168059
8168086
8168107
8168126
8168463
8168563
8168613
8168740
8168751
8168805
8168851
8168988
8169430
8169560
8169653
8169908
8169952
8170301
8170491
8170663
8170753
8170772
8170900
8171020
8171151
8171248
8171582
8171765
8171962
8172170
8172200
8172220
8172304
8172638
8172688
8172702
8172741
8172747
8173038
8173115
8173519
8173564
8173592
8173693
8173889
8173917
8174101
8174152
8174627
8175114
8175199
8175211
8175212
8175239
8175430
8175462
8175467
8175470
8175563
8175611
8176120
8176342
8176355
8176374
8176455
8176464
8176600
8176612
8176621
8176692
8176916
8176946
8176978
8177234
8177285
8177318
8177550
8177654
8177730
8177852
8177925
8177954
8178084
8178131
8178155
8178225
8178417
8178576
8178596
8178822
8178843
8179246
8179314
8179565
8180054
8180175
8180336
8180397
8180560
8180712
8180822
8180899
8180963
8181128
8181568
8181785
8181901
8181948
8182665
8182891
8183025
8183138
8183219
8183775
8183895
8184006
8184048
8184232
8184278
8184360
8184721
8184889
8184948
8185000
8185065
8185178
8185212
8185744
8185880
8185911
8185926
8186318
8186490
8186630
8186807
8187106
8187184
8187214
8187602
8188042
8188169
8188917
8189057
8189081
8189327
8189442
8189780
8189789
8189840
8190082
8190406
8190581
8190682
8190715
8190766
8190985
8191086
8191134
8191675
8191718
8191869
8191906
8191963
8191973
8192002
8192100
8192148
8192486
8192535
8192595
8192904
8192905
8192911
8193179
8193307
8193376
8193403
8193515
8193518
8193655
8193703
8194122
8194187
8194191
8194286
8194361
8194591
8194972
8195112
8195165
8195177
8195301
8195375
8195394
8195527
8195725
8195895
8196131
8196395
8196400
8196504
8196628
8196769
8196895
8196898
8196960
8197067
8197503
8197561
8197650
8197690
8197740
8197893
8198614
8198838
8199203
8199339
8199426
8199447
8199537
8199609
8199621
8199816
8200285
8200374
8200726
8201093
8201160
8201220
8201326
8201938
8202225
8202231
8202620
8203073
8203572
8203949
8203964
8204052
8204257
8204323
8204514
8204561
8204571
8204724
8204764
8205360
8205866
8206589
8206779
8206949
8207167
8207213
8207385
8207427
8207486
8207613
8207619
8207664
8208040
8208498
8208749
8209340
8209505
8209536
8209734
8209848
8210107
8210126
8210233
8210826
8210855
8211262
8211326
8211360
8211539
8211783
8211819
8211846
8212267
8212582
8212675
8212897
8213507
8213626
8213631
8213958
8214456
8214498
8214625
8214787
8214935
8214967
8215639
8215905
8216165
8216548
8216591
8216603
8216998
8217061
8217862
8217925
8217934
8218341
8218410
8219321
8219342
8219592
8219754
8219909
8219972
8219983
8220434
8220460
8220500
8220732
8221013
8221126
8221157
8221191
8221266
8221294
8221365
8221434
8221932
8221993
8222434
8222528
8222559
8223418
8223424
8223527
8223647
8223742
8223796
8223867
8223885
8223941
8224228
8224553
8224617
8224624
8224701
8225769
8227218
8227224
8227237
8227480
8227625
8227912
8227913
8229204
8229457
8229473
8229937
8229942
8230503
8230524
8230531
8230696
8230731
8230746
8230978
8231045
8231143
8231261
8231325
8231828
8231838
8231857
8231884
8231965
8232658
8233133
8233229
8233383
8233554
8233565
8233642
8233812
8234010
8234065
8234206
8234394
8234578
8234990
8235294
8235354
8235666
8235678
8236499
8236694
8236709
8236952
8237088
8237131
8237263
8237542
8237828
8238532
8238738
8239051
8239752
8239765
8239917
8239935
8240023
8240068
8240108
8240363
8240438
8240599
8240652
8240801
8240935
8240968
8241305
8241460
8241525
8241879
8241949
8242233
8242280
8242514
8242767
8242876
8243047
8243056
8243326
8243364
8243890
8244406
8244725
8244783
8245036
8245139
8245614
8245639
8245643
8245729
8245820
8245827
8245858
8245866
8245935
8246199
8246220
8246578
8246683
8246820
8246877
8247476
8247700
8248011
8248220
8248441
8248475
8248869
8249115
8249795
8250350
8250623
8250871
8251370
8251431
8251522
8251984
8252698
8252997
8253049
8253050
8253115
8253130
8253306
8253600
8253642
8253693
8253977
8254083
8254100
8254270
8254332
8254437
8254608
8255051
8255544
8255547
8256282
8257224
8257311
8257334
8257779
8257846
8257921
8257981
8258027
8258054
8258057
8258218
8258250
8258539
8258575
8258713
8258823
8258955
8259162
8259486
8260182
8260207
8260316
8260709
8260786
8261037
8261243
8261635
8261646
8261680
8261733
8261811
8262214
8262291
8262357
8262394
8262537
8262583
8262596
8263044
8263232
8263691
8263788
8263824
8264368
8264395
8264472
8264478
8264767
8264815
8264821
8265059
8265228
8265237
8265434
8265609
8265821
8265865
8265867
8265952
8266191
8266250
8266258
8266438
8266450
8266823
8267046
8267226
8267237
8267515
8267667
8267720
8268819
8268903
8269162
8269196
8269344
8269359
8269436
8269521
8269723
8269788
8269858
8270432
8270496
8271541
8271593
8271636
8271647
8271657
8271677
8271688
8271868
8271893
8272177
8272234
8272311
8272355
8272361
8272509
8272556
8272662
8272709
8272797
8272868
8272876
8272907
8273025
8273284
8273312
8273630
8273766
8274015
8274214
8274246
8274499
8274796
8274965
8275094
8275148
8275442
8275903
8276052
8276529
8276932
8277080
8277575
8277803
8278010
8278051
8279510
8280430
8280460
8280601
8280644
8280896
8281038
8281070
8281316
8281640
8281666
8284220
8285340
8285662
8286173
8286351
8286394
8286469
8286773
8287262
8287281
8287538
8287601
8288268
8288441
8288489
8288868
8289505
8289824
8289832
8290071
8290231
8290268
8290324
8290486
8290488
8291089
8291626
8291652
8291695
8291975
8293033
8293200
8293284
8293921
8294150
8294218
8294246
8294641
8294915
8295109
8295231
8295428
8295692
8295701
8296079
8296247
8296531
8297067
8297280
8297350
8297368
8297594
8297979
8298060
8298836
8299000
8299101
8299269
8299549
8299550
8300668
8300718
8301486
8301541
8301827
8301830
8302037
8302041
8302070
8302196
8302293
8302323
8302337
8302408
8302623
8302995
8303704
8303905
8303980
8304070
8304258
8304425
8304458
8304940
8305102
8305210
8305709
8305822
8305900
8306195
8306421
8306573
8306854
8306944
8306997
8307687
8307735
8308304
8308575
8308701
8308869
8309149
8309179
8309284
8309289
8309297
8309483
8309552
8309656
8309960
8310725
8311140
8311206
8311424
8311493
8311635
8311653
8311668
8311674
8311822
8311846
8311847
8311849
8311911
8311957
8312456
8312649
8312672
8312674
8312771
8313312
8313758
8313833
8313898
8313974
8314365
8314382
8314408
8314630
8314731
8314812
8314992
8315337
8315840
8316458
8316705
8316843
8316860
8317317
8317407
8317453
8318568
8318596
8318601
8318612
8318735
8318845
8318872
8319416
8319698
8319938
8319985
8320179
8320198
8320585
8320805
8320848
8321099
8321872
8322247
8322434
8322607
8323312
8323645
8323845
8323892
8323924
8323938
8323984
8324215
8325837
8326010
8326239
8326284
8326867
8326877
8326911
8327020
8327311
8327856
8327872
8327910
8328200
8328245
8328276
8328844
8329027
8329152
8329656
8330153
8330737
8332583
8333284
8333374
8333421
8333530
8333642
8334007
8334268
8334272
8334422
8334779
8334843
8335234
8335536
8335707
8335913
8335985
8336063
8336146
8336563
8336606
8336686
8336827
8336895
8337106
8337410
8337423
8337447
8337479
8337491
8337634
8338188
8338296
8338352
8338368
8338675
8338720
8338768
8338991
8339010
8339059
8339118
8339172
8339318
8339365
8339402
8339515
8339768
8339769
8339921
8339931
8340210
8342166
8342315
8342319
8342450
8342695
8342944
8343213
8343223
8343265
8343706
8344543
8344748
8344761
8344796
8344834
8344865
8344883
8344912
8344951
8344952
8344955
8345016
8345067
8345320
8345340
8345489
8345507
8345550
8345712
8345738
8345767
8345848
8345898
8346154
8346414
8346444
8346459
8346492
8346563
8346613
8346639
8346803
8346816
8346856
8346864
8346870
8346890
8346917
8346938
8347020
8347248
8347250
8347341
8347609
8347740
8347744
8347937
8347999
8348028
8348147
8348165
8348285
8348355
8348361
8348546
8348594
8348630
8348643
8348645
8348676
8348718
8348768
8348806
8348816
8348821
8348854
8349167
8349739
8349810
8349838
8349862
8349908
8349925
8349978
8350073
8350076
8350104
8350107
8350115
8350158
8350177
8350239
8350273
8350304
8350318
8350336
8350375
8350378
8350403
8350420
8350423
8350510
8350547
8350745
8350794
8350849
8350950
8351011
8351017
8351059
8351061
8351112
8351222
8351272
8351411
8351438
8351580
8351587
8351649
8351670
8351868
8351984
8352009
8352133
8352169
8352186
8352227
8352379
8352394
8352517
8352521
8352642
8352695
8352929
8353123
8353150
8353448
8353764
8353888
8353938
8353954
8353994
8353996
8354113
8354170
8354196
8354371
8354574
8354697
8354698
8354720
8354722
8355270
8355384
8355473
8355490
8355561
8355697
8355734
8355751
8355790
8355808
8355852
8355873
8355907
8356013
8356395
8356522
8356532
8356616
8356618
8356756
8356770
8357130
8357192
8357280
8357286
8357313
8357355
8357374
8357416
8357426
8357527
8357696
8357715
8357739
8357823
8357966
8357986
8358016
8358030
8358139
8358208
8358210
8358232
8358337
8358345
8358411
8358467
8358483
8358511
8358654
8358700
8358737
8358744
8358780
8358871
8358880
8359340
8359350
8359364
8359393
8359415
8359426
8359526
8359552
8359564
8359665
8359756
8359842
8360164
8360176
8360707
8360742
8360906
8360953
8360982
8361006
8361060
8361085
8361091
8361162
8361686
8361896
8361904
8361915
8362009
8362062
8362458
8362832
8362894
8362940
8362966
8363069
8363125
8363497
8363651
8363746
8363788
8363876
8364026
8364181
8364185
8364224
8364236
8364239
8364251
8365533
8365726
8365780
8365797
8366123
8366133
8366150
8366339
8366362
8366577
8366736
8367035
8367130
8367169
8367234
8367318
8367422
8367448
8367849
8368076
8368085
8368087
8368121
8368362
8368364
8368490
8368539
8368709
8368750
8368859
8368867
8369305
8369395
8369442
8369619
8369639
8369716
8370079
8370124
8370588
8370589
8370778
8370876
8370891
8370970
8371005
8371078
8371535
8371771
8372073
8372123
8372244
8372407
8372408
8372426
8372444
8372545
8373104
8373157
8373359
8373523
8373614
8373637
8373747
8373779
8374058
8374246
8374614
8374706
8374743
8374806
8375021
8375081
8375344
8376270
8376556
8376614
8376726
8376911
8378131
8378245
8378279
8378392
8378560
8378695
8378791
8379370
8379633
8379634
8379753
8380066
8380381
8380406
8380451
8380627
8380825
8380924
8381017
8381127
8381463
8381588
8381764
8381896
8382186
8382337
8382523
8382622
8382781
8382822
8383405
8384000
8384204
8385452
8385512
8385538
8385555
8386033
8386174
8386506
8386568
8386577
8386775
8387196
8387231
8387855
8388086
8388106
8388360
8388790
8388828
8388863
8389125
8389216
8389344
8389416
8389645
8390015
8390240
8390586
8390606
8390609
8390691
8391258
8391629
8391864
8391931
8391989
8392019
8392056
8392120
8392195
8392388
8392461
8392954
8392955
8393226
8393579
8393677
8394155
8394311
8394333
8394790
8394793
8394821
8395255
8395447
8395560
8395731
8396419
8396669
8396709
8396819
8396865
8396874
8396891
8396909
8397050
8397160
8397194
8397251
8397289
8397293
8397382
8397415
8397479
8397526
8397529
8397812
8398035
8398048
8398382
8398415
8398529
8398630
8398682
8398774
8399096
8399102
8399242
8399301
8399632
8399889
8399930
8400029
8400083
8400146
8400161
8400229
8400267
8400539
8400701
8401452
8401555
8401561
8401715
8402022
8402404
8402629
8402680
8402922
8402948
8402986
8403278
8403499
8403753
8403763
8403768
8403796
8403801
8403858
8403879
8404115
8404779
8404944
8405120
8405243
8405279
8405316
8405351
8405465
8405471
8405695
8405790
8405952
8406371
8406448
8407636
8407679
8407921
8407952
8408072
8408422
8408505
8408620
8408627
8408722
8408777
8409140
8409286
8409316
8409342
8409395
8409515
8409542
8409678
8409773
8409858
8409893
8410042
8410464
8411063
8411132
8411156
8411157
8411183
8411194
8411275
8411485
8412262
8412587
8412882
8413367
8413809
8413940
8414081
8414099
8414106
8414121
8415009
8415015
8415114
8415233
8415692
8416314
8416866
8416917
8417264
8418416
8418458
8418527
8418833
8418992
8419130
8419249
8419287
8419606
8419860
8420351
8420642
8420737
8420969
8420982
8421078
8421122
8421240
8421278
8421283
8421675
8422475
8422882
8423140
8423249
8423262
8423294
8423337
8425712
8426541
8427191
8427210
8427342
8427504
8427695
8428138
8428243
8428498
8429330
8429708
8429845
8430807
8430865
8431070
8432324
8432850
8432942
8432993
8433020
8433280
8433383
8433423
8433488
8433657
8434071
8434311
8434524
8434555
8434578
8434910
8435131
8435148
8435162
8435288
8435439
8435467
8437774
8438817
8438826
8438846
8438883
8439329
8439648
8439655
8439681
8440442
8440674
8441093
8441161
8441283
8441436
8441511
8441795
8441899
8441982
8442206
8442598
8442833
8442982
8444396
8444462
8444636
8444697
8444721
8444848
8445388
8446027
8446883
8446895
8447385
8447817
8447896
8447930
8447933
8448028
8448033
8448036
8448158
8448225
8448240
8448801
8448840
8449207
8449421
8449871
8450445
8450474
8450480
8450586
8451064
8451784
8451912
8452091
8452636
8452936
8453097
8453194
8453204
8453375
8454583
8455005
8455255
8455435
8456094
8456288
8456521
8456535
8456732
8456905
8456974
8457318
8457591
8458123
8458197
8458350
8458382
8458542
8458592
8458782
8458922
8459065
8459399
8459618
8459676
8460012
8460204
8460564
8460825
8460924
8460967
8461279
8461428
8461488
8461906
8462168
8462275
8462388
8462421
8462772
8462815
8462858
8465964
8466280
8466428
8466797
8467052
8467194
8467783
8468275
8468771
8469358
8469468
8469940
8470065
8470068
8470344
8471133
8471148
8471157
8471592
8471656
8471703
8471769
8472051
8472108
8472126
8472280
8472615
8472696
8472855
8473001
8473235
8473631
8473874
8474287
8474346
8474574
8475044
8475153
8475398
8475565
8475572
8475787
8475817
8476119
8476135
8476216
8476317
8476375
8476392
8476508
8476862
8477271
8477368
8477466
8477509
8477987
8478046
8478220
8478376
8479681
8479976
8480057
8480858
8481095
8481226
8481269
8481463
8481560
8482072
8482109
8483278
8483472
8483604
8484421
8484442
8484537
8484540
8484615
8484638
8484963
8485263
8485345
8485434
8485451
8485530
8485684
8485784
8485811
8485852
8485869
8486226
8486288
8486472
8486916
8487115
8487118
8487274
8487819
8488610
8488792
8488861
8489380
8489381
8489511
8489655
8489656
8489965
8490127
8490543
8491110
8491118
8491208
8491575
8491777
8492132
8492185
8492324
8493118
8493801
8494102
8494667
8494944
8495124
8496114
8496415
8496872
8497137
8497206
8500735
8500872
8500918
8500954
8501243
8501678
8501841
8502545
8502609
8502763
8503078
8503563
8503569
8503899
8504426
8504519
8504615
8504875
8505334
8505529
8505592
8506705
8507124
8508401
8508831
8509085
8509218
8509288
8509544
8509687
8509849
8509872
8509907
8510708
8511020
8511688
8511970
8512055
8512712
8513606
8515194
8515426
8516192
8516227
8516334
8517029
8517191
8517208
8517247
8517359
8517560
8517595
8517612
8517638
8517759
8518077
8518181
8518346
8519962
8520569
8520663
8520850
8521105
8521153
8521845
8522759
8522883
8523464
8523729
8524344
8524515
8525028
8525072
8525488
8525686
8526430
8526506
8526518
8526879
8527206
8527580
8528028
8528040
8528148
8528287
8528334
8528371
8528488
8528899
8528927
8528964
8529157
8529188
8529401
8535428
8535520
8535676
8535734
8535987
8535989
8536186
8536198
8536361
8536392
8536424
8537377
8537833
8537872
8538176
8539451
8539528
8539534
8539706
8539720
8539730
8540584
8540610
8540843
8541035
8541140
8541650
8541671
8544476
8545237
8545798
8546397
8548387
8548489
8548570
8548642
8548706
8549277
8549553
8549829
8550758
8551158
8551369
8551518
8551695
8551863
8551898
8552543
8552743
8552759
8552922
8553126
8553865
8554370
8554847
8555968
8555970
8556757
8557033
8557287
8557674
8558712
8558788
8559259
8559295
8559574
8559960
8560308
8560309
8562471
8562801
8563250
8563806
8564151
8564495
8564757
8566639
8566892
8567446
8567566
8568028
8568584
8568591
8568652
8568697
8568757
8568766
8568926
8568959
8569019
8569054
8569132
8569407
8569804
8570082
8570259
8570522
8570569
8570572
8570754
8570765
8570837
8570944
8570948
8571173
8571175
8571178
8571181
8571397
8571491
8571681
8571722
8571795
8571846
8571851
8571899
8571927
8571959
8571978
8572072
8572074
8572126
8572234
8572276
8572322
8572565
8572628
8572736
8572914
8573420
8574129
8574605
8574741
8575570
8575975
8576037
8576039
8576115
8576268
8576582
8576733
8577234
8577299
8577371
8577554
8577901
8578056
8578163
8578333
8578736
8579125
8579139
8579149
8579201
8579236
8579257
8579259
8579299
8579372
8579567
8579993
8580088
8580207
8580233
8580261
8580742
8580971
8581605
8581623
8581626
8581917
8581999
8582140
8582152
8582327
8585311
8585410
8585421
8587719
8588349
8588622
8589031
8589093
8589985
8589998
8590096
8590116
8590739
8592173
8592369
8592493
8593226
8593346
8593702
8593790
8593831
8593875
8593924
8593932
8594091
8594410
8594460
8594474
8594475
8594526
8595203
8595208
8595231
8595250
8595612
8595657
8595727
8595858
8596125
8596175
8596476
8596632
8596649
8596735
8597492
8597682
8598597
8598857
8599291
8599532
8599663
8600086
8600194
8600771
8600795
8600989
8601022
8601036
8601054
8601059
8601076
8601147
8601318
8601470
8601502
8601553
8601605
8601625
8601679
8601810
8602030
8602278
8602430
8602734
8602820
8602822
8603246
8603523
8604137
8604248
8604365
8604725
8605059
8605252
8605296
8605565
8605673
8606193
8606247
8606411
8606467
8606633
8606870
8606960
8606965
8607516
8607575
8607612
8607654
8607663
8607701
8607719
8607726
8607766
8607785
8607824
8608036
8608269
8608454
8608809
8609213
8609751
8610037
8610121
8610214
8610246
8610362
8610401
8610464
8610517
8610524
8611260
8611579
8611694
8611929
8612220
8612632
8612712
8613351
8613728
8613842
8614026
8615262
8615291
8615480
8615550
8616672
8617262
8618220
8618238
8618418
8618761
8619255
8619960
8620501
8621227
8621354
8621817
8621823
8621838
8621976
8622089
8622096
8623534
8623537
8623541
8623544
8623553
8623577
8623599
8623626
8623627
8623642
8623673
8623686
8623733
8623751
8623752
8623815
8623828
8623835
8623862
8623868
8623885
8623891
8623902
8623903
8623909
8623930
8623931
8623935
8623937
8623979
8623986
8624081
8624088
8624089
8624102
8624110
8624113
8624120
8624153
8624161
8624178
8624206
8624211
8624225
8624226
8624305
8624332
8624367
8624368
8624383
8624387
8624413
8624430
8624463
8626710
8627360
8627637
8627735
8627887
8628266
8628317
8628434
8628455
8629164
8629175
8629209
8629271
8629303
8629318
8629319
8629347
8629363
8629369
8629372
8629410
8629437
8629444
8629452
8629453
8629475
8629484
8629508
8629531
8629561
8629602
8630029
8631740
8631759
8631776
8632269
8632385
8632461
8632466
8632509
8632782
8633105
8633142
8633314
8633492
8633514
8633529
8633531
8633538
8633562
8633595
8633611
8633619
8633620
8633660
8633661
8633673
8633680
8633689
8633757
8634158
8634270
8634982
8635391
8635392
8635396
8635402
8635410
8635416
8635443
8635781
8635808
8636165
8636539
8637473
8637516
8637519
8637529
8637544
8637546
8637690
8637696
8637733
8637758
8637783
8637790
8637827
8637859
8637904
8637953
8638374
8638651
8638813
8639257
8639265
8639345
8639768
8639910
8640332
8640395
8640397
8641159
8641243
8641325
8641386
8641728
8641789
8641913
8642209
8642232
8642247
8642250
8642272
8642296
8642299
8642300
8642302
8642330
8642358
8642376
8642396
8642399
8642407
8642410
8642482
8642484
8642485
8642512
8642551
8642561
8642613
8642617
8642624
8642776
8642856
8643557
8644675
8644688
8644689
8644712
8644718
8644720
8644761
8644785
8644788
8645402
8645593
8645829
8646145
8646366
8646413
8646510
8646588
8646705
8646856
8647010
8647074
8647107
8647136
8647178
8647237
8647240
8647266
8647719
8648398
8648472
8648883
8648884
8648885
8648999
8649005
8649264
8649515
8649519
8649557
8649613
8649619
8649621
8649628
8649656
8649666
8649698
8649701
8649712
8650079
8650175
8650207
8650543
8650728
8650768
8651057
8651178
8651225
8651229
8651537
8652332
8652858
8653428
8654155
8654436
8654757
8655011
8655044
8655045
8655094
8655097
8655143
8655151
8655194
8656035
8656342
8656346
8656356
8656736
8656897
8657030
8657279
8657487
8657862
8657914
8657947
8658217
8658252
8658479
8659126
8659134
8659136
8659450
8659583
8659621
8659666
8659672
8659690
8659716
8660091
8660126
8660179
8660945
8661155
8661863
8661876
8662045
8662046
8662105
8662246
8662325
8662376
8662437
8662852
8663348
8663595
8663620
8663628
8663672
8663682
8664301
8664478
8664494
8664855
8664860
8664926
8665409
8665528
8665580
8665916
8665932
8665934
8665936
8665945
8665957
8665980
8665986
8665987
8668456
8668896
8669002
8669014
8669178
8669435
8669492
8669497
8669500
8670377
8670443
8670608
8670690
8670827
8670866
8670962
8671081
8671082
8672385
8672400
8672414
8672709
8672728
8672730
8672775
8672801
8672935
8673500
8673547
8673750
8673964
8674189
8674199
8674521
8674553
8674583
8674594
8674628
8674652
8674658
8674661
8674701
8675299
8675657
8675660
8675665
8675692
8675982
8677471
8677496
8677500
8677540
8677629
8678283
8678517
8678835
8678853
8678885
8679133
8679521
8679723
8680265
8680269
8680598
8680611
8681230
8681249
8681374
8682065
8682430
8682740
8682764
8682773
8683178
8683209
8683219
8683243
8683276
8683294
8683593
8683823
8683924
8684558
8684598
8684608
8684629
8684650
8685189
8686461
8686478
8686502
8686503
8686535
8686556
8686812
8687129
8687350
8687355
8687696
8687708
8687768
8687861
8688004
8688181
8688465
8688751
8689452
8689757
8689782
8689791
8689991
8690211
8690478
8690892
8690896
8691047
8691094
8691358
8691364
8691368
8691373
8691401
8691404
8691409
8691475
8691610
8691862
8692107
8692357
8692407
8692568
8692652
8693067
8693071
8693072
8693079
8693228
8693319
8693458
8693829
8693922
8694115
8694167
8694183
8694466
8694469
8694484
8694489
8694492
8694493
8694499
8694503
8694504
8694925
8695026
8695027
8695098
8695244
8695409
8695639
8695667
8695727
8695744
8695993
8696376
8696379
8696381
8696594
8696600
8696618
8696619
8696633
8696839
8696893
8697079
8697331
8697578
8698178
8698179
8698180
8698219
8698810
8699344
8699540
8699595
8699643
8699697
8699704
8700000
8700067
8700086
8700358
8700366
8700372
8700382
8700559
8700590
8700622
8700659
8700667
8700702
8700728
8701865
8701866
8701886
8701900
8701905
8702037
8702202
8702598
8702767
8702782
8702789
8702790
8702792
8702798
8703232
8703550
8703875
8704096
8704315
8704535
8704536
8704766
8704882
8705033
8705050
8705093
8705199
8705348
8705363
8705388
8705444
8705470
8705513
8705517
8705522
8705531
8705538
8705540
8705545
8705607
8705891
8705909
8706211
8706501
8706513
8706661
8706671
8706913
8707189
8707774
8707775
8707776
8707785
8707987
8708155
8708204
8708675
8708746
8708782
8708989
8709009
8709034
8709097
8709223
8709243
8709246
8709263
8709277
8709288
8709575
8709673
8709717
8709777
8710075
8710816
8710821
8710826
8711196
8711525
8711680
8711694
8711719
8711759
8712403
8712559
8712622
8712838
8712919
8713027
8713172
8713181
8713194
8713210
8713238
8713250
8713254
8713283
8713316
8713319
8713327
8713390
8713451
8713586
8713669
8714089
8714392
8714676
8714728
8714752
8714810
8714861
8714986
8715331
8715340
8715350
8715358
8715387
8715472
8718193
8718280
8718399
8718409
8718410
8718786
8719102
8719111
8719115
8719141
8719164
8719168
8719183
8719187
8719189
8719194
8719666
8719912
8720285
8720328
8720465
8720467
8720570
8720833
8720876
8720890
8720898
8720910
8720938
8721228
8721641
8721827
8721966
8721998
8722319
8722333
8722338
8722367
8722372
8722375
8722381
8722384
8722392
8722413
8722636
8722729
8722730
8722889
8723148
8723841
8724327
8724355
8724367
8724374
8724379
8724390
8724392
8724397
8724400
8724403
8724417
8724418
8724629
8724687
8724914
8724991
8725005
8725259
8725608
8725610
8725623
8725632
8725646
8725665
8725941
8725993
8726534
8726537
8726543
8726896
8726986
8727102
8727257
8727278
8727295
8727309
8727427
8727922
8728052
8728236
8728470
8728472
8728494
8728535
8728565
8728684
8729877
8730538
8730638
8730844
8730957
8731026
8731027
8731030
8731054
8731069
8731078
8731101
8731272
8733382
8733472
8733923
8733980
8733983
8734291
8734292
8734293
8734318
8734343
8734350
8734351
8736298
8736512
8736609
8737127
8737151
8737152
8737174
8737281
8737612
8737709
8738055
8738385
8738387
8738399
8738416
8738421
8738439
8738464
8738465
8738499
8738561
8738985
8739282
8739795
8740016
8740051
8740709
8740858
8740862
8742017
8742021
8742026
8742070
8743443
8743731
8743735
8743741
8743746
8743916
8743939
8744014
8744278
8744344
8744348
8744349
8744353
8745284
8745945
8745947
8746649
8746661
8746678
8746723
8746724
8746725
8746726
8746727
8746729
8746731
8746732
8746733
8747058
8747067
8747090
8747094
8747102
8747107
8747108
8747131
8747167
8747174
8747192
8747202
8747209
8747211
8747212
8747229
8747247
8747248
8747252
8747351
8747524
8747800
8747957
8747974
8748404
8748698
8748781
8748797
8748810
8748811
8748896
8749485
8750555
8750745
8750758
8750759
8750762
8750768
8750775
8750806
8750819
8750955
8751703
8752069
8752077
8752078
8752094
8752101
8752234
8752330
8752430
8752577
8752682
8752914
8752915
8752928
8752929
8752933
8752944
8753316
8753387
8753578
8753691
8754084
8754179
8754348
8754371
8754944
8755407
8755411
8755427
8755432
8755440
8755729
8755731
8755732
8756136
8756765
8756767
8756792
8757128
8757514
8757788
8757799
8757805
8758446
8759528
8761838
8761984
8761998
8762645
8762779
8762847
8763523
8764135
8764687
8764702
8767157
8768120
8768368
8769037
8769040
8769115
8769116
8769535
8769714
8769742
8769826
8769839
8769846
8769848
8769869
8769874
8769879
8769889
8769893
8769899
8769901
8769915
8769921
8769952
8769961
8769963
8769985
8769991
8769999
8770128
8770207
8770589
8770724
8770732
8771434
8771528
8771749
8771759
8771810
8773903
8773906
8774180
8774295
8774544
8774703
8774713
8775022
8775872
8775874
8777820
8777823
8777824
8777968
8778215
8780188
8780542
8782858
8783554
8784529
8784543
8785248
8785253
8785254
8786095
8786133
8786168
8786949
8791150
8791871
8791873
8792284
8792843
8793992
8794267
8794287
8794750
8794761
8795332
8795934
8795989
8795997
8797218
8797411
8797895
8798028
8798032
8798046
8798047
8798075
8798094
8798101
8798102
8798113
8798115
8798121
8798122
8798131
8798704
8798715
8798780
8798821
8798851
8798864
8798912
8798920
8799047
8799060
8799076
8799143
8799393
8799428
8799785
8799792
8799800
8799802
8799804
8799805
8799812
8799825
8799849
8799865
8799913
8799928
8800016
8800025
8800038
8800041
8800047
8800049
8800050
8800056
8800061
8800065
8800092
8800094
8800119
8800136
8800137
8800138
8800157
8800167
8800169
8800192
8800195
8800216
8800222
8800226
8800240
8800249
8800304
8800314
8800319
8800348
8800350
8800371
8800376
8800385
8800462
8800467
8800483
8800493
8800512
8800524
8800533
8800540
8800542
8800573
8800580
8800581
8800593
8800603
8800642
8800659
8800663
8800665
8800701
8800702
8800715
8800723
8800751
8800762
8800768
8800820
8800821
8800822
8800830
8800840
8800841
8800842
8800849
8800850
8800853
8800854
8800935
8801225
8801527
8802262
8802707
8802709
8802716
8802731
8802732
8802735
8802830
8802866
8802867
8802876
8802887
8802890
8802899
8802920
8802921
8802934
8802944
8802949
8802953
8802966
8802970
8802975
8803006
8803019
8803020
8803024
8803034
8803043
8803044
8803055
8803071
8803084
8803101
8803106
8803115
8803140
8803156
8803164
8803168
8803595
8804781
8804782
8804791
8804793
8804797
8804807
8804816
8805148
8805205
8805241
8805627
8806293
8806294
8806297
8806298
8806302
8806303
8806304
8806313
8806318
8806325
8806347
8806356
8806367
8806369
8806373
8806375
8806390
8806392
8806407
8806422
8806447
8806452
8806453
8806461
8806465
8806476
8806477
8806479
8806480
8806487
8806522
8806526
8806530
8806549
8806566
8806580
8808443
8808446
8808447
8808468
8808476
8808489
8808496
8808499
8808554
8808623
8809169
8809176
8809185
8809188
8809192
8809199
8809205
8809225
8809234
8809238
8809239
8809252
8809256
8809257
8809263
8809270
8809305
8809321
8809330
8809331
8809336
8809339
8809340
8809341
8809348
8809350
8809354
8809365
8809377
8809380
8809381
8809393
8809414
8809420
8809492
8809501
8809573
8811223
8811289
8811339
8811394
8811401
8811405
8811411
8811418
8811419
8811425
8811432
8811438
8811441
8811445
8811473
8811482
8811488
8811491
8811495
8811502
8811505
8811507
8812115
8812206
8812209
8812210
8812213
8812214
8812215
8812237
8812291
8812293
8812300
8812304
8812333
8812337
8812339
8812369
8812372
8812377
8812395
8812398
8812412
8812414
8812416
8812425
8812435
8812449
8812469
8812475
8812483
8812489
8812506
8812789
8813567
8813573
8813574
8813577
8813582
8813583
8813584
8813591
8813596
8813601
8813604
8816145
8816683
8816693
8816702
8816714
8816721
8816725
8816815
8816852
8816902
8816920
8816925
8816932
8816977
8817509
8817674
8817678
8817683
8818974
8818978
8819238
8820774
8821498
8821503
8821511
8821514
8821517
8821543
8821549
8821551
8821552
8821588
8821735
8821771
8821778
8821800
8821803
8821885
8822669
8823550
8823566
8824846
8824859
8824863
8824864
8824866
8824869
8824890
8824898
8824904
8824910
8824992
8824995
8824999
8825032
8825150
8825224
8825240
8825301
8825319
8825342
8825351
8825355
8825361
8825363
8826043
8826127
8826265
8826318
8826320
8826321
8826328
8826333
8826338
8826351
8826354
8826360
8826361
8826367
8826369
8826374
8826376
8826380
8826383
8826389
8826395
8826398
8826403
8826407
8826408
8826409
8826424
8826431
8826436
8826437
8826447
8826448
8826458
8826469
8826470
8826478
8826487
8826493
8826505
8826514
8826516
8826519
8826530
8826535
8826542
8826549
8826561
8826562
8826566
8826579
8826584
8826591
8826598
8826604
8826608
8826615
8826618
8826622
8826629
8826633
8826639
8826641
8826647
8826653
8826662
8826669
8826689
8826691
8826697
8826700
8826708
8826716
8826718
8826726
8826728
8826730
8826731
8826754
8826790
8826805
8826812
8826813
8826819
8826824
8826840
8826843
8826847
8826853
8826856
8828115
8828146
8828154
8828159
8828161
8828162
8828168
8828169
8828176
8828188
8828192
8828193
8828200
8828208
8828384
8828411
8828413
8828956
8828963
8828971
8828972
8828973
8828978
8828979
8828983
8828985
8828989
8828995
8828998
8829658
8829671
8829673
8829675
8829864
8829868
8829891
8831022
8831033
8831037
8831056
8831059
8831063
8831065
8831076
8831077
8831081
8831110
8831112
8831114
8831117
8831122
8831124
8831128
8831144
8831146
8831161
8831164
8831165
8831167
8831178
8831181
8831183
8831185
8831186
8831198
8831301
8831572
8831756
8832249
8832250
8832253
8832258
8832261
8832265
8832269
8832270
8832275
8832283
8832284
8832286
8832499
8832661
8832662
8832663
8832664
8832675
8832676
8833814
8833817
8833818
8833823
8833824
8833849
8833858
8833868
8833870
8833873
8833878
8833893
8833898
8833902
8833905
8834885
8834891
8834905
8834912
8834913
8834920
8834921
8834954
8834957
8834958
8834963
8834978
8835349
8835553
8835556
8835562
8836323
8836335
8836340
8836356
8836359
8836554
8837515
8837516
8837519
8837528
8837535
8837537
8837560
8837562
8837565
8837569
8837576
8837591
8837595
8837604
8837608
8837612
8837624
8837628
8837637
8837647
8837652
8837662
8837667
8837669
8837687
8837691
8837692
8837696
8837703
8837704
8837706
8837830
8837847
8837855
8837859
8837869
8837874
8838284
8838299
8838302
8838308
8838324
8838336
8838368
8838372
8838374
8838376
8838392
8838395
8838398
8838404
8838411
8838413
8838420
8838427
8838430
8838432
8838444
8838450
8838457
8838458
8838467
8838479
8838486
8838488
8838502
8838515
8838517
8838545
8838547
8838555
8838558
8838589
8838599
8838621
8838640
8838643
8838700
8838715
8838718
8838723
8838725
8838756
8838784
8838786
8838798
8838799
8838801
8838811
8838817
8838849
8838894
8838897
8838917
8838920
8838933
8838935
8838937
8838949
8838952
8838962
8838970
8838984
8838991
8839014
8839052
8839067
8839078
8839091
8839098
8839105
8839122
8839141
8839143
8839145
8839152
8839156
8839180
8839189
8839207
8839215
8839220
8839227
8839229
8839257
8839284
8839285
8839292
8839342
8839348
8839356
8839357
8839645
8839681
8839840
8840788
8841042
8841050
8841060
8841065
8841074
8841078
8841079
8841081
8841084
8841459
8841478
8841719
8841908
8841921
8841923
8842093
8842962
8843061
8843128
8843334
8844076
8844592
8844840
8844890
8845313
8845356
8845374
8845471
8846309
8846555
8846675
8846891
8847336
8848482
8848627
8848919
8849221
8849622
8849979
8850013
8850016
8850048
8850049
8850051
8850070
8850074
8850094
8850141
8850196
8850210
8850243
8850248
8850254
8850265
8850272
8850301
8850327
8850339
8850341
8850357
8850375
8850376
8850697
8850873
8851561
8852089
8852120
8852122
8852124
8852127
8852133
8852173
8852755
8852756
8852761
8852762
8852764
8852787
8852795
8852796
8852797
8852811
8852813
8852822
8852826
8852827
8852828
8852836
8852841
8852849
8852854
8852872
8852886
8852887
8852889
8852894
8852900
8852903
8852905
8852916
8852921
8852925
8852935
8852939
8852963
8852984
8852994
8852996
8853016
8853017
8853018
8853019
8853022
8853030
8853073
8853093
8853112
8853118
8853119
8853122
8853123
8853161
8853164
8853186
8853190
8853195
8853198
8853370
8853545
8853546
8854475
8854487
8854492
8854521
8855637
8856128
8856130
8856131
8856134
8856136
8856138
8856145
8856146
8856166
8856192
8856194
8856195
8856203
8856205
8856256
8856257
8856269
8856270
8856271
8856283
8856285
8856286
8856308
8856315
8856326
8856340
8856353
8856360
8856367
8856371
8856408
8856431
8856467
8856477
8856481
8856489
8856505
8856516
8856552
8856572
8856574
8856575
8856612
8856634
8856638
8856686
8856695
8856745
8856753
8856762
8856771
8856777
8856787
8856789
8856797
8856832
8856837
8856842
8856875
8856903
8856947
8856948
8856952
8856966
8857006
8857007
8857008
8857081
8857115
8857117
8857290
8857332
8857338
8858130
8858137
8858139
8858147
8858206
8858311
8858874
8858875
8858976
8859435
8859454
8859484
8859492
8859511
8859516
8860030
8860066
8860854
8860867
8860900
8860966
8860969
8860971
8860972
8860973
8860974
8860975
8860978
8860982
8861231
8861241
8861243
8861247
8861262
8861311
8861324
8861366
8861367
8861393
8861405
8861434
8862417
8862605
8862710
8862714
8862732
8863232
8863235
8865324
8866200
8866202
8866205
8866206
8866209
8866245
8866255
8866269
8866271
8866442
8866650
8866807
8866809
8866844
8867213
8867392
8867406
8867407
8867412
8867414
8867434
8867460
8867461
8867462
8867478
8867480
8867499
8867514
8867517
8867518
8867532
8867533
8867543
8867556
8868007
8868011
8868059
8868552
8868565
8868597
8868598
8868611
8868631
8868632
8868634
8869555
8869598
8869682
8869686
8870024
8870032
8870034
8870048
8870065
8870069
8870074
8870086
8870087
8870490
8871142
8872246
8872268
8872275
8872278
8872286
8872562
8872733
8873989
8874085
8874325
8874730
8875330
8875990
8875992
8875994
8876000
8876002
8876008
8876020
8876022
8876023
8876040
8876045
8876070
8876075
8876080
8876094
8876100
8876159
8876209
8876213
8876502
8877309
8877362
8877399
8877554
8877559
8877888
8878466
8878481
8878516
8878519
8878536
8878538
8878542
8878547
8878576
8878615
8878628
8878851
8878926
8878935
8878943
8879339
8879496
8879510
8879884
8879896
8879911
8879944
8879949
8880894
8880926
8881402
8881404
8881410
8881458
8881481
8881806
8881812
8882440
8882865
8882872
8882887
8882922
8882926
8882936
8883187
8883845
8883870
8884737
8884936
8884953
8884973
8884980
8885274
8885277
8885543
8885780
8886151
8886181
8886187
8886225
8886255
8887070
8887078
8887162
8888022
8888049
8888082
8888628
8888697
8889779
8890114
8890177
8890189
8890190
8890220
8890424
8891855
8893939
8893977
8894605
8895182
8895185
8895694
8895951
8896116
8896172
8896574
8896575
8896578
8897259
8897614
8897628
8897637
8897655
8897715
8897730
8897751
8897770
8897784
8897832
8899593
8899633
8906982
8907005
8907009
8907010
8907012
8907013
8907015
8907441
8907443
8907978
8908005
8908006
8908007
8908008
8911630